ILCE;KAPINO;ENLEM;ACIKLAMA;ILCEID;MAHALLE;MAHALLEID;ADI;BOYLAM;YOL
ÇEŞME;;38.359739740429;3509-024-01;1001;ÜNİVERSİTE;;1 NO LU AFET VE ACİL DURUM TOPLANMA ALANI;26.30963585461;4261/1 Sk.
BAYRAKLI;;38.475945216893;3530-018-08;11;OSMANGAZİ;;1 NO LU AFET VE ACİL DURUM TOPLANMA ALANI;27.185345692106;592/15 Sk.
MENEMEN;;38.628269642504;3522-050-01;17;MUSTAFA KEMAL ATATÜRK;;1 NO LU AFET VE ACİL DURUM TOPLANMA ALANI;26.926994996726;GAZİLER Cd.
MENEMEN;;38.613661641089;3522-010-01;17;AYVACIK;;1 NO LU AFET VE ACİL DURUM TOPLANMA ALANI;27.185946271299;AYVACIK KümeEvleri
KINIK;;39.044441364998;3518-020-01;996;KALEMKÖY;;1 NO LU AFET VE ACİL DURUM TOPLANMA ALANI;27.501204154956;29 EKİM Cd.
BAYRAKLI;;38.471997435581;3530-010-01;11;75. YIL;;1 NO LU AFET VE ACİL DURUM TOPLANMA ALANI;27.154296601551;1609/12 Sk.
BAYRAKLI;;38.46142985901;3530-004-01;11;BAYRAKLI;;1 NO LU AFET VE ACİL DURUM TOPLANMA ALANI;27.168662459436;1898/2 Sk.
BAYRAKLI;;38.46522700509;3530-013-01;11;MANAVKUYU;;1 NO LU AFET VE ACİL DURUM TOPLANMA ALANI;27.194765581365;DUMLUPINAR Cd.
ÇİĞLİ;;38.494252973057;3510-023-01;16;SASALI MERKEZ;;1 NO LU AFET VE ACİL DURUM TOPLANMA ALANI;26.946667796092;39 Sk.
MENEMEN;;38.619454140725;3522-022-01;17;GÖKTEPE;;1 NO LU AFET VE ACİL DURUM TOPLANMA ALANI;27.152504644504;2636 Sk.
KINIK;;39.016924849555;3518-011-01;996;ÇANKÖY;;1 NO LU AFET VE ACİL DURUM TOPLANMA ALANI;27.435947710772;SERİN KUYU KümeEvleri
MENEMEN;;38.649339884481;3522-030-01;17;GÖRECE;;1 NO LU AFET VE ACİL DURUM TOPLANMA ALANI;27.164954005329;910 Sk.
MENDERES;;38.253342172883;3521-006-01;13;BARBAROS;;1 NO LU AFET VE ACİL DURUM TOPLANMA ALANI;27.122861637517;321 Sk.
KINIK;;39.101779432817;3518-014-01;996;DÜNDARLI;;1 NO LU AFET VE ACİL DURUM TOPLANMA ALANI;27.30441267072;YAYAKENT Cd.
MENDERES;;38.249382283723;3521-003-01;13;ALTINTEPE;;1 NO LU AFET VE ACİL DURUM TOPLANMA ALANI;27.140875269327;9504 Sk.
MENDERES;;38.136594626074;3521-013-01;13;ÇİLEME;;1 NO LU AFET VE ACİL DURUM TOPLANMA ALANI;27.194937789239;KARAKUYU YOLU Cd.
MENEMEN;;38.700592487468;3522-033-01;17;HATUNDERE;;1 NO LU AFET VE ACİL DURUM TOPLANMA ALANI;27.043789744744;6107 Sk.
ÇEŞME;;38.318896910846;3509-018-01;1001;MUSALLA;;1 NO LU AFET VE ACİL DURUM TOPLANMA ALANI;26.308273376476;1049 Sk.
MENEMEN;;38.656323431745;3522-036-01;17;İĞNEDERE;;1 NO LU AFET VE ACİL DURUM TOPLANMA ALANI;27.159446104347;İĞNEDERE KümeEvleri
MENEMEN;;38.637053142491;3522-052-01;17;SÜLEYMANLI;;1 NO LU AFET VE ACİL DURUM TOPLANMA ALANI;27.178955088285;920 Sk.
BAYINDIR;;38.191912386161;3504-035-01;7;CUMHURİYET;;1 NO LU AFET VE ACİL DURUM TOPLANMA ALANI;27.552198094748;KAZIM DİRİK Cd.
BAYINDIR;;38.24506889888;3504-002-01;7;ALANKÖY;;1 NO LU AFET VE ACİL DURUM TOPLANMA ALANI;27.779270012113;TERS DERE Sk.
MENDERES;;38.052700154702;3521-041-01;13;ORTA;;1 NO LU AFET VE ACİL DURUM TOPLANMA ALANI;27.052288047645;1150/1 Sk.
KINIK;;39.032391422406;3518-036-01;996;YAYLAKÖY;;1 NO LU AFET VE ACİL DURUM TOPLANMA ALANI;27.513562393481;UYGAR Sk.
BAYINDIR;;38.20022814358;3504-015-01;7;ÇİFTÇİGEDİĞİ;;1 NO LU AFET VE ACİL DURUM TOPLANMA ALANI;27.50289664516;ÇİFTÇİGEDİĞİ KümeEvleri
MENDERES;;38.242978648396;3521-039-01;13;OĞLANANASI ATATÜRK;;1 NO LU AFET VE ACİL DURUM TOPLANMA ALANI;27.214850232709;İKİNCİ İNÖNÜ ZAFERİ Cd.
GÜZELBAHÇE;;38.333336358164;3514-005-01;1;KÜÇÜKKAYA;;1 NO LU AFET VE ACİL DURUM TOPLANMA ALANI;26.896409095239;ESKİ KÜÇÜKKAYA Sk.
ÇEŞME;;38.31212895716;3509-009-01;1001;ÇAKABEY;;1 NO LU AFET VE ACİL DURUM TOPLANMA ALANI;26.336291603959;2250 Sk.
ÇEŞME;;38.335582829961;3509-025-01;1001;YALI;;1 NO LU AFET VE ACİL DURUM TOPLANMA ALANI;26.43245363473;6267 Sk.
BAYINDIR;;38.198002461252;3504-007-01;7;BURUNCUK;;1 NO LU AFET VE ACİL DURUM TOPLANMA ALANI;27.714511151552;BURUNCUK KümeEvleri
KINIK;;39.07606562283;3518-032-01;996;SUCAHLI;;1 NO LU AFET VE ACİL DURUM TOPLANMA ALANI;27.287010626394;YAYAKENT YOLU Sk.
BAYINDIR;;38.22281423982;3504-024-01;7;BIYIKLAR;;1 NO LU AFET VE ACİL DURUM TOPLANMA ALANI;27.652450471162;DÖNEME Myd.
BEYDAĞ;;38.117150382321;3506-019-01;993;SARIKAYA;;1 NO LU AFET VE ACİL DURUM TOPLANMA ALANI;28.17816636571;UYGAR KümeEvleri
BEYDAĞ;;38.085167281018;3506-004-01;993;ATATÜRK;;1 NO LU AFET VE ACİL DURUM TOPLANMA ALANI;28.216001468743;NAZİLLİ Cd.
MENDERES;;38.292019971734;3521-004-01;13;ATA;;1 NO LU AFET VE ACİL DURUM TOPLANMA ALANI;27.131444598272;5101 Sk.
ÇEŞME;;38.335557433066;3509-001-01;1001;16 EYLÜL;;1 NO LU AFET VE ACİL DURUM TOPLANMA ALANI;26.303370291492;3011 Sk.
BEYDAĞ;;38.063244038052;3506-010-01;993;ÇOMAKLAR;;1 NO LU AFET VE ACİL DURUM TOPLANMA ALANI;28.249963467023;ÇOMAKLAR KümeEvleri
ÇEŞME;;38.376092499599;3509-014-01;1001;ILDIR;;1 NO LU AFET VE ACİL DURUM TOPLANMA ALANI;26.488570455041;37208 Sk.
ÇEŞME;;38.315643513463;3509-004-01;1001;ALTINYUNUS;;1 NO LU AFET VE ACİL DURUM TOPLANMA ALANI;26.342170969985;3436/1 Sk.
ÇEŞME;;38.314380775988;3509-018-11;1001;MUSALLA;;1 NO LU AFET VE ACİL DURUM TOPLANMA ALANI;26.303965778946;1066 Sk.
BAYINDIR;;38.223282022404;3504-008-01;7;CAMİİ;;1 NO LU AFET VE ACİL DURUM TOPLANMA ALANI;27.646525500325;PAMUK PAZARI Sk.
MENEMEN;;38.649641450565;3522-021-01;17;DOĞA;;1 NO LU AFET VE ACİL DURUM TOPLANMA ALANI;27.091704578761;600 Sk.
BEYDAĞ;;38.085000540529;3506-017-01;993;MUTAFLAR;;1 NO LU AFET VE ACİL DURUM TOPLANMA ALANI;28.26228008216;YUKARI KümeEvleri
MENEMEN;;38.614147738286;3522-048-01;17;MERMERLİ;;1 NO LU AFET VE ACİL DURUM TOPLANMA ALANI;27.067334209096;1402 Sk.
MENEMEN;;38.588618736793;3522-035-01;17;IRMAK;;1 NO LU AFET VE ACİL DURUM TOPLANMA ALANI;27.080659401579;CUMHURİYET Cd.
MENDERES;39;38.256627868305;3521-002-01;13;AKÇAKÖY;;1 NO LU AFET VE ACİL DURUM TOPLANMA ALANI;27.101983421993;AKÇAKÖY Sk.
MENEMEN;;38.581999598616;3522-004-01;17;85.YIL CUMHURİYET;;1 NO LU AFET VE ACİL DURUM TOPLANMA ALANI;26.978054697151;4139/1 Sk.
MENEMEN;;38.622346024944;3522-063-01;17;YAYLA;;1 NO LU AFET VE ACİL DURUM TOPLANMA ALANI;27.136695777659;ÇINARLI KUYU Cd.
KINIK;;39.037360121072;3518-028-01;996;MUSACALI;;1 NO LU AFET VE ACİL DURUM TOPLANMA ALANI;27.238886730766;MİMOZA Cd.
MENDERES;;38.184307864149;3521-045-01;13;TEKELİ ATATÜRK;;1 NO LU AFET VE ACİL DURUM TOPLANMA ALANI;27.186097194023;9028/6 Sk.
MENDERES;;38.261109713445;3521-032-01;13;KEMALPAŞA;;1 NO LU AFET VE ACİL DURUM TOPLANMA ALANI;27.130071366066;ATATÜRK Cd.
ÇİĞLİ;;38.49921143988;3510-012-01;16;EVKA-2;;1 NO LU AFET VE ACİL DURUM TOPLANMA ALANI;27.085836192628;6853 Sk.
MENEMEN;;38.636835168336;3522-012-01;17;BELEN;;1 NO LU AFET VE ACİL DURUM TOPLANMA ALANI;27.100409667218;BELEN CUMHURİYET Cd.
BEYDAĞ;;38.078987684302;3506-003-01;993;ALAKEÇİLİ;;1 NO LU AFET VE ACİL DURUM TOPLANMA ALANI;28.189281439624;BAŞAK KümeEvleri
ÇEŞME;;38.288541347399;3509-002-01;1001;ALAÇATI;;1 NO LU AFET VE ACİL DURUM TOPLANMA ALANI;26.383047680696;İNÖNÜ Cd.
KINIK;;39.086353195731;3518-003-01;996;AŞAĞI;;1 NO LU AFET VE ACİL DURUM TOPLANMA ALANI;27.382276850186;CUMHURİYET Cd.
BEYDAĞ;;38.083818240107;3506-007-02;993;CUMHURİYET;;1 NO LU AFET VE ACİL DURUM TOPLANMA ALANI;28.20587349801;ÇAYAĞZI Sk.
BAYINDIR;;38.201240079687;3504-053-01;7;YAKACIK;;1 NO LU AFET VE ACİL DURUM TOPLANMA ALANI;27.701164541168;ŞİRİNKIR Sk.
MENEMEN;;38.614323830695;3522-061-01;17;YAHŞELLİ;;1 NO LU AFET VE ACİL DURUM TOPLANMA ALANI;27.112038365641;6335/1 Sk.
MENDERES;;38.222145666382;3521-047-01;13;YENİKÖY;;1 NO LU AFET VE ACİL DURUM TOPLANMA ALANI;27.056407614052;7969 Sk.
MENEMEN;;38.612571797218;3522-028-01;17;GÖKTEPE;;1 NO LU AFET VE ACİL DURUM TOPLANMA ALANI;27.16311542271;930 Sk.
BEYDAĞ;;38.12373403156;3506-005-01;993;BAKIRKÖY;;1 NO LU AFET VE ACİL DURUM TOPLANMA ALANI;28.253868661315;TUNA KümeEvleri
BEYDAĞ;;38.14381872552;3506-015-01;993;KURUDERE;;1 NO LU AFET VE ACİL DURUM TOPLANMA ALANI;28.245328520655;DOĞA KümeEvleri
MENDERES;;38.021164296206;3521-014-01;13;ÇUKURALTI;;1 NO LU AFET VE ACİL DURUM TOPLANMA ALANI;27.096442400712;MUSTAFA KEMAL PAŞA Blv.
MENEMEN;;38.685186594082;3522-065-01;17;YILDIRIM;;1 NO LU AFET VE ACİL DURUM TOPLANMA ALANI;27.034978758282;22 Sk.
MENEMEN;;38.638018908547;3522-034-01;17;HAYKIRAN;;1 NO LU AFET VE ACİL DURUM TOPLANMA ALANI;27.110088368672;800 Sk.
BAYINDIR;;38.200430568704;3504-019-01;7;ELİFLİ;;1 NO LU AFET VE ACİL DURUM TOPLANMA ALANI;27.579800556014;ELİFLİ KümeEvleri
MENEMEN;;38.580299254124;3522-037-01;17;İNCİRLİ PINAR;;1 NO LU AFET VE ACİL DURUM TOPLANMA ALANI;27.083695661461;117/1 Sk.
GÜZELBAHÇE;;38.316275503681;3514-008-01;1;PAYAMLI;;1 NO LU AFET VE ACİL DURUM TOPLANMA ALANI;26.923370554625;GAZİ Cd.
BAYINDIR;;38.268792707046;3504-029-01;7;HİSARLIK;;1 NO LU AFET VE ACİL DURUM TOPLANMA ALANI;27.652756170394;HİSARLIK B KümeEvleri
MENDERES;;38.215031656917;3521-007-01;13;BULGURCA;;1 NO LU AFET VE ACİL DURUM TOPLANMA ALANI;27.229141016639;ATAM Blv.
ÇEŞME;;38.327604295084;3509-021-01;1001;SAKARYA;;1 NO LU AFET VE ACİL DURUM TOPLANMA ALANI;26.310531768688;3104 Sk.
ÇEŞME;;38.326392312304;3509-016-01;1001;İSMET İNÖNÜ;;1 NO LU AFET VE ACİL DURUM TOPLANMA ALANI;26.312130359531;2051 Sk.
BAYINDIR;;38.242776928502;3504-011-01;7;ÇENİKLER;;1 NO LU AFET VE ACİL DURUM TOPLANMA ALANI;27.732320862354;HAŞMET ÖZBEY Sk.
MENEMEN;;38.561384959087;3522-026-01;17;GAZİ;;1 NO LU AFET VE ACİL DURUM TOPLANMA ALANI;27.061221575916;7751 Sk.
BAYINDIR;;38.225517702758;3504-052-01;7;TURAN;;1 NO LU AFET VE ACİL DURUM TOPLANMA ALANI;27.678934466582;BAŞÖĞRETMEN ATATÜRK Sk.
MENDERES;;38.031339893178;3521-023-01;13;GÖLOVA;;1 NO LU AFET VE ACİL DURUM TOPLANMA ALANI;27.242316261917;GÖLOVA Sk.
MENDERES;;38.091417108512;3521-005-01;13;ATAKÖY;;1 NO LU AFET VE ACİL DURUM TOPLANMA ALANI;27.16712886157;5603 Sk.
MENEMEN;;38.620376287234;3522-017-01;17;ÇALTI;;1 NO LU AFET VE ACİL DURUM TOPLANMA ALANI;27.22777778536;ÇALTI KümeEvleri
MENEMEN;;38.59289341074;3522-023-01;17;KAZIMPAŞA;;1 NO LU AFET VE ACİL DURUM TOPLANMA ALANI;27.07163112333;1212 Sk.
BAYINDIR;;38.248203141013;3504-010-01;7;ÇAMLIBEL;;1 NO LU AFET VE ACİL DURUM TOPLANMA ALANI;27.5840061641;ÇAMLIBEL KümeEvleri
MENDERES;40;38.255667478755;3521-034-03;13;KEMALPAŞA;;1 NO LU AFET VE ACİL DURUM TOPLANMA ALANI;27.135972205368;İNÖNÜ Cd.
KINIK;;39.123654385337;3518-017-01;996;HAMZAHOCALI;;1 NO LU AFET VE ACİL DURUM TOPLANMA ALANI;27.462954565057;KANAL Sk.
BAYINDIR;;38.225214181271;3504-050-01;7;SÖĞÜTÖREN;;1 NO LU AFET VE ACİL DURUM TOPLANMA ALANI;27.574296651974;KÖY İÇİ KümeEvleri
BAYINDIR;;38.283346794957;3504-049-01;7;SARIYURT;;1 NO LU AFET VE ACİL DURUM TOPLANMA ALANI;27.713180651943;SARIYURT KümeEvleri
BAYRAKLI;;38.490256038933;3530-012-01;11;KÖRFEZ;;1 NO LU AFET VE ACİL DURUM TOPLANMA ALANI;27.132495684098;7382/1 Sk.
MENDERES;37-39;38.259492184743;3521-011-01;13;ÇATALCA;;1 NO LU AFET VE ACİL DURUM TOPLANMA ALANI;27.069797070818;7419 Sk.
KINIK;;39.087527381396;3518-037-01;996;YENİ;;1 NO LU AFET VE ACİL DURUM TOPLANMA ALANI;27.37972876189;ŞEHİT HALİL BALYA Cd.
MENEMEN;;38.606323946219;3522-041-01;17;KARAORMAN;;1 NO LU AFET VE ACİL DURUM TOPLANMA ALANI;27.231527518734;KARAORMAN KümeEvleri
BEYDAĞ;;38.073042039212;3506-018-01;993;PALAMUTÇUK;;1 NO LU AFET VE ACİL DURUM TOPLANMA ALANI;28.275798367742;ÇAĞLAR KümeEvleri
MENDERES;93;38.14361519735;3521-043-01;13;SANCAKLI;;1 NO LU AFET VE ACİL DURUM TOPLANMA ALANI;27.169617852489;AŞAĞI SANCAKLI Cd.
BEYDAĞ;;38.129675622295;3506-014-01;993;KARAOBA;;1 NO LU AFET VE ACİL DURUM TOPLANMA ALANI;28.247130976117;KULLAR KümeEvleri
BAYINDIR;;38.216650524555;3504-048-02;7;SADIKPAŞA;;1 NO LU AFET VE ACİL DURUM TOPLANMA ALANI;27.644387800669;AĞUSTOSLU Sk.
BAYINDIR;;38.205817864637;3504-037-01;7;KIZILCAOVA;;1 NO LU AFET VE ACİL DURUM TOPLANMA ALANI;27.51285831063;KIZILCAOVA ATATÜRK Sk.
BAYINDIR;;38.223149267306;3504-055-01;7;YENİ;;1 NO LU AFET VE ACİL DURUM TOPLANMA ALANI;27.641662679883;ER Myd.
BAYINDIR;;38.229630679859;3504-034-01;7;KARAPINAR;;1 NO LU AFET VE ACİL DURUM TOPLANMA ALANI;27.750044831353;KARAPINAR KümeEvleri
BEYDAĞ;;38.066757921337;3506-022-01;993;YENİYURT;;1 NO LU AFET VE ACİL DURUM TOPLANMA ALANI;28.220266186132;ZAFER
BEYDAĞ;;38.09168825316;3506-021-01;993;YAĞCILAR;;1 NO LU AFET VE ACİL DURUM TOPLANMA ALANI;28.153576027941;YASEMİN KümeEvleri
MENDERES;;37.993944093013;3521-001-01;13;AHMETBEYLİ;;1 NO LU AFET VE ACİL DURUM TOPLANMA ALANI;27.235449902677;4116 Sk.
ÇEŞME;;38.317781708238;3509-020-01;1001;REİSDERE;;1 NO LU AFET VE ACİL DURUM TOPLANMA ALANI;26.415488781065;6002/2 Sk.
MENDERES;;38.264765738496;3521-021-01;13;GAZİPAŞA;;1 NO LU AFET VE ACİL DURUM TOPLANMA ALANI;27.141272208496;19 MAYIS Cd.
MENDERES;2;38.24596139455;3521-018-01;13;DEREKÖY;;1 NO LU AFET VE ACİL DURUM TOPLANMA ALANI;27.113034085513;DEREKÖY Cd.
BEYDAĞ;;38.103035903902;3506-016-01;993;MENDERES;;1 NO LU AFET VE ACİL DURUM TOPLANMA ALANI;28.205331667658;MENDERES KümeEvleri
BAYINDIR;;38.167642522245;3504-057-01;7;YEŞİLOVA;;1 NO LU AFET VE ACİL DURUM TOPLANMA ALANI;27.562033743795;ORTA
BEYDAĞ;;38.063987360222;3506-020-01;993;TABAKLAR;;1 NO LU AFET VE ACİL DURUM TOPLANMA ALANI;28.228162575432;TABAKLAR KümeEvleri
TORBALI;;38.26661075648;3528-047-01;9;SAİPLER;;1 NO LU AFET VE ACİL DURUM TOPLANMA ALANI;27.368995972282;SAİPLER KümeEvleri
KARŞIYAKA;;38.461597814041;3516-006-01;20;BAHRİYE ÜÇOK;;1 NO LU AFET VE ACİL DURUM TOPLANMA ALANI;27.108195039962;GİRNE Blv.
BERGAMA;;39.174163202058;3505-074-01;999;KAPUKAYA;;1 NO LU AFET VE ACİL DURUM TOPLANMA ALANI;27.14485406197;KAPIKAYA KümeEvleri
TİRE;;38.058734948797;3527-035-01;997;EĞRİDERE;;1 NO LU AFET VE ACİL DURUM TOPLANMA ALANI;27.899561401576;ŞEHİT ASTSUBAY TEVFİK TURSUN Sk.
TİRE;;38.067825070386;3527-070-01;997;OSMANCIK;;1 NO LU AFET VE ACİL DURUM TOPLANMA ALANI;27.890368162593;AKASYA Sk.
TİRE;;38.082320962981;3527-033-01;997;DUMLUPINAR;;1 NO LU AFET VE ACİL DURUM TOPLANMA ALANI;27.72628214264;YAVUKLUOĞLU Sk.
TİRE;;38.122843050088;3527-004-01;997;AKKOYUNLU;;1 NO LU AFET VE ACİL DURUM TOPLANMA ALANI;27.655248154993;CAMİLİ KümeEvleri
URLA;;38.3353728342;3529-034-01;18;YENİKENT;;1 NO LU AFET VE ACİL DURUM TOPLANMA ALANI;26.781932985397;KIRMIZI Sk.
KARŞIYAKA;;38.467679800797;3516-025-01;20;YALI;;1 NO LU AFET VE ACİL DURUM TOPLANMA ALANI;27.095309761612;6415/1 Sk.
ÖDEMİŞ;;38.078649755532;3524-006-01;998;BADEMLİ;;1 NO LU AFET VE ACİL DURUM TOPLANMA ALANI;28.05675950169;YENİKAHVE Sk.
TİRE;;37.999611361531;3527-005-01;997;AKMESCİT;;1 NO LU AFET VE ACİL DURUM TOPLANMA ALANI;27.704927967983;KUZYAKA Sk.
KONAK;;38.402279864772;3520-040-01;21;GÜNEŞLİ;;1 NO LU AFET VE ACİL DURUM TOPLANMA ALANI;27.127002696471;520/2 Sk.
BERGAMA;;39.050260006473;3505-045-01;999;EĞRİGÖL;;1 NO LU AFET VE ACİL DURUM TOPLANMA ALANI;27.122238001672;EĞRİGÖL Sk.
KARABAĞLAR;;38.392376878064;3531-031-01;19;GÜLYAKA;;1 NO LU AFET VE ACİL DURUM TOPLANMA ALANI;27.118599394332;SAİM ÇIKRIKÇI Cd.
BUCA;;38.393468009027;3508-010-01;8;ADATEPE;;1 NO LU AFET VE ACİL DURUM TOPLANMA ALANI;27.191729456241;1251 Sk.
TİRE;;38.084463819398;3527-079-01;997;İBNİ MELEK;;1 NO LU AFET VE ACİL DURUM TOPLANMA ALANI;27.721413954463;SELÇUK Cd.
TİRE;;38.124829891201;3527-083-01;997;YEĞENLİ;;1 NO LU AFET VE ACİL DURUM TOPLANMA ALANI;27.925431082211;YEĞENLİ ATATÜRK Myd.
KİRAZ;;38.245979293431;3519-009-01;994;CERİTLER;;1 NO LU AFET VE ACİL DURUM TOPLANMA ALANI;28.203700692405;KOCACERİTLER KümeEvleri
KARABURUN;;38.623317670197;3515-012-01;1000;SAİP;;1 NO LU AFET VE ACİL DURUM TOPLANMA ALANI;26.519624457643;3222 Sk.
KİRAZ;;38.184916113216;3519-046-01;994;TEKBIÇAKLAR;;1 NO LU AFET VE ACİL DURUM TOPLANMA ALANI;28.318498780551;TEKBIÇAKLAR KümeEvleri
KEMALPAŞA;;38.472031241322;3517-011-01;6;ULUCAK CUMHURİYET;;1 NO LU AFET VE ACİL DURUM TOPLANMA ALANI;27.355375448065;77 Sk.
KİRAZ;;38.249113708792;3519-043-01;994;SULUDERE;;1 NO LU AFET VE ACİL DURUM TOPLANMA ALANI;28.233140474205;SULUDERE KümeEvleri
KİRAZ;;38.137270787627;3519-031-01;994;MAVİDERE;;1 NO LU AFET VE ACİL DURUM TOPLANMA ALANI;28.338969369084;MAVİDERE KümeEvleri
KARABAĞLAR;;38.378262088007;3531-033-01;19;LİMONTEPE;;1 NO LU AFET VE ACİL DURUM TOPLANMA ALANI;27.099929995662;9693 Sk.
BERGAMA;;39.349571413404;3505-065-01;999;İKİZLER;;1 NO LU AFET VE ACİL DURUM TOPLANMA ALANI;27.309948297177;İKİZLER KümeEvleri
BERGAMA;;39.217832098676;3505-102-01;999;PAŞAKÖY;;1 NO LU AFET VE ACİL DURUM TOPLANMA ALANI;27.304884538134;PAŞAKÖY KümeEvleri
KİRAZ;;38.19058284265;3519-054-01;994;YENİKÖY;;1 NO LU AFET VE ACİL DURUM TOPLANMA ALANI;28.261550378996;YENİKÖY KümeEvleri
KARABAĞLAR;;38.398702242091;3531-042-01;19;REİS;;1 NO LU AFET VE ACİL DURUM TOPLANMA ALANI;27.117003477226;9165/1 Sk.
KARABAĞLAR;;38.386353713159;3531-013-01;19;BOZYAKA;;1 NO LU AFET VE ACİL DURUM TOPLANMA ALANI;27.123985253326;5714/1 Sk.
KARABAĞLAR;;38.359794238619;3531-014-01;19;CENNETÇEŞME;;1 NO LU AFET VE ACİL DURUM TOPLANMA ALANI;27.088823055001;3994 Sk.
BERGAMA;;39.235185251741;3505-076-01;999;KAPLAN (YUKARIBEY BUCAĞI);;1 NO LU AFET VE ACİL DURUM TOPLANMA ALANI;26.958473506976;KAPLAN (YUKARIBEY BUCAĞI) KümeEvleri
BERGAMA;;38.950874036871;3505-115-01;999;TAVUKÇUKURU;;1 NO LU AFET VE ACİL DURUM TOPLANMA ALANI;27.265574729512;TAVUKÇUKURU MERKEZ KümeEvleri
BERGAMA;;39.191860323364;3505-018-01;999;AZİZİYE;;1 NO LU AFET VE ACİL DURUM TOPLANMA ALANI;27.335418704071;AYASPAŞA Cd.
BERGAMA;;38.953210144661;3505-020-01;999;BALABAN;;1 NO LU AFET VE ACİL DURUM TOPLANMA ALANI;27.201974493788;BALABAN KümeEvleri
ÇİĞLİ;;38.508526759115;3510-018-01;16;İZKENT;;1 NO LU AFET VE ACİL DURUM TOPLANMA ALANI;27.0647112034;8831 Sk.
TİRE;;38.086071478424;3527-032-01;997;İSTİKLAL;;1 NO LU AFET VE ACİL DURUM TOPLANMA ALANI;27.749724526214;KANLIKAVAK Sk.
KİRAZ;;38.240653933035;3519-006-01;994;AYDOĞDU;;1 NO LU AFET VE ACİL DURUM TOPLANMA ALANI;28.25159399666;AYDOĞDU KümeEvleri
ÇİĞLİ;;38.537703377432;3510-008-01;16;CUMHURİYET;;1 NO LU AFET VE ACİL DURUM TOPLANMA ALANI;27.052802204324;MİMAR SİNAN Cd.
URLA;;38.32012953591;3529-020-01;18;NAİPLİ;;1 NO LU AFET VE ACİL DURUM TOPLANMA ALANI;26.769140280773;SARGIN Sk.
KONAK;;38.419749230738;3520-020-01;21;HUZUR;;1 NO LU AFET VE ACİL DURUM TOPLANMA ALANI;27.17086193007;BOĞAZİÇİ Cd.
BERGAMA;;39.091241065363;3505-117-01;999;TEPEKÖY;;1 NO LU AFET VE ACİL DURUM TOPLANMA ALANI;27.106187668492;MERKEZ KümeEvleri
TİRE;;38.085643982932;3527-052-01;997;KARACA ALİ;;1 NO LU AFET VE ACİL DURUM TOPLANMA ALANI;27.756851120499;KARACAALİ Cd.
TİRE;;38.098578606286;3527-087-01;997;YENİOBA;;1 NO LU AFET VE ACİL DURUM TOPLANMA ALANI;27.579024218835;BAYAR Sk.
URLA;;38.322356731962;3529-005-01;18;BARBAROS;;1 NO LU AFET VE ACİL DURUM TOPLANMA ALANI;26.578196117887;BARBAROS Cd.
FOÇA;;38.74510600309;3512-004-01;4;FEVZİ ÇAKMAK;;1 NO LU AFET VE ACİL DURUM TOPLANMA ALANI;26.831703077952;ALİ STAİR Cd.
KEMALPAŞA;;38.338285274171;3517-016-01;6;DEREKÖY;;1 NO LU AFET VE ACİL DURUM TOPLANMA ALANI;27.455475207373;DEREKÖY YOLU KümeEvleri
BUCA;;38.387850656721;3508-041-01;8;EFELER;;1 NO LU AFET VE ACİL DURUM TOPLANMA ALANI;27.161302638475;330 Sk.
KEMALPAŞA;;38.418505470789;3517-035-01;6;ÖRNEKKÖY;;1 NO LU AFET VE ACİL DURUM TOPLANMA ALANI;27.471611167714;1057/1 Sk.
TORBALI;;38.118196360705;3528-035-01;9;KIRBAŞ;;1 NO LU AFET VE ACİL DURUM TOPLANMA ALANI;27.445948399775;86. YIL CUMHURİYET Cd.
KARŞIYAKA;;38.542436414307;3516-026-01;20;YAMANLAR;;1 NO LU AFET VE ACİL DURUM TOPLANMA ALANI;27.132667255915;YAMANLAR KümeEvleri
KEMALPAŞA;;38.321873759944;3517-008-01;6;BAYRAMLI;;1 NO LU AFET VE ACİL DURUM TOPLANMA ALANI;27.537314386816;BAYRAMLI YOLU KümeEvleri
KARŞIYAKA;;38.466335769703;3516-013-01;20;GONCALAR;;1 NO LU AFET VE ACİL DURUM TOPLANMA ALANI;27.10787316842;6038 Sk.
KEMALPAŞA;;38.439449890987;3517-029-01;6;KIZILÜZÜM;;1 NO LU AFET VE ACİL DURUM TOPLANMA ALANI;27.367381009351;KIZILÜZÜM KÖY YOLU KümeEvleri
KONAK;;38.434499849862;3520-100-02;21;EGE;;1 NO LU AFET VE ACİL DURUM TOPLANMA ALANI;27.15504767967;İŞÇİLER Cd.
TİRE;;38.018299449183;3527-081-01;997;ÜZÜMLER;;1 NO LU AFET VE ACİL DURUM TOPLANMA ALANI;27.514060228387;SELVİLİ Sk.
KEMALPAŞA;;38.405508808189;3517-023-01;6;ARMUTLU HÜRRİYET;;1 NO LU AFET VE ACİL DURUM TOPLANMA ALANI;27.536627612127;ALİ FEHMİ Cd.
KARABAĞLAR;;38.38783271552;3531-035-01;19;MALİYECİLER;;1 NO LU AFET VE ACİL DURUM TOPLANMA ALANI;27.093445771522;52/1 Sk.
KARABAĞLAR;;38.394401284307;3531-002-01;19;ADNAN SÜVARİ;;1 NO LU AFET VE ACİL DURUM TOPLANMA ALANI;27.096457866046;108/24 Sk.
URLA;;38.32123956207;3529-032-01;18;YENİ;;1 NO LU AFET VE ACİL DURUM TOPLANMA ALANI;26.765143807451;ARSALI Sk.
BERGAMA;;38.964889901614;3505-060-01;999;HACILAR (İSMAİLLİ BUCAĞI);;1 NO LU AFET VE ACİL DURUM TOPLANMA ALANI;27.240941417362;HACILAR (İSMAİLLİ BUCAĞI) KümeEvleri
ÖDEMİŞ;;38.13787821695;3524-095-01;998;YEŞİLKÖY;;1 NO LU AFET VE ACİL DURUM TOPLANMA ALANI;28.172458623361;YEŞİLKÖY KümeEvleri
TİRE;;37.984422484376;3527-078-01;997;TOPARLAR;;1 NO LU AFET VE ACİL DURUM TOPLANMA ALANI;27.747159158908;YURT Sk.
KİRAZ;;38.230642644825;3519-010-01;994;CEVİZLİ;;1 NO LU AFET VE ACİL DURUM TOPLANMA ALANI;28.458015861307;CEVİZLİ KümeEvleri
KONAK;;38.419513860567;3520-113-01;21;ZEYTİNLİK;;1 NO LU AFET VE ACİL DURUM TOPLANMA ALANI;27.163201579703;1140 Sk.
MENEMEN;;38.604464606859;3522-058-01;17;UĞUR MUMCU;;1 NO LU AFET VE ACİL DURUM TOPLANMA ALANI;27.080900771942;1252 Sk.
KARABAĞLAR;;38.388245851404;3531-041-01;19;REFET BELE;;1 NO LU AFET VE ACİL DURUM TOPLANMA ALANI;27.113245738868;9156 Sk.
KARABAĞLAR;;38.380992353656;3531-011-01;19;BARIŞ;;1 NO LU AFET VE ACİL DURUM TOPLANMA ALANI;27.123580250852;ŞEHİT PİLOT VOLKAN KOÇYİĞİT Blv.
KEMALPAŞA;;38.43985775474;3517-020-01;6;HALİLBEYLİ;;1 NO LU AFET VE ACİL DURUM TOPLANMA ALANI;27.666864254023;MUSTAFA KEMAL ATATÜRK Cd.
ÖDEMİŞ;;38.256190556223;3524-059-01;998;KÖSELER;;1 NO LU AFET VE ACİL DURUM TOPLANMA ALANI;27.887974024438;KÖSELER KümeEvleri
DİKİLİ;;39.076633640987;3511-003-01;995;CUMHURİYET;;1 NO LU AFET VE ACİL DURUM TOPLANMA ALANI;26.890410385254;304 Sk.
KEMALPAŞA;;38.414537946986;3517-037-01;6;SARILAR;;1 NO LU AFET VE ACİL DURUM TOPLANMA ALANI;27.656489560328;SAZ MAH. YOLU KümeEvleri
KARABAĞLAR;;38.381862799788;3531-003-01;19;ALİ FUAT CEBESOY;;1 NO LU AFET VE ACİL DURUM TOPLANMA ALANI;27.110888099732;9125/24 Sk.
ÖDEMİŞ;;38.23515935388;3524-003-01;998;ANAFARTALAR;;1 NO LU AFET VE ACİL DURUM TOPLANMA ALANI;27.97790271712;SAĞLIK Cd.
URLA;;38.323480552908;3529-027-01;18;TORASAN;;1 NO LU AFET VE ACİL DURUM TOPLANMA ALANI;26.709331337618;566 Sk.
KEMALPAŞA;;38.385601425693;3517-049-01;6;YUKARIKIZILCA MERKEZ;;1 NO LU AFET VE ACİL DURUM TOPLANMA ALANI;27.4984680458;YUKARIKIZILCA BELEDİYE Cd.
KİRAZ;;38.255179899329;3519-012-01;994;ÇANAKÇI;;1 NO LU AFET VE ACİL DURUM TOPLANMA ALANI;28.249019067928;ÇANAKÇI KümeEvleri
KARABURUN;;38.542805022542;3515-003-01;1000;EĞLENHOCA;;1 NO LU AFET VE ACİL DURUM TOPLANMA ALANI;26.569062837969;EĞLENHOCA KümeEvleri
URLA;;38.328934601666;3529-024-01;18;RÜSTEM;;1 NO LU AFET VE ACİL DURUM TOPLANMA ALANI;26.761980144146;FENERLİLER Sk.
KİRAZ;;38.257909448982;3519-038-02;994;SAÇLI;;1 NO LU AFET VE ACİL DURUM TOPLANMA ALANI;28.174904617103;TÜTÜZLER KümeEvleri
KEMALPAŞA;;38.409266893879;3517-017-01;6;ÖREN EGEMEN;;1 NO LU AFET VE ACİL DURUM TOPLANMA ALANI;27.59750272001;GAZİ MUSTAFA KEMAL Cd.
KARABAĞLAR;;38.388212173412;3531-020-01;19;ESENTEPE;;1 NO LU AFET VE ACİL DURUM TOPLANMA ALANI;27.075021769196;46/24 Sk.
BERGAMA;;39.018058134881;3505-089-01;999;KURFALLI;;1 NO LU AFET VE ACİL DURUM TOPLANMA ALANI;27.072456499575;İZMİR ÇANAKKALE YOLU Cd.
BAYINDIR;;38.204342700838;3504-059-01;7;ZEYTİNOVA;;1 NO LU AFET VE ACİL DURUM TOPLANMA ALANI;27.728973540752;EĞREK Cd.
BUCA;;38.371870843881;3508-022-01;8;GÖKSU;;1 NO LU AFET VE ACİL DURUM TOPLANMA ALANI;27.143804021164;638 Sk.
TİRE;;38.098121766328;3527-043-01;997;HÜRRİYET;;1 NO LU AFET VE ACİL DURUM TOPLANMA ALANI;27.725186441843;MALTEPE Cd.
KEMALPAŞA;;38.412814590177;3517-026-01;6;BAĞYURDU KAZIMPAŞA;;1 NO LU AFET VE ACİL DURUM TOPLANMA ALANI;27.628326507741;DEVECİ ÖMER Sk.
KİRAZ;;38.21408864728;3519-030-01;994;KİBAR;;1 NO LU AFET VE ACİL DURUM TOPLANMA ALANI;28.413984940138;KİBAR KümeEvleri
KİRAZ;;38.237856167433;3519-019-01;994;GEDİK;;1 NO LU AFET VE ACİL DURUM TOPLANMA ALANI;28.150915083117;MERKEZ KümeEvleri
KİRAZ;;38.208457241553;3519-004-01;994;ARKACILAR;;1 NO LU AFET VE ACİL DURUM TOPLANMA ALANI;28.206146908033;ARKACILAR KümeEvleri
KİRAZ;;38.250124722374;3519-025-01;994;KARABAĞ;;1 NO LU AFET VE ACİL DURUM TOPLANMA ALANI;28.174732967555;SEKİ KümeEvleri
KİRAZ;;38.2346877137;3519-027-01;994;KARABURÇ;;1 NO LU AFET VE ACİL DURUM TOPLANMA ALANI;28.300860588223;KARABURÇ KümeEvleri
KİRAZ;;38.184228841572;3519-042-01;994;SOLAKLAR;;1 NO LU AFET VE ACİL DURUM TOPLANMA ALANI;28.346527734903;SOLAKLAR KümeEvleri
KONAK;;38.415033418077;3520-108-01;21;AKARCALI;;1 NO LU AFET VE ACİL DURUM TOPLANMA ALANI;27.154747306585;1109 Sk.
KİRAZ;;38.217966157171;3519-022-01;994;İĞDELİ;;1 NO LU AFET VE ACİL DURUM TOPLANMA ALANI;28.380167798748;İĞDELİ KümeEvleri
KONAK;;38.439390841242;3520-100-01;21;UMURBEY;;1 NO LU AFET VE ACİL DURUM TOPLANMA ALANI;27.148191979318;LİMAN Cd.
KARABAĞLAR;;38.38706430851;3531-048-01;19;TAHSİN YAZICI;;1 NO LU AFET VE ACİL DURUM TOPLANMA ALANI;27.107095466319;9301 Sk.
BERGAMA;;39.064056232836;3505-113-01;999;SÜLEYMANLI;;1 NO LU AFET VE ACİL DURUM TOPLANMA ALANI;27.065332505798;SÜLEYMANLI KümeEvleri
TİRE;;38.150082140932;3527-056-01;997;KIZILCAHAVLU;;1 NO LU AFET VE ACİL DURUM TOPLANMA ALANI;27.887565146889;KIZILCAHAVLU DEMOKRASİ
KONAK;;38.427717439248;3520-075-01;21;MİMAR SİNAN;;1 NO LU AFET VE ACİL DURUM TOPLANMA ALANI;27.141765458259;MONTRÖ Myd.
BUCA;;38.391071406226;3508-025-01;8;İNKILAP;;1 NO LU AFET VE ACİL DURUM TOPLANMA ALANI;27.148664127274;504 Sk.
BUCA;;38.374461496995;3508-020-01;8;FIRAT;;1 NO LU AFET VE ACİL DURUM TOPLANMA ALANI;27.148202817604;288/32 Sk.
BUCA;;38.368741775294;3508-015-01;8;ÇAMLIPINAR;;1 NO LU AFET VE ACİL DURUM TOPLANMA ALANI;27.163158749954;254 Sk.
BUCA;;38.384486776816;3508-019-01;8;EFELER;;1 NO LU AFET VE ACİL DURUM TOPLANMA ALANI;27.155584203067;303/2 Sk.
ÖDEMİŞ;;38.225787573161;3524-077-01;998;SEKİKÖY;;1 NO LU AFET VE ACİL DURUM TOPLANMA ALANI;27.85325572778;SEKİKÖY KümeEvleri
TİRE;;38.089452341973;3527-049-01;997;İPEKÇİLER;;1 NO LU AFET VE ACİL DURUM TOPLANMA ALANI;27.738926001747;CELAL BAYAR
SELÇUK;;38.012543031486;3526-004-01;10;BARUTÇU;;1 NO LU AFET VE ACİL DURUM TOPLANMA ALANI;27.326773260834;105 Sk.
KARABURUN;;38.564350788377;3515-008-01;1000;KÜÇÜKBAHÇE;;1 NO LU AFET VE ACİL DURUM TOPLANMA ALANI;26.373713121346;KÜÇÜKBAHÇE DENİZGİREN KümeEvleri
KARABAĞLAR;;38.371357715323;3531-017-01;19;DEVRİM;;1 NO LU AFET VE ACİL DURUM TOPLANMA ALANI;27.110770100912;3771/5 Sk.
KARABAĞLAR;;38.39453579901;3531-053-01;19;ÜÇKUYULAR;;1 NO LU AFET VE ACİL DURUM TOPLANMA ALANI;27.072908188277;12/1 Sk.
BERGAMA;;39.301235834935;3505-082-01;999;KIRANLI;;1 NO LU AFET VE ACİL DURUM TOPLANMA ALANI;27.158114616228;KIRANLI KümeEvleri
KİRAZ;;38.121877338018;3519-049-01;994;UMURLU;;1 NO LU AFET VE ACİL DURUM TOPLANMA ALANI;28.4363867712;UMURLU KümeEvleri
URLA;;38.3090103097;3529-014-01;18;İÇMELER;;1 NO LU AFET VE ACİL DURUM TOPLANMA ALANI;26.682251917472;1050 Sk.
URLA;;38.343091364281;3529-016-01;18;KADIOVACIK;;1 NO LU AFET VE ACİL DURUM TOPLANMA ALANI;26.552299482126;KEMAL TUĞRUL Cd.
TİRE;;38.020237344588;3527-017-01;997;BÜYÜKKÖMÜRCÜ;;1 NO LU AFET VE ACİL DURUM TOPLANMA ALANI;27.75934700168;BÜYÜKKÖMÜRCÜ CUMHURİYET KümeEvleri
TİRE;;38.08796525588;3527-023-01;997;ÇOBANKÖY;;1 NO LU AFET VE ACİL DURUM TOPLANMA ALANI;27.890794602093;ÇOBAN MERKEZ KümeEvleri
KARABAĞLAR;;38.390735013603;3531-026-01;19;GÜLYAKA;;1 NO LU AFET VE ACİL DURUM TOPLANMA ALANI;27.122603915173;2992 Sk.
KARŞIYAKA;;38.491717157767;3516-018-01;20;MUSTAFA KEMAL;;1 NO LU AFET VE ACİL DURUM TOPLANMA ALANI;27.091382986119;ŞEHİT PİLOT ÜSTEĞMEN OSMAN ONUR ÖZKAYA Cd.
TORBALI;;38.149808484203;3528-051-01;9;TEPEKÖY;;1 NO LU AFET VE ACİL DURUM TOPLANMA ALANI;27.361598665603;TEPEKÖY ATATÜRK Myd.
TİRE;;38.122347386173;3527-039-01;997;GÖKÇEN;;1 NO LU AFET VE ACİL DURUM TOPLANMA ALANI;27.868383465363;GAZİ ATATÜRK Cd.
KEMALPAŞA;;38.384133854233;3517-033-01;6;NAZARKÖY;;1 NO LU AFET VE ACİL DURUM TOPLANMA ALANI;27.443072661011;SAVANDA KURUDERE YOLU KümeEvleri
KONAK;;38.413932187819;3520-036-01;21;FERAHLI;;1 NO LU AFET VE ACİL DURUM TOPLANMA ALANI;27.161506441456;1163 Sk.
KARŞIYAKA;;38.461463408715;3516-004-01;20;BAHARİYE;;1 NO LU AFET VE ACİL DURUM TOPLANMA ALANI;27.117057014675;HİDAYET ERZEYBEK Cd.
TORBALI;;38.171893540004;3528-050-01;9;TAŞKESİK;;1 NO LU AFET VE ACİL DURUM TOPLANMA ALANI;27.445218757283;6370 Sk.
TORBALI;;38.249045633362;3528-017-01;9;DAĞTEKE;;1 NO LU AFET VE ACİL DURUM TOPLANMA ALANI;27.509333837362;6233 Sk.
KARABAĞLAR;;38.392072066292;3531-024-01;19;GENERAL ASIM GÜNDÜZ;;1 NO LU AFET VE ACİL DURUM TOPLANMA ALANI;27.131755564375;5716 Sk.
BERGAMA;;39.285891447125;3505-096-01;999;OKÇULAR;;1 NO LU AFET VE ACİL DURUM TOPLANMA ALANI;26.966241055414;OKÇULAR KümeEvleri
BERGAMA;;38.935620284659;3505-085-01;999;KOCAHALİLLER;;1 NO LU AFET VE ACİL DURUM TOPLANMA ALANI;27.285358633232;KOCAHALİLLER KümeEvleri
BERGAMA;;39.191627458227;3505-048-01;999;FERİZLER;;1 NO LU AFET VE ACİL DURUM TOPLANMA ALANI;27.297074027943;FERİZLER KümeEvleri
KONAK;;38.400816855991;3520-038-01;21;GÖZTEPE;;1 NO LU AFET VE ACİL DURUM TOPLANMA ALANI;27.093829303435;103/1 Sk.
BEYDAĞ;;38.103441191074;3506-024-01;993;YUKARIAKTEPE;;1 NO LU AFET VE ACİL DURUM TOPLANMA ALANI;28.261035517712;EKİN KümeEvleri
BEYDAĞ;;38.108709120374;3506-023-01;993;YEŞİLTEPE;;1 NO LU AFET VE ACİL DURUM TOPLANMA ALANI;28.291719836129;DERİN KümeEvleri
KARABAĞLAR;;38.396730430664;3531-022-01;19;FAHRETTİN ALTAY;;1 NO LU AFET VE ACİL DURUM TOPLANMA ALANI;27.064539734204;MİTHATPAŞA Cd.
DİKİLİ;;39.002118337219;3511-008-01;995;DEMİRTAŞ;;1 NO LU AFET VE ACİL DURUM TOPLANMA ALANI;26.944483591325;DEMİRTAŞ VATAN Cd.
BERGAMA;;39.098768276685;3505-103-01;999;PINARKÖY;;1 NO LU AFET VE ACİL DURUM TOPLANMA ALANI;27.053058715177;TEPE KümeEvleri
BERGAMA;;39.269016121119;3505-094-01;999;MURATLAR;;1 NO LU AFET VE ACİL DURUM TOPLANMA ALANI;27.450280943508;MURATLAR KümeEvleri
BERGAMA;;39.304689560009;3505-037-01;999;ÇOBANLAR;;1 NO LU AFET VE ACİL DURUM TOPLANMA ALANI;27.240683339016;ÇOBANLAR KümeEvleri
BERGAMA;;39.121445283124;3505-069-01;999;İSLAMSARAY;;1 NO LU AFET VE ACİL DURUM TOPLANMA ALANI;27.185215841491;KINIK Cd.
BERGAMA;;39.196150787424;3505-042-01;999;DOĞANCI;;1 NO LU AFET VE ACİL DURUM TOPLANMA ALANI;27.301193873487;DOĞANCI MERKEZ KümeEvleri
TİRE;;38.099125548228;3527-072-01;997;PEŞREFLİ;;1 NO LU AFET VE ACİL DURUM TOPLANMA ALANI;27.852166944754;DERYA Sk.
KONAK;;38.405575676364;3520-067-01;21;LALE;;1 NO LU AFET VE ACİL DURUM TOPLANMA ALANI;27.150659656377;3589/1 Sk.
KONAK;;38.429852239243;3520-066-01;21;KÜLTÜR;;1 NO LU AFET VE ACİL DURUM TOPLANMA ALANI;27.141035897434;VASIF ÇINAR Blv.
KEMALPAŞA;;38.416521833621;3517-039-01;6;SİNANCILAR;;1 NO LU AFET VE ACİL DURUM TOPLANMA ALANI;27.663656384278;SİNANCILAR KÖY YOLU KümeEvleri
KİRAZ;;38.224574333772;3519-003-01;994;ALTINOLUK;;1 NO LU AFET VE ACİL DURUM TOPLANMA ALANI;28.355019514198;ALTINOLUK KümeEvleri
BUCA;;38.356543840388;3508-001-01;8;29 EKİM;;1 NO LU AFET VE ACİL DURUM TOPLANMA ALANI;27.234161852531;ATATÜRK Cd.
KINIK;;39.086265678672;3518-035-01;996;YAYAKENT;;1 NO LU AFET VE ACİL DURUM TOPLANMA ALANI;27.307915645356;YAYAKENT CUMHURİYET Myd.
TORBALI;;38.158633154701;3528-056-01;9;YEDİ EYLÜL;;1 NO LU AFET VE ACİL DURUM TOPLANMA ALANI;27.363722950221;AYDIN Cd.
URLA;;38.352942448486;3529-002-01;18;ATATÜRK;;1 NO LU AFET VE ACİL DURUM TOPLANMA ALANI;26.780076874924;2172 Sk.
KEMALPAŞA;;38.422540160697;3517-040-01;6;SOĞUKPINAR;;1 NO LU AFET VE ACİL DURUM TOPLANMA ALANI;27.430713041358;256 Sk.
KEMALPAŞA;;38.427473979292;3517-007-01;6;ATATÜRK;;1 NO LU AFET VE ACİL DURUM TOPLANMA ALANI;27.416229176667;ATATÜRK Blv.
BERGAMA;;39.078183112309;3505-112-01;999;SİNDEL;;1 NO LU AFET VE ACİL DURUM TOPLANMA ALANI;27.199656860464;SİNDEL KümeEvleri
BERGAMA;;39.016857809597;3505-109-01;999;SARIDERE;;1 NO LU AFET VE ACİL DURUM TOPLANMA ALANI;27.096703553922;SARIDERE
BUCA;;38.379726614752;3508-038-01;8;SEYHAN;;1 NO LU AFET VE ACİL DURUM TOPLANMA ALANI;27.143010078025;605 Sk.
BUCA;;38.39550287859;3508-047-01;8;YİĞİTLER;;1 NO LU AFET VE ACİL DURUM TOPLANMA ALANI;27.153138022113;368/2 Sk.
KINIK;;39.085399674479;3518-034-01;996;AŞAĞI;;1 NO LU AFET VE ACİL DURUM TOPLANMA ALANI;27.382893756904;GAZİ PAŞA Cd.
TİRE;;38.08719039275;3527-014-01;997;BOYNUYOĞUN;;1 NO LU AFET VE ACİL DURUM TOPLANMA ALANI;27.783336458483;1. CUMHURİYET Sk.
BERGAMA;;39.297117939107;3505-119-01;999;TIRMANLAR;;1 NO LU AFET VE ACİL DURUM TOPLANMA ALANI;27.277075390507;TIRMANLAR
TORBALI;;38.243509611141;3528-028-01;9;İSTİKLAL;;1 NO LU AFET VE ACİL DURUM TOPLANMA ALANI;27.319895737921;ORKİDE Sk.
KEMALPAŞA;;38.327361463044;3517-019-01;6;GÖKYAKA;;1 NO LU AFET VE ACİL DURUM TOPLANMA ALANI;27.461783749;GÖKYAKA YOLU KümeEvleri
KONAK;;38.429793418645;3520-055-01;21;KAHRAMANLAR;;1 NO LU AFET VE ACİL DURUM TOPLANMA ALANI;27.152183102655;NEVZAT GÜZELIRMAK Sk.
KİRAZ;;38.295338600544;3519-017-01;994;DOKUZLAR;;1 NO LU AFET VE ACİL DURUM TOPLANMA ALANI;28.147825111433;DOKUZLAR KümeEvleri
KONAK;;38.42297694017;3520-006-01;21;AKDENİZ;;1 NO LU AFET VE ACİL DURUM TOPLANMA ALANI;27.134888316637;NECATİBEY Blv.
KONAK;;38.398058974354;3520-043-01;21;GÜZELYALI;;1 NO LU AFET VE ACİL DURUM TOPLANMA ALANI;27.083250728588;MİTHATPAŞA Cd.
KINIK;;39.109342182835;3518-004-01;996;AZİZİYE;;1 NO LU AFET VE ACİL DURUM TOPLANMA ALANI;27.485003582456;DEDELİ Sk.
KARŞIYAKA;;38.471174203061;3516-010-01;20;DEMİRKÖPRÜ;;1 NO LU AFET VE ACİL DURUM TOPLANMA ALANI;27.099354506727;ORDU Blv.
KARŞIYAKA;;38.474769215962;3516-022-01;20;ŞEMİKLER;;1 NO LU AFET VE ACİL DURUM TOPLANMA ALANI;27.091468845317;6294 Sk.
DİKİLİ;;39.032260492813;3511-028-01;995;YAHŞİBEY;;1 NO LU AFET VE ACİL DURUM TOPLANMA ALANI;26.840371416499;YAHŞİBEY 5 Sk.
ÇİĞLİ;;38.494236318366;3510-022-01;16;ŞİRİNTEPE;;1 NO LU AFET VE ACİL DURUM TOPLANMA ALANI;27.077392649115;6840 Sk.
TORBALI;;38.158616268456;3528-011-01;9;CUMHURİYET;;1 NO LU AFET VE ACİL DURUM TOPLANMA ALANI;27.349700432203;3548 Sk.
KEMALPAŞA;;38.423321866833;3517-031-01;6;SOĞUKPINAR;;1 NO LU AFET VE ACİL DURUM TOPLANMA ALANI;27.433835115873;İNÖNÜ Cd.
BERGAMA;;38.969294337147;3505-099-01;999;ÖKSÜZLER;;1 NO LU AFET VE ACİL DURUM TOPLANMA ALANI;27.254330932347;ÖKSÜZLER KümeEvleri
TORBALI;;38.239506994504;3528-007-01;9;FEVZİ ÇAKMAK;;1 NO LU AFET VE ACİL DURUM TOPLANMA ALANI;27.281089739359;BARIŞ MANÇO Cd.
BERGAMA;;39.221954882678;3505-054-01;999;GÖÇBEYLİ;;1 NO LU AFET VE ACİL DURUM TOPLANMA ALANI;27.404190163203;GAZİ ATATÜRK Myd.
BERGAMA;;39.318900707422;3505-032-01;999;ÇAMAVLU;;1 NO LU AFET VE ACİL DURUM TOPLANMA ALANI;27.140691038281;ÇAMAVLU KümeEvleri
BERGAMA;;39.220757807815;3505-091-01;999;MAHMUDİYE;;1 NO LU AFET VE ACİL DURUM TOPLANMA ALANI;27.219569236426;MAHMUDİYE
BUCA;;38.300659229083;3508-017-01;8;DOĞANCILAR;;1 NO LU AFET VE ACİL DURUM TOPLANMA ALANI;27.340591465815;6003 Sk.
BUCA;;38.370836244456;3508-044-01;8;YEŞİLBAĞLAR;;1 NO LU AFET VE ACİL DURUM TOPLANMA ALANI;27.147312334765;637/35 Sk.
DİKİLİ;;39.027059847389;3511-001-01;995;BADEMLİ;;1 NO LU AFET VE ACİL DURUM TOPLANMA ALANI;26.821746256832;BADEMLİ 11 Sk.
BERGAMA;;39.252601409144;3505-034-01;999;ÇAMOBA;;1 NO LU AFET VE ACİL DURUM TOPLANMA ALANI;27.393976308468;ÇAMOBA
BAYINDIR;;38.321874003629;3504-038-01;7;KIZILKEÇİLİ;;1 NO LU AFET VE ACİL DURUM TOPLANMA ALANI;27.790771150973;KIZILKEÇİLİ KümeEvleri
BAYINDIR;;38.19476459087;3504-032-01;7;KARAHALİLLİ;;1 NO LU AFET VE ACİL DURUM TOPLANMA ALANI;27.614990970815;2.ÇAYIR KümeEvleri
BAYINDIR;;38.252685637204;3504-031-01;7;KABAAĞAÇ;;1 NO LU AFET VE ACİL DURUM TOPLANMA ALANI;27.751632656139;KABAAĞAÇ KümeEvleri
TİRE;;38.097260565121;3527-038-01;997;FATİH;;1 NO LU AFET VE ACİL DURUM TOPLANMA ALANI;27.722128740202;SAİM FALAKALI Cd.
TİRE;;38.057578483942;3527-024-01;997;ÇUKURKÖY;;1 NO LU AFET VE ACİL DURUM TOPLANMA ALANI;27.698092304982;ÇUKURKÖY MERKEZ KümeEvleri
KEMALPAŞA;;38.429499512646;3517-013-01;6;ÇINARKÖY;;1 NO LU AFET VE ACİL DURUM TOPLANMA ALANI;27.401959892335;EŞREFİ RUMİ Cd.
TORBALI;;38.24540559496;3528-019-01;9;DİRMİL;;1 NO LU AFET VE ACİL DURUM TOPLANMA ALANI;27.422473621658;GAZİ
BAYINDIR;;38.16595555142;3504-051-01;7;TOKATBAŞI;;1 NO LU AFET VE ACİL DURUM TOPLANMA ALANI;27.619067952706;EĞİTİM Sk.
URLA;;38.365430293156;3529-019-01;18;M.FEVZİ ÇAKMAK;;1 NO LU AFET VE ACİL DURUM TOPLANMA ALANI;26.837864756373;4108 Sk.
BUCA;;38.383662630314;3508-002-01;8;ADATEPE;;1 NO LU AFET VE ACİL DURUM TOPLANMA ALANI;27.181032876509;ERDEM Cd.
TİRE;;38.033470019471;3527-082-01;997;YAMANDERE;;1 NO LU AFET VE ACİL DURUM TOPLANMA ALANI;27.817708875061;NİYAZİ BOZKURT KümeEvleri
TİRE;;38.001953272819;3527-034-01;997;DÜNDARLI;;1 NO LU AFET VE ACİL DURUM TOPLANMA ALANI;27.77819347593;DÜNDARLI PINAR Sk.
BUCA;;38.397100486837;3508-024-01;8;HÜRRİYET;;1 NO LU AFET VE ACİL DURUM TOPLANMA ALANI;27.145477668707;489 Sk.
BUCA;;38.3644181483;3508-030-01;8;KAYNAKLAR MERKEZ;;1 NO LU AFET VE ACİL DURUM TOPLANMA ALANI;27.280939331047;ATATÜRK Cd.
BUCA;;38.391769393474;3508-021-01;8;GAZİLER;;1 NO LU AFET VE ACİL DURUM TOPLANMA ALANI;27.181408370305;1084 Sk.
KINIK;;39.027302150518;3518-027-01;996;MISTIKLAR;;1 NO LU AFET VE ACİL DURUM TOPLANMA ALANI;27.383368603616;KEMAL ATATÜRK KümeEvleri
KINIK;;39.040863309799;3518-025-01;996;KODUKBURUN;;1 NO LU AFET VE ACİL DURUM TOPLANMA ALANI;27.346063256534;GODUKLU KümeEvleri
BUCA;;38.38007988981;3508-004-01;8;ATATÜRK;;1 NO LU AFET VE ACİL DURUM TOPLANMA ALANI;27.179208989493;207 Sk.
ÇEŞME;;38.274759150413;3509-017-01;1001;KARAKÖY;;1 NO LU AFET VE ACİL DURUM TOPLANMA ALANI;26.484552713087;KARAKÖY GAZİ MUSTAFA KEMAL Cd.
TORBALI;;38.166292638157;3528-029-01;9;KAPLANCIK;;1 NO LU AFET VE ACİL DURUM TOPLANMA ALANI;27.294071685256;6300 Sk.
TORBALI;;38.137122223968;3528-015-01;9;ÇAYBAŞI;;1 NO LU AFET VE ACİL DURUM TOPLANMA ALANI;27.377895705774;MENDERES Cd.
TORBALI;;38.245607661209;3528-027-01;9;İNÖNÜ;;1 NO LU AFET VE ACİL DURUM TOPLANMA ALANI;27.265833401123;185/1 Sk.
TORBALI;;38.087431772931;3528-053-01;9;TULUM;;1 NO LU AFET VE ACİL DURUM TOPLANMA ALANI;27.432001032138;6398 Sk.
KARABAĞLAR;;38.368691274898;3531-007-01;19;AYDIN;;1 NO LU AFET VE ACİL DURUM TOPLANMA ALANI;27.134287596502;4274 Sk.
BERGAMA;;38.943998594501;3505-086-01;999;KOCAKÖY;;1 NO LU AFET VE ACİL DURUM TOPLANMA ALANI;27.295872827343;KOCAKÖY KümeEvleri
BUCA;;38.286849682577;3508-028-01;8;KARACAAĞAÇ;;1 NO LU AFET VE ACİL DURUM TOPLANMA ALANI;27.282656063901;4016 Sk.
TİRE;;38.09405936163;3527-007-01;997;ALACALI;;1 NO LU AFET VE ACİL DURUM TOPLANMA ALANI;27.60029001291;ALACALI ATATÜRK Sk.
KARŞIYAKA;;38.47004023093;3516-009-01;20;DEDEBAŞI;;1 NO LU AFET VE ACİL DURUM TOPLANMA ALANI;27.107583484982;6053/4 Sk.
TORBALI;;38.110329180928;3528-005-01;9;ATALAN;;1 NO LU AFET VE ACİL DURUM TOPLANMA ALANI;27.470195459397;TİRE Cd.
KONAK;;38.416302789852;3520-078-01;21;MURAT;;1 NO LU AFET VE ACİL DURUM TOPLANMA ALANI;27.181118652009;2499 Sk.
TİRE;;38.050974091409;3527-003-01;997;AKÇAŞEHİR;;1 NO LU AFET VE ACİL DURUM TOPLANMA ALANI;27.631335151056;ÇEŞMELİ Sk.
DİKİLİ;;39.181980679953;3511-024-01;995;SALİHLER;;1 NO LU AFET VE ACİL DURUM TOPLANMA ALANI;26.849726643392;SALİHLER VATAN Cd.
BERGAMA;;39.273135584241;3505-104-01;999;PİRVELİLER;;1 NO LU AFET VE ACİL DURUM TOPLANMA ALANI;27.246777343832;PİREVELİLER KümeEvleri
KEMALPAŞA;;38.483185171312;3517-032-01;6;ULUCAK MUSTAFA KEMAL ATATÜRK;;1 NO LU AFET VE ACİL DURUM TOPLANMA ALANI;27.357338797022;MUSTAFA İSMET İNÖNÜ Cd.
BERGAMA;;39.185241225035;3505-027-01;999;BÖLCEK;;1 NO LU AFET VE ACİL DURUM TOPLANMA ALANI;27.425905285219;BİLGE
KİRAZ;;38.23251336573;3519-023-01;994;İSTİKLAL;;1 NO LU AFET VE ACİL DURUM TOPLANMA ALANI;28.208367732764;ŞÜKRÜ HOCA Sk.
KONAK;;38.403978209246;3520-085-01;21;PİRİ REİS;;1 NO LU AFET VE ACİL DURUM TOPLANMA ALANI;27.114181798488;285/2 Sk.
KİRAZ;;38.282808354839;3519-040-01;994;SARISU;;1 NO LU AFET VE ACİL DURUM TOPLANMA ALANI;28.31656746444;SARISU KümeEvleri
KONAK;;38.410838561136;3520-087-01;21;SAYGI;;1 NO LU AFET VE ACİL DURUM TOPLANMA ALANI;27.176151234857;2657 Sk.
KARABAĞLAR;;38.384878854516;3531-050-01;19;UĞUR MUMCU;;1 NO LU AFET VE ACİL DURUM TOPLANMA ALANI;27.125039358697;4193 Sk.
KARABAĞLAR;;38.377506193921;3531-027-01;19;GÜNALTAY;;1 NO LU AFET VE ACİL DURUM TOPLANMA ALANI;27.112223840524;4726 Sk.
KARABURUN;;38.570658977771;3515-013-01;1000;SALMAN;;1 NO LU AFET VE ACİL DURUM TOPLANMA ALANI;26.368477463376;SALMAN DENİZGİREN KümeEvleri
KARABURUN;;38.550088419863;3515-005-01;1000;İNECİK;;1 NO LU AFET VE ACİL DURUM TOPLANMA ALANI;26.565329208158;4001 Sk.
TİRE;;38.08898263239;3527-085-01;997;YENİ;;1 NO LU AFET VE ACİL DURUM TOPLANMA ALANI;27.731992526917;TİRE CUMHURİYET Myd.
TİRE;;38.124021358848;3527-086-01;997;YENİÇİFTLİK;;1 NO LU AFET VE ACİL DURUM TOPLANMA ALANI;27.503932092718;MUSTAFA KEMAL ATATÜRK Sk.
KONAK;;38.406012830262;3520-013-01;21;KILIÇ REİS;;1 NO LU AFET VE ACİL DURUM TOPLANMA ALANI;27.120994571941;İNÖNÜ Cd.
BERGAMA;;39.031727336505;3505-010-01;999;AŞAĞIKIRIKLAR;;1 NO LU AFET VE ACİL DURUM TOPLANMA ALANI;27.04524827864;AŞAĞIKIRIKLAR
BUCA;;38.317294466419;3508-031-01;8;KIRKLAR;;1 NO LU AFET VE ACİL DURUM TOPLANMA ALANI;27.320592988331;MİMAR SİNAN Myd.
BUCA;;38.40214536329;3508-012-01;8;ÇALDIRAN;;1 NO LU AFET VE ACİL DURUM TOPLANMA ALANI;27.149597512689;433 Sk.
TORBALI;;38.159999777488;3528-022-01;9;ERTUĞRUL;;1 NO LU AFET VE ACİL DURUM TOPLANMA ALANI;27.355204295125;NECATİ DOĞANOĞLU Sk.
URLA;;38.239809516558;3529-036-01;18;ZEYTİNELİ;;1 NO LU AFET VE ACİL DURUM TOPLANMA ALANI;26.504175719485;CUMHURİYET Cd.
TORBALI;;38.234686795803;3528-055-01;9;YAZIBAŞI;;1 NO LU AFET VE ACİL DURUM TOPLANMA ALANI;27.319820650816;NAMIK KEMAL Cd.
KEMALPAŞA;;38.416151988299;3517-050-01;6;ZEAMET;;1 NO LU AFET VE ACİL DURUM TOPLANMA ALANI;27.691122069416;ZEAMET YOLU KümeEvleri
BUCA;;38.399383370869;3508-039-01;8;ŞİRİNKAPI;;1 NO LU AFET VE ACİL DURUM TOPLANMA ALANI;27.17982049772;1060 Sk.
TİRE;;38.017363364938;3527-062-01;997;KÜÇÜKKALE;;1 NO LU AFET VE ACİL DURUM TOPLANMA ALANI;27.526666548382;DUTLUK Sk.
KARABURUN;;38.506141930136;3515-010-01;1000;MORDOĞAN;;1 NO LU AFET VE ACİL DURUM TOPLANMA ALANI;26.621247704086;İNÖNÜ Cd.
KARABAĞLAR;;38.392761549378;3531-040-01;19;POLİGON;;1 NO LU AFET VE ACİL DURUM TOPLANMA ALANI;27.082714298479;123/1 Sk.
DİKİLİ;;39.062669026624;3511-011-01;995;GAZİPAŞA;;1 NO LU AFET VE ACİL DURUM TOPLANMA ALANI;26.879998125477;57 Sk.
KARŞIYAKA;;38.458161770086;3516-024-01;20;BAHARİYE;;1 NO LU AFET VE ACİL DURUM TOPLANMA ALANI;27.116660055326;1716 Sk.
TİRE;;37.981088618012;3527-030-01;997;DİBEKÇİ;;1 NO LU AFET VE ACİL DURUM TOPLANMA ALANI;27.814181865569;MERKEZ KümeEvleri
KİRAZ;;38.195372263287;3519-048-01;994;UMURCALI;;1 NO LU AFET VE ACİL DURUM TOPLANMA ALANI;28.247130885007;UMURCALI KümeEvleri
TORBALI;;38.152086456424;3528-037-01;9;MURATBEY;;1 NO LU AFET VE ACİL DURUM TOPLANMA ALANI;27.353552075464;DOĞAN BURSALIOĞLU Cd.
TORBALI;;38.285300259495;3528-012-01;9;ÇAKIRBEYLİ;;1 NO LU AFET VE ACİL DURUM TOPLANMA ALANI;27.379472597957;BURHAN BEY Cd.
TİRE;;38.085684070154;3527-019-01;997;CUMHURİYET;;1 NO LU AFET VE ACİL DURUM TOPLANMA ALANI;27.731151663593;YANIKKONAK Cd.
ÖDEMİŞ;;38.10933357553;3524-075-01;998;OVAKENT;;1 NO LU AFET VE ACİL DURUM TOPLANMA ALANI;28.019208715832;AÇELYA Sk.
TİRE;;38.125389911194;3527-076-01;997;TOKİ;;1 NO LU AFET VE ACİL DURUM TOPLANMA ALANI;27.729837327672;TOKİ TOPLU KONUT ALANI KümeEvleri
TİRE;;38.110952148278;3527-055-01;997;KIRTEPE;;1 NO LU AFET VE ACİL DURUM TOPLANMA ALANI;27.887444505833;KÖY MEYDANI Sk.
TİRE;;38.086522200028;3527-050-01;997;İSTİKLAL;;1 NO LU AFET VE ACİL DURUM TOPLANMA ALANI;27.749488492324;KANLIKAVAK Sk.
TİRE;;38.029586766533;3527-084-01;997;YEMİŞLER;;1 NO LU AFET VE ACİL DURUM TOPLANMA ALANI;27.680246359643;YEMİŞLER YAYLA KümeEvleri
TİRE;;38.047987630053;3527-016-01;997;BÜYÜKKEMERDERE;;1 NO LU AFET VE ACİL DURUM TOPLANMA ALANI;27.78962760686;BÜYÜKKEMERDERE TİRE Sk.
BAYINDIR;;38.30146772513;3504-046-01;7;OSMANLAR;;1 NO LU AFET VE ACİL DURUM TOPLANMA ALANI;27.559029474912;KESTANELİK Sk.
KARABAĞLAR;;38.403297192674;3531-009-01;19;BAHÇELİEVLER;;1 NO LU AFET VE ACİL DURUM TOPLANMA ALANI;27.117368248049;GAZETECİ HASAN TAHSİN Cd.
KEMALPAŞA;;38.440626692411;3517-036-01;6;SARIÇALI;;1 NO LU AFET VE ACİL DURUM TOPLANMA ALANI;27.695048766039;SARIÇALI YOLU KümeEvleri
BERGAMA;;38.907073141985;3505-012-01;999;ATÇILAR;;1 NO LU AFET VE ACİL DURUM TOPLANMA ALANI;27.198798853655;ATÇILAR
URLA;;38.297446510737;3529-022-01;18;OVACIK;;1 NO LU AFET VE ACİL DURUM TOPLANMA ALANI;26.805972229933;OVACIK Cd.
KİRAZ;;38.182959582388;3519-005-01;994;AVUNDURUK;;1 NO LU AFET VE ACİL DURUM TOPLANMA ALANI;28.27099172063;AVUNDURUK KümeEvleri
TİRE;;38.100730631225;3527-010-01;997;ATATÜRK;;1 NO LU AFET VE ACİL DURUM TOPLANMA ALANI;27.72785790468;HIZIR Sk.
TİRE;;37.997687907897;3527-013-01;997;BAŞKÖY;;1 NO LU AFET VE ACİL DURUM TOPLANMA ALANI;27.659252864104;BAŞKÖY ATATÜRK Myd.
TİRE;;38.125374037104;3527-053-01;997;KARATEKE;;1 NO LU AFET VE ACİL DURUM TOPLANMA ALANI;27.677967688575;İBRAHİM ÖZTÜRK Sk.
MENEMEN;;38.583068908258;3522-027-01;17;GAZİ MUSTAFA KEMAL;;1 NO LU AFET VE ACİL DURUM TOPLANMA ALANI;26.970823495586;4120 Sk.
TİRE;;38.002409771086;3527-025-01;997;DAĞDERE;;1 NO LU AFET VE ACİL DURUM TOPLANMA ALANI;27.75095980299;ORTA Sk.
URLA;;38.300073439963;3529-018-01;18;KUŞÇULAR;;1 NO LU AFET VE ACİL DURUM TOPLANMA ALANI;26.751071706182;KUŞÇULAR Cd.
URLA;;38.386790610532;3529-010-01;18;DENİZLİ;;1 NO LU AFET VE ACİL DURUM TOPLANMA ALANI;26.748834600685;93 Sk.
BUCA;;38.309617085215;3508-007-01;8;BELENBAŞI;;1 NO LU AFET VE ACİL DURUM TOPLANMA ALANI;27.277248720188;3007 Sk.
BUCA;;38.403541063419;3508-040-01;8;UFUK;;1 NO LU AFET VE ACİL DURUM TOPLANMA ALANI;27.163351809544;848/5 Sk.
KARABURUN;;38.614046541097;3515-001-01;1000;ANBARSEKİ;;1 NO LU AFET VE ACİL DURUM TOPLANMA ALANI;26.523658497268;ANBARSEKİ KümeEvleri
KARABAĞLAR;;38.397781514118;3531-012-01;19;BASIN SİTESİ;;1 NO LU AFET VE ACİL DURUM TOPLANMA ALANI;27.096801181344;175 Sk.
DİKİLİ;;39.062123388211;3511-025-01;995;SALİMBEY;;1 NO LU AFET VE ACİL DURUM TOPLANMA ALANI;26.886891370293;114/1 Sk.
FOÇA;;38.669307998106;3512-005-02;4;FEVZİPAŞA;;1 NO LU AFET VE ACİL DURUM TOPLANMA ALANI;26.756800214558;180 Sk.
BERGAMA;;38.970195014396;3505-138-01;999;ZEYTİNDAĞ;;1 NO LU AFET VE ACİL DURUM TOPLANMA ALANI;27.071169129612;LİSE Cd.
BERGAMA;;39.121545134469;3505-120-01;999;TİYELTİ;;1 NO LU AFET VE ACİL DURUM TOPLANMA ALANI;27.156312496022;TİYELTİ MERKEZ Sk.
BERGAMA;;39.184243017676;3505-066-01;999;İNCECİKLER;;1 NO LU AFET VE ACİL DURUM TOPLANMA ALANI;27.152364193484;KOZAK BERGAMA YOLU Cd.
KONAK;;38.410519046983;3520-019-01;21;BARBAROS;;1 NO LU AFET VE ACİL DURUM TOPLANMA ALANI;27.123987894638;350/2 Sk.
TİRE;;38.178907940684;3527-031-01;997;DOYRANLI;;1 NO LU AFET VE ACİL DURUM TOPLANMA ALANI;27.822892001316;DOYRANLI İNÖNÜ Sk.
KARABAĞLAR;;38.380710624955;3531-006-01;19;AŞIK VEYSEL;;1 NO LU AFET VE ACİL DURUM TOPLANMA ALANI;27.139308646416;5848 Sk.
TİRE;;38.098567313964;3527-058-01;997;KOCAALİLER;;1 NO LU AFET VE ACİL DURUM TOPLANMA ALANI;27.915520407515;KARŞI KümeEvleri
TİRE;;38.095031555123;3527-002-01;997;ADNAN MENDERES;;1 NO LU AFET VE ACİL DURUM TOPLANMA ALANI;27.744390966804;FAİK TOKLUOĞLU Blv.
TİRE;;38.057982751308;3527-041-01;997;HASANÇAVUŞLAR;;1 NO LU AFET VE ACİL DURUM TOPLANMA ALANI;27.523780442746;UYSAL KümeEvleri
DİKİLİ;;38.936738186261;3511-005-01;995;ÇANDARLI;;1 NO LU AFET VE ACİL DURUM TOPLANMA ALANI;26.932832248868;KARA HALİL PAŞA Cd.
DİKİLİ;;39.133130325308;3511-004-01;995;ÇAĞLAN;;1 NO LU AFET VE ACİL DURUM TOPLANMA ALANI;27.012975915666;ÇAĞLAN 3 Sk.
TİRE;;38.069575446175;3527-051-01;997;KAPLAN;;1 NO LU AFET VE ACİL DURUM TOPLANMA ALANI;27.723966086053;KAPLAN ATATÜRK Sk.
DİKİLİ;;39.118748236204;3511-026-01;995;SAMANLIKKÖY;;1 NO LU AFET VE ACİL DURUM TOPLANMA ALANI;27.015980000947;SAMANLIK CUMHURİYET Cd.
BERGAMA;;39.269414797465;3505-126-01;999;YALNIZDAM;;1 NO LU AFET VE ACİL DURUM TOPLANMA ALANI;27.438178873359;YALNIZDAM KümeEvleri
BERGAMA;;39.189631820199;3505-016-01;999;AYASKENT;;1 NO LU AFET VE ACİL DURUM TOPLANMA ALANI;27.334667692955;EĞİTİM Cd.
BERGAMA;;39.022726063704;3505-028-01;999;CEVAPLI;;1 NO LU AFET VE ACİL DURUM TOPLANMA ALANI;27.156484328905;CEVAPLI KümeEvleri
URLA;;38.363287285486;3529-026-01;18;ŞİRİNKENT;;1 NO LU AFET VE ACİL DURUM TOPLANMA ALANI;26.842812069881;4249 Sk.
BERGAMA;;39.252468163364;3505-133-01;999;YUKARIBEY;;1 NO LU AFET VE ACİL DURUM TOPLANMA ALANI;27.091252915495;KOCA KümeEvleri
DİKİLİ;;38.989177209216;3511-007-01;995;DELİKTAŞ;;1 NO LU AFET VE ACİL DURUM TOPLANMA ALANI;26.927489220625;DELİKTAŞ ATATÜRK Myd.
BERGAMA;;39.168540553609;3505-073-01;999;KALEARDI;;1 NO LU AFET VE ACİL DURUM TOPLANMA ALANI;27.19227529963;KALEARDI KümeEvleri
DİKİLİ;;39.168806383872;3511-012-01;995;GÖKÇEAĞIL;;1 NO LU AFET VE ACİL DURUM TOPLANMA ALANI;26.874617447379;GÖKÇEAĞIL CUMHURİYET Cd.
BERGAMA;;39.098909942015;3505-047-01;999;FATİH;;1 NO LU AFET VE ACİL DURUM TOPLANMA ALANI;27.165893340028;308 Sk.
KINIK;;39.085980575483;3518-024-01;996;KOCAÖMER;;1 NO LU AFET VE ACİL DURUM TOPLANMA ALANI;27.424192870689;MEDENİYET Cd.
KEMALPAŞA;;38.407787180072;3517-003-02;6;ARMUTLU 85.YIL CUMHURİYET;;1 NO LU AFET VE ACİL DURUM TOPLANMA ALANI;27.529214019592;GENÇLİK Cd.
TİRE;;38.08873246541;3527-046-01;997;İBNİ MELEK;;1 NO LU AFET VE ACİL DURUM TOPLANMA ALANI;27.722150210681;TURGUT ÖZAL Blv.
URLA;;38.283669826135;3529-037-01;18;ZEYTİNLER;;1 NO LU AFET VE ACİL DURUM TOPLANMA ALANI;26.561504885686;MUSTAFA ERCAN Sk.
URLA;;38.2834087463;3529-028-01;18;UZUNKUYU;;1 NO LU AFET VE ACİL DURUM TOPLANMA ALANI;26.552589268309;KIZIL ÇAM KümeEvleri
KEMALPAŞA;;38.40155712087;3517-014-01;6;ÇİNİLİKÖY;;1 NO LU AFET VE ACİL DURUM TOPLANMA ALANI;27.451312338045;4101 Sk.
KARABAĞLAR;;38.384144031398;3531-046-01;19;SEVGİ;;1 NO LU AFET VE ACİL DURUM TOPLANMA ALANI;27.115431735241;SEVGİ Blv.
BERGAMA;;39.125889887495;3505-123-01;999;ULUCAMİİ;;1 NO LU AFET VE ACİL DURUM TOPLANMA ALANI;27.18043079588;İTTİHAT TERAKKİ Cd.
BERGAMA;;39.321756097747;3505-083-01;999;KIRCALAR;;1 NO LU AFET VE ACİL DURUM TOPLANMA ALANI;27.336512817095;KIRCALAR MERKEZ KümeEvleri
KİRAZ;;38.232024575561;3519-011-01;994;İSTİKLAL;;1 NO LU AFET VE ACİL DURUM TOPLANMA ALANI;28.217197523476;ATATÜRK Cd.
URLA;;38.304135605915;3529-006-01;18;BİRGİ;;1 NO LU AFET VE ACİL DURUM TOPLANMA ALANI;26.555502094798;KÖYİÇİ Cd.
TORBALI;;38.131801515029;3528-038-01;9;MUSTAFA KEMAL ATATÜRK;;1 NO LU AFET VE ACİL DURUM TOPLANMA ALANI;27.376897937595;7018 Sk.
BEYDAĞ;;38.116137453618;3506-025-01;993;YUKARITOSUNLAR;;1 NO LU AFET VE ACİL DURUM TOPLANMA ALANI;28.158725809994;GÜVEN KümeEvleri
DİKİLİ;;39.185041126709;3511-006-01;995;ÇUKURALANI;;1 NO LU AFET VE ACİL DURUM TOPLANMA ALANI;26.9393334459;ÇUKURALANI 6 Sk.
DİKİLİ;;38.957548248321;3511-029-01;995;YAYLAYURT;;1 NO LU AFET VE ACİL DURUM TOPLANMA ALANI;26.920579940442;YAYLAYURT CUMHURİYET Cd.
BERGAMA;;39.354018204262;3505-097-01;999;ORUŞLAR;;1 NO LU AFET VE ACİL DURUM TOPLANMA ALANI;27.326856854837;ORUŞLAR KümeEvleri
BERGAMA;;39.155164052738;3505-062-01;999;HAMZALISÜLEYMANİYE;;1 NO LU AFET VE ACİL DURUM TOPLANMA ALANI;27.200858350586;HAMZALISÜLEYMANİYE KümeEvleri
BERGAMA;;39.308940012219;3505-002-01;999;AKÇENGER;;1 NO LU AFET VE ACİL DURUM TOPLANMA ALANI;27.293297293153;AKÇENGER KümeEvleri
BERGAMA;;39.180850180562;3505-137-01;999;ZAĞNOZ;;1 NO LU AFET VE ACİL DURUM TOPLANMA ALANI;27.347027267939;ZAĞNOZ MERKEZ KümeEvleri
URLA;;38.228643520646;3529-009-01;18;DEMİRCİLİ;;1 NO LU AFET VE ACİL DURUM TOPLANMA ALANI;26.686870802028;10001 Sk.
URLA;;38.323240734673;3529-031-01;18;YELALTI;;1 NO LU AFET VE ACİL DURUM TOPLANMA ALANI;26.768822435082;ÇİLİNGİR ÇEŞME Sk.
SEFERİHİSAR;;38.162352807261;3525-018-02;12;AKARCA;;1 NO LU AFET VE ACİL DURUM TOPLANMA ALANI;26.826900297177;1008 Sk.
ÇİĞLİ;;38.494454630331;3510-020-01;16;ŞİRİNTEPE;;1 NO LU AFET VE ACİL DURUM TOPLANMA ALANI;27.065655360423;DERE Cd.
KEMALPAŞA;;38.465353340781;3517-012-01;6;ÇAMBEL;;1 NO LU AFET VE ACİL DURUM TOPLANMA ALANI;27.518978668906;ÇAMBEL MAH. YOLU KümeEvleri
KEMALPAŞA;;38.481152778632;3517-005-01;6;ANSIZCA;;1 NO LU AFET VE ACİL DURUM TOPLANMA ALANI;27.403805158928;ANSIZCA KÖY YOLU KümeEvleri
KEMALPAŞA;;38.317294607554;3517-010-01;6;CUMALI;;1 NO LU AFET VE ACİL DURUM TOPLANMA ALANI;27.461161495728;CUMALI YOLU KümeEvleri
BERGAMA;;39.252135766301;3505-053-01;999;GÖBELLER;;1 NO LU AFET VE ACİL DURUM TOPLANMA ALANI;27.020528767094;GÖBELLER KümeEvleri
BERGAMA;;38.974766033194;3505-087-01;999;KOYUNELİ;;1 NO LU AFET VE ACİL DURUM TOPLANMA ALANI;27.175538732708;KOYUNELİ KümeEvleri
KONAK;;38.420728466786;3520-008-01;21;AKINCI;;1 NO LU AFET VE ACİL DURUM TOPLANMA ALANI;27.141572351981;1300 Sk.
KONAK;;38.442172375802;3520-025-01;21;ÇINARLI;;1 NO LU AFET VE ACİL DURUM TOPLANMA ALANI;27.178887021751;1561 Sk.
KONAK;;38.402548897199;3520-079-01;21;MURAT REİS;;1 NO LU AFET VE ACİL DURUM TOPLANMA ALANI;27.110759319289;251 Sk.
KİRAZ;;38.259291152833;3519-008-01;994;BAŞARAN;;1 NO LU AFET VE ACİL DURUM TOPLANMA ALANI;28.273995674782;BAŞARAN KümeEvleri
KONAK;;38.416554918456;3520-061-01;21;KONAK;;1 NO LU AFET VE ACİL DURUM TOPLANMA ALANI;27.127109960142;HALİL RIFATPAŞA Cd.
BUCA;;38.381980608551;3508-032-01;8;KOZAĞAÇ;;1 NO LU AFET VE ACİL DURUM TOPLANMA ALANI;27.174338119058;221 Sk.
BERGAMA;;39.277587336678;3505-129-01;999;YENİLER;;1 NO LU AFET VE ACİL DURUM TOPLANMA ALANI;27.360845777364;YENİLER MERKEZ KümeEvleri
BERGAMA;;39.216302802;3505-107-01;999;SARICALAR;;1 NO LU AFET VE ACİL DURUM TOPLANMA ALANI;27.447191142438;SARICALAR KümeEvleri
BERGAMA;;39.249809417677;3505-007-01;999;AŞAĞIBEY;;1 NO LU AFET VE ACİL DURUM TOPLANMA ALANI;26.96611237524;ABDULGANİ KümeEvleri
BERGAMA;;39.245821830339;3505-064-01;999;ILGINCABER;;1 NO LU AFET VE ACİL DURUM TOPLANMA ALANI;27.455688290299;ILGINCABER KümeEvleri
BERGAMA;;39.121278826244;3505-090-01;999;KURTULUŞ;;1 NO LU AFET VE ACİL DURUM TOPLANMA ALANI;27.197854349867;İBRAHİM ATLAN Sk.
BERGAMA;;39.317772073061;3505-078-01;999;KARALAR;;1 NO LU AFET VE ACİL DURUM TOPLANMA ALANI;27.322222082284;KARALAR MERKEZ KümeEvleri
BERGAMA;;39.046260614486;3505-077-01;999;KARAHIDIRLI;;1 NO LU AFET VE ACİL DURUM TOPLANMA ALANI;27.155883476026;KARAHIDIRLI KümeEvleri
BERGAMA;;39.071453308019;3505-080-01;999;KAŞIKÇI;;1 NO LU AFET VE ACİL DURUM TOPLANMA ALANI;27.231671564583;KAŞIKÇI KümeEvleri
KİRAZ;;38.159376419661;3519-041-01;994;SIRIMLI;;1 NO LU AFET VE ACİL DURUM TOPLANMA ALANI;28.327553910753;SIRIMLI KümeEvleri
BERGAMA;;39.23801100003;3505-031-01;999;ÇALTIKORU;;1 NO LU AFET VE ACİL DURUM TOPLANMA ALANI;27.323724249537;ÇALTIKORU KümeEvleri
BERGAMA;;39.331515929095;3505-061-01;999;HALİLAĞALAR;;1 NO LU AFET VE ACİL DURUM TOPLANMA ALANI;27.30411186936;HALİLAĞALAR KümeEvleri
DİKİLİ;;39.076133915318;3511-014-01;995;İSMETPAŞA;;1 NO LU AFET VE ACİL DURUM TOPLANMA ALANI;26.893757766831;101 Sk.
KONAK;;38.40760183019;3520-001-01;21;19 MAYIS;;1 NO LU AFET VE ACİL DURUM TOPLANMA ALANI;27.143106590053;700 Sk.
BAYINDIR;;38.222378052683;3504-040-01;7;KURT;;1 NO LU AFET VE ACİL DURUM TOPLANMA ALANI;27.648842918733;CUMHURİYET Myd.
BERGAMA;;39.126705530999;3505-111-01;999;SELÇUK;;1 NO LU AFET VE ACİL DURUM TOPLANMA ALANI;27.177190701551;KOZAK Cd.
DİKİLİ;;39.129335202671;3511-015-01;995;KABAKUM;;1 NO LU AFET VE ACİL DURUM TOPLANMA ALANI;26.89066778059;KABAKUM VATAN Sk.
TİRE;;38.020630213924;3527-006-01;997;AKYURT;;1 NO LU AFET VE ACİL DURUM TOPLANMA ALANI;27.600936535242;AKYURT VATAN Sk.
TİRE;;38.09054794848;3527-060-01;997;KURTULUŞ;;1 NO LU AFET VE ACİL DURUM TOPLANMA ALANI;27.735008653465;YENİPARK Sk.
KEMALPAŞA;;38.482351632395;3517-024-01;6;ULUCAK İSTİKLAL;;1 NO LU AFET VE ACİL DURUM TOPLANMA ALANI;27.363604407575;9135 Sk.
KEMALPAŞA;;38.459229069487;3517-041-01;6;SÜTÇÜLER;;1 NO LU AFET VE ACİL DURUM TOPLANMA ALANI;27.449745842731;AKEVLER Cd.
ÇEŞME;;38.321194879863;3509-006-01;1001;BOYALIK;;1 NO LU AFET VE ACİL DURUM TOPLANMA ALANI;26.331954476692;3211 Sk.
BAYINDIR;;38.169396897395;3504-028-01;7;HAVUZBAŞI;;1 NO LU AFET VE ACİL DURUM TOPLANMA ALANI;27.469680384403;HAVUZBAŞI KÖYİÇİ KümeEvleri
BAYINDIR;;38.250275927226;3504-017-01;7;DEREKÖY;;1 NO LU AFET VE ACİL DURUM TOPLANMA ALANI;27.680415000492;ILICA Sk.
MENEMEN;;38.544886583721;3522-001-01;17;9 EYLÜL;;1 NO LU AFET VE ACİL DURUM TOPLANMA ALANI;27.036108205818;7. Cd.
DİKİLİ;;39.104296498197;3511-019-01;995;KIZILÇUKUR;;1 NO LU AFET VE ACİL DURUM TOPLANMA ALANI;26.919420967877;KIZILÇUKUR CUMHURİYET Cd.
GÜZELBAHÇE;;38.338267831817;3514-012-01;1;YELKİ;;1 NO LU AFET VE ACİL DURUM TOPLANMA ALANI;26.86731531139;2330 Sk.
ÇEŞME;;38.286755942019;3509-003-01;1001;ÇİFTLİK;;1 NO LU AFET VE ACİL DURUM TOPLANMA ALANI;26.274944475368;135/1 Sk.
MENEMEN;;38.577000951565;3522-044-01;17;KEMAL ATATÜRK;;1 NO LU AFET VE ACİL DURUM TOPLANMA ALANI;27.070665560218;7509/2 Sk.
BAYRAKLI;;38.480749369292;3530-017-01;11;ORG.NAFİZ GÜRMAN;;1 NO LU AFET VE ACİL DURUM TOPLANMA ALANI;27.137023246547;7170 Sk.
BAYRAKLI;;38.46833503797;3530-009-01;11;EMEK;;1 NO LU AFET VE ACİL DURUM TOPLANMA ALANI;27.11874142188;ŞEHİT ASTEĞMEN MESUT UZLU Sk.
ÇEŞME;;38.319338922644;3509-005-01;1001;ARDIÇ;;1 NO LU AFET VE ACİL DURUM TOPLANMA ALANI;26.389173757746;5491 Sk.
TORBALI;;38.249450008955;3528-041-01;9;ORMANKÖY;;1 NO LU AFET VE ACİL DURUM TOPLANMA ALANI;27.456376567185;6330 Sk.
GÜZELBAHÇE;;38.341015363213;3514-007-01;1;MUSTAFA KEMAL PAŞA;;1 NO LU AFET VE ACİL DURUM TOPLANMA ALANI;26.870901402045;ŞEHİT İLHAMİ YILMAZ Cd.
BAYRAKLI;;38.470023493836;3530-003-01;11;ALPASLAN;;1 NO LU AFET VE ACİL DURUM TOPLANMA ALANI;27.167503736408;1620/6 Sk.
TİRE;;38.068540608152;3527-059-01;997;KURŞAK;;1 NO LU AFET VE ACİL DURUM TOPLANMA ALANI;27.566558761878;KURŞAK EĞREK Myd.
ÖDEMİŞ;;38.338302680457;3524-083-01;998;TEKKE;;1 NO LU AFET VE ACİL DURUM TOPLANMA ALANI;28.063539719379;ELMABAĞ KümeEvleri
TORBALI;;38.0800003489;3528-002-01;9;AHMETLİ;;1 NO LU AFET VE ACİL DURUM TOPLANMA ALANI;27.374494773497;6101/2 Sk.
TORBALI;;38.147209820426;3528-057-01;9;YEMİŞLİK;;1 NO LU AFET VE ACİL DURUM TOPLANMA ALANI;27.369602341124;6010 Sk.
GAZİEMİR;;38.301669412582;3513-011-01;15;HÜRRİYET;;1 NO LU AFET VE ACİL DURUM TOPLANMA ALANI;27.180775522882;ÇAMLIK Cd.
MENEMEN;;38.611121369448;3522-015-01;17;CAMİİKEBİR;;1 NO LU AFET VE ACİL DURUM TOPLANMA ALANI;27.065276970166;ZİYA GÖKALP Cd.
MENEMEN;;38.561507636889;3522-002-01;17;30 AĞUSTOS;;1 NO LU AFET VE ACİL DURUM TOPLANMA ALANI;27.046912061496;7104 Sk.
MENDERES;;38.277821248804;3521-020-01;13;EFEMÇUKURU;;1 NO LU AFET VE ACİL DURUM TOPLANMA ALANI;26.97229386769;EFEMÇUKURU
MENDERES;;38.25187620552;3521-038-01;13;MİTHATPAŞA;;1 NO LU AFET VE ACİL DURUM TOPLANMA ALANI;27.138160883275;553 Sk.
TORBALI;;38.271117222203;3528-009-01;9;BOZKÖY;;1 NO LU AFET VE ACİL DURUM TOPLANMA ALANI;27.365611034174;6165 Sk.
KARŞIYAKA;;38.4949585078;3516-016-01;20;LATİFE HANIM;;1 NO LU AFET VE ACİL DURUM TOPLANMA ALANI;27.117303719719;7447/13 Sk.
KİRAZ;;38.267782421003;3519-037-01;994;PINARBAŞI;;1 NO LU AFET VE ACİL DURUM TOPLANMA ALANI;28.218549300238;PINARBAŞI KümeEvleri
TORBALI;;38.197141968148;3528-034-01;9;KAZIM KARABEKİR;;1 NO LU AFET VE ACİL DURUM TOPLANMA ALANI;27.235385197265;29 EKİM CUMHURİYET Myd.
KARŞIYAKA;;38.463740034537;3516-023-01;20;TERSANE;;1 NO LU AFET VE ACİL DURUM TOPLANMA ALANI;27.128182758446;1664 Sk.
ÇEŞME;;38.280886077322;3509-022-01;1001;ŞEHİT MEHMET;;1 NO LU AFET VE ACİL DURUM TOPLANMA ALANI;26.250064440607;336 Sk.
KARŞIYAKA;;38.472148576333;3516-012-01;20;FİKRİ ALTAY;;1 NO LU AFET VE ACİL DURUM TOPLANMA ALANI;27.103173951706;6184/3 Sk.
KARŞIYAKA;;38.460068825255;3516-007-01;20;BOSTANLI;;1 NO LU AFET VE ACİL DURUM TOPLANMA ALANI;27.101081859658;CENGİZ KOCATOROS Sk.
URLA;;38.332435744692;3529-033-01;18;YENİCE;;1 NO LU AFET VE ACİL DURUM TOPLANMA ALANI;26.791143650113;AKDENİZ Sk.
ÇEŞME;;38.317731254046;3509-013-01;1001;GERMİYAN;;1 NO LU AFET VE ACİL DURUM TOPLANMA ALANI;26.460273399958;ÖREN KümeEvleri
KARŞIYAKA;;38.453876965576;3516-001-01;20;AKSOY;;1 NO LU AFET VE ACİL DURUM TOPLANMA ALANI;27.106623286437;1751 Sk.
BUCA;;38.358159056364;3508-037-01;8;MUSTAFA KEMAL;;1 NO LU AFET VE ACİL DURUM TOPLANMA ALANI;27.150520262041;694/47 Sk.
BUCA;;38.399202617128;3508-005-01;8;AYDOĞDU;;1 NO LU AFET VE ACİL DURUM TOPLANMA ALANI;27.200709437623;1250 Sk.
MENEMEN;;38.588097743514;3522-067-01;17;ZEYTİNLİK;;1 NO LU AFET VE ACİL DURUM TOPLANMA ALANI;27.075583347021;9021/1 Sk.
MENEMEN;;38.654563910442;3522-062-01;17;YANIKKÖY;;1 NO LU AFET VE ACİL DURUM TOPLANMA ALANI;27.081694615582;NEHİR Sk.
KONAK;;38.438155547008;3520-073-01;21;MERSİNLİ;;1 NO LU AFET VE ACİL DURUM TOPLANMA ALANI;27.176762729545;2807 Sk.
TORBALI;;38.265608218604;3528-061-01;9;YEŞİLKÖY;;1 NO LU AFET VE ACİL DURUM TOPLANMA ALANI;27.244601108256;6423/8 Sk.
TORBALI;;38.239665105768;3528-031-01;9;GAZİ MUSTAFA KEMAL;;1 NO LU AFET VE ACİL DURUM TOPLANMA ALANI;27.390555503725;MUSTAFA KEMAL ATATÜRK Cd.
ÇİĞLİ;;38.503304620356;3510-026-01;16;YAKAKENT;;1 NO LU AFET VE ACİL DURUM TOPLANMA ALANI;27.077371176023;8087/11 Sk.
TORBALI;;38.281190405309;3528-018-01;9;DEMİRCİ;;1 NO LU AFET VE ACİL DURUM TOPLANMA ALANI;27.286089283519;6254 Sk.
TORBALI;;38.212233135736;3528-042-01;9;ORTAKÖY;;1 NO LU AFET VE ACİL DURUM TOPLANMA ALANI;27.368915594315;CAMİ ÖNÜ Sk.
TORBALI;;38.146809044727;3528-033-01;9;KARŞIYAKA;;1 NO LU AFET VE ACİL DURUM TOPLANMA ALANI;27.371329675663;BEKİR SAKARYA Cd.
MENEMEN;;38.579434223351;3522-038-01;17;İNÖNÜ;;1 NO LU AFET VE ACİL DURUM TOPLANMA ALANI;26.980935379842;4137 Sk.
MENEMEN;;38.685167746082;3522-024-01;17;FATİH;;1 NO LU AFET VE ACİL DURUM TOPLANMA ALANI;27.030588003777;MAREŞAL FEVZİ ÇAKMAK Cd.
MENEMEN;;38.598393990061;3522-060-01;17;VİLLAKENT;;1 NO LU AFET VE ACİL DURUM TOPLANMA ALANI;26.923091113399;5151 Sk.
MENEMEN;;38.619695187558;3522-011-01;17;BAĞCILAR;;1 NO LU AFET VE ACİL DURUM TOPLANMA ALANI;27.200965216349;BAĞCILAR KümeEvleri
MENEMEN;;38.66299325847;3522-054-01;17;TELEKLER;;1 NO LU AFET VE ACİL DURUM TOPLANMA ALANI;27.216027013582;TELEKLER KümeEvleri
TORBALI;;38.165078022397;3528-003-01;9;ALPKENT;;1 NO LU AFET VE ACİL DURUM TOPLANMA ALANI;27.354989711293;1022 Sk.
MENDERES;;38.263148350036;3521-022-01;13;GÖLCÜKLER;;1 NO LU AFET VE ACİL DURUM TOPLANMA ALANI;27.137130901297;779/2 Sk.
MENDERES;;38.277518271404;3521-035-01;13;KISIK;;1 NO LU AFET VE ACİL DURUM TOPLANMA ALANI;27.186139954271;7709 Sk.
MENDERES;95;38.071081546299;3521-009-01;13;ÇAKALTEPE;;1 NO LU AFET VE ACİL DURUM TOPLANMA ALANI;27.211073984842;ÇAKALTEPE KümeEvleri
KARABAĞLAR;;38.393266089627;3531-021-01;19;ESENYALI;;1 NO LU AFET VE ACİL DURUM TOPLANMA ALANI;27.089280312495;52/72 Sk.
GAZİEMİR;;38.307327091231;3513-008-01;15;FATİH;;1 NO LU AFET VE ACİL DURUM TOPLANMA ALANI;27.175711528198;ÇAMLIK Cd.
MENEMEN;;38.713410526896;3522-055-01;17;TURGUTLAR;;1 NO LU AFET VE ACİL DURUM TOPLANMA ALANI;27.163532332188;TURGUTLAR KümeEvleri
MENEMEN;;38.628926516903;3522-003-01;17;75.YIL CUMHURİYET;;1 NO LU AFET VE ACİL DURUM TOPLANMA ALANI;26.909018919593;ZEKERİYA TOKSUZ Cd.
ÇİĞLİ;;38.500233686401;3510-009-01;16;ÇAĞDAŞ;;1 NO LU AFET VE ACİL DURUM TOPLANMA ALANI;27.064005800164;8818 Sk.
KINIK;;39.063270266623;3518-007-01;996;BALABAN;;1 NO LU AFET VE ACİL DURUM TOPLANMA ALANI;27.261972347837;ATEŞ Sk.
KINIK;;39.060866038541;3518-006-01;996;BAĞALAN;;1 NO LU AFET VE ACİL DURUM TOPLANMA ALANI;27.422863884669;ÜÇARMUT KümeEvleri
ÇİĞLİ;;38.535001088677;3510-016-01;16;HARMANDALI GAZİ MUSTAFA KEMAL ATATÜRK;;1 NO LU AFET VE ACİL DURUM TOPLANMA ALANI;27.050506249448;9 EYLÜL Cd.
BUCA;;38.371416660623;3508-045-01;8;YILDIZ;;1 NO LU AFET VE ACİL DURUM TOPLANMA ALANI;27.173479834181;242/26 Sk.
ÇİĞLİ;;38.511381124712;3510-007-01;16;BALATÇIK;;1 NO LU AFET VE ACİL DURUM TOPLANMA ALANI;27.039316169666;8788/11 Sk.
ÇEŞME;;38.294709483927;3509-002-11;1001;ALAÇATI;;1 NO LU AFET VE ACİL DURUM TOPLANMA ALANI;26.38185677436;16096 Sk.
GÜZELBAHÇE;;38.355706356204;3514-004-01;1;KAHRAMANDERE;;1 NO LU AFET VE ACİL DURUM TOPLANMA ALANI;26.881152727802;900 Sk.
ÇEŞME;;38.317638593566;3509-023-01;1001;ŞİFNE;;1 NO LU AFET VE ACİL DURUM TOPLANMA ALANI;26.402681297649;6448 Sk.
ÇEŞME;;38.349357647811;3509-008-01;1001;CUMHURİYET;;1 NO LU AFET VE ACİL DURUM TOPLANMA ALANI;26.304078365012;4527 Sk.
KINIK;;38.998733741994;3518-001-01;996;ARPADERE;;1 NO LU AFET VE ACİL DURUM TOPLANMA ALANI;27.462016004765;ARKADAŞ KümeEvleri
KINIK;;39.029583817361;3518-015-01;996;ELMADERE;;1 NO LU AFET VE ACİL DURUM TOPLANMA ALANI;27.48504528914;GÖLCÜK KümeEvleri
BORNOVA;;38.43323086856;3507-016-01;2;GAZİ OSMAN PAŞA;;1 NO LU AFET VE ACİL DURUM TOPLANMA ALANI;27.196610985687;5460 Sk.
BORNOVA;;38.485183799478;3507-001-01;2;ATATÜRK;;1 NO LU AFET VE ACİL DURUM TOPLANMA ALANI;27.19991536355;954 Sk.
KEMALPAŞA;;38.341499771092;3517-042-01;6;VİŞNELİ;;1 NO LU AFET VE ACİL DURUM TOPLANMA ALANI;27.398301520166;4004 Sk.
KEMALPAŞA;;38.397319479135;3517-006-01;6;AŞAĞIKIZILCA;;1 NO LU AFET VE ACİL DURUM TOPLANMA ALANI;27.513560742201;2002 Sk.
KEMALPAŞA;;38.488635555766;3517-030-01;6;KUYUCAK;;1 NO LU AFET VE ACİL DURUM TOPLANMA ALANI;27.390844776999;KUYUCAK YOLU KümeEvleri
KEMALPAŞA;;38.462446680892;3517-004-01;6;AKALAN;;1 NO LU AFET VE ACİL DURUM TOPLANMA ALANI;27.479882988632;1535 Sk.
MENEMEN;;38.5682952224;3522-031-01;17;GÜNERLİ;;1 NO LU AFET VE ACİL DURUM TOPLANMA ALANI;26.997792999392;UMUT Cd.
KEMALPAŞA;;38.428146621134;3517-047-01;6;YEŞİLYURT;;1 NO LU AFET VE ACİL DURUM TOPLANMA ALANI;27.675195172324;YEŞİLYURT YOLU KümeEvleri
ÇİĞLİ;;38.494555420954;3510-002-01;16;AHMET TANER KIŞLALI;;1 NO LU AFET VE ACİL DURUM TOPLANMA ALANI;27.090009697078;6794 Sk.
BAYINDIR;;38.242793690388;3504-036-01;7;KIZILCAAĞAÇ;;1 NO LU AFET VE ACİL DURUM TOPLANMA ALANI;27.637349678922;KIZILCAAĞAÇ KümeEvleri
BAYINDIR;;38.215569457432;3504-021-01;7;FATİH;;1 NO LU AFET VE ACİL DURUM TOPLANMA ALANI;27.650806296434;TOROS Cd.
BAYINDIR;;38.269938167144;3504-018-01;7;DERNEKLİ;;1 NO LU AFET VE ACİL DURUM TOPLANMA ALANI;27.547871590753;DERNEKLİ KümeEvleri
ÇEŞME;;38.285198042405;3509-019-01;1001;OVACIK;;1 NO LU AFET VE ACİL DURUM TOPLANMA ALANI;26.313138942786;7128 Sk.
MENDERES;;38.118499917954;3521-048-01;13;DEĞİRMENDERE;;1 NO LU AFET VE ACİL DURUM TOPLANMA ALANI;27.141036419483;GAZİ OSMAN PAŞA Cd.
ÇİĞLİ;;38.51079347698;3510-011-01;16;ESENTEPE;;1 NO LU AFET VE ACİL DURUM TOPLANMA ALANI;27.050677951635;8809
ÇİĞLİ;;38.487871006438;3510-004-01;16;ATAŞEHİR;;1 NO LU AFET VE ACİL DURUM TOPLANMA ALANI;27.053209983758;8229/1 Sk.
TİRE;;38.033508856958;3527-015-01;997;BÜYÜKKALE;;1 NO LU AFET VE ACİL DURUM TOPLANMA ALANI;27.558256080142;4260 Sk.
KEMALPAŞA;;38.411511551754;3517-027-01;6;BAĞYURDU KEMAL ATATÜRK;;1 NO LU AFET VE ACİL DURUM TOPLANMA ALANI;27.622286204993;SAMİ ÖREN
URLA;;38.371853713755;3529-008-01;18;ÇAMLIÇAY;;1 NO LU AFET VE ACİL DURUM TOPLANMA ALANI;26.855467994656;MAREŞAL FEVZİ ÇAKMAK Blv.
KARŞIYAKA;;38.476371392388;3516-014-01;20;İMBATLI;;1 NO LU AFET VE ACİL DURUM TOPLANMA ALANI;27.104619647981;6086 Sk.
TORBALI;;38.295512652354;3528-032-01;9;KARAOT;;1 NO LU AFET VE ACİL DURUM TOPLANMA ALANI;27.437598442184;KARAOT KÖY YOLU KümeEvleri
GÜZELBAHÇE;;38.3619066441;3514-001-01;1;ATATÜRK;;1 NO LU AFET VE ACİL DURUM TOPLANMA ALANI;26.886828242799;KAZIM DİRİK Cd.
MENDERES;;38.058512349142;3521-028-01;13;GÜMÜLDÜR İNÖNÜ;;1 NO LU AFET VE ACİL DURUM TOPLANMA ALANI;27.036967337817;6074
TORBALI;;38.108944695403;3528-001-01;9;19 MAYIS;;1 NO LU AFET VE ACİL DURUM TOPLANMA ALANI;27.429640665957;8500 Sk.
KİRAZ;;38.168317921877;3519-028-01;994;KARAMAN;;1 NO LU AFET VE ACİL DURUM TOPLANMA ALANI;28.213399622723;KARAMAN KümeEvleri
KONAK;;38.408081066156;3520-099-01;21;ULUBATLI;;1 NO LU AFET VE ACİL DURUM TOPLANMA ALANI;27.169574495784;ADALET Cd.
GÜZELBAHÇE;;38.377897063799;3514-011-01;1;YALI;;1 NO LU AFET VE ACİL DURUM TOPLANMA ALANI;26.8998636854;132 Sk.
MENEMEN;;38.604523277158;3522-006-01;17;KAZIMPAŞA;;1 NO LU AFET VE ACİL DURUM TOPLANMA ALANI;27.062640383116;BAHÇELER Sk.
BUCA;;38.398571952736;3508-034-01;8;LALELİ;;1 NO LU AFET VE ACİL DURUM TOPLANMA ALANI;27.153610083374;411/1 Sk.
KINIK;;39.045261043619;3518-008-01;996;BÜYÜKOBA;;1 NO LU AFET VE ACİL DURUM TOPLANMA ALANI;27.466225634117;KUŞKAYA KümeEvleri
KINIK;;38.962754435752;3518-030-01;996;ÖRTÜLÜ;;1 NO LU AFET VE ACİL DURUM TOPLANMA ALANI;27.346941807812;OKUL Cd.
MENDERES;;38.069189371563;3521-027-01;13;GÜMÜLDÜR FEVZİ ÇAKMAK;;1 NO LU AFET VE ACİL DURUM TOPLANMA ALANI;27.01623931382;GAZİ MUSTAFA KEMAL PAŞA
BUCA;;38.396057864182;3508-042-01;8;YAYLACIK;;1 NO LU AFET VE ACİL DURUM TOPLANMA ALANI;27.172492744837;1026 Sk.
BUCA;;38.38803565486;3508-003-01;8;AKINCILAR;;1 NO LU AFET VE ACİL DURUM TOPLANMA ALANI;27.151335599229;KOŞU YOLU Cd.
KEMALPAŞA;;38.430129872462;3517-038-01;6;SEKİZ EYLÜL;;1 NO LU AFET VE ACİL DURUM TOPLANMA ALANI;27.416143342099;KEMALPAŞA STADI Cd.
NARLIDERE;;38.38294340062;3523-001-01;5;ATATÜRK;;1 NO LU AFET VE ACİL DURUM TOPLANMA ALANI;27.016308516314;GÖKKUŞAĞI Sk.
GÜZELBAHÇE;;38.367538586421;3514-003-01;1;ÇELEBİ;;1 NO LU AFET VE ACİL DURUM TOPLANMA ALANI;26.876941660043;490 Sk.
BUCA;;38.381375059491;3508-043-01;8;FIRAT;;1 NO LU AFET VE ACİL DURUM TOPLANMA ALANI;27.160734023891;271 Sk.
BAYRAKLI;;38.479187246724;3530-020-01;11;R.ŞEVKET İNCE;;1 NO LU AFET VE ACİL DURUM TOPLANMA ALANI;27.183114099836;2148/3 Sk.
DİKİLİ;;39.159955608602;3511-023-01;995;NEBİLER;;1 NO LU AFET VE ACİL DURUM TOPLANMA ALANI;26.901825660805;NEBİLER 1 Sk.
DİKİLİ;;38.954477900083;3511-009-01;995;DENİZKÖY;;1 NO LU AFET VE ACİL DURUM TOPLANMA ALANI;26.811618416877;DENİZKÖY 10 Sk.
ÇEŞME;;38.34950699936;3509-011-01;1001;DALYAN;;1 NO LU AFET VE ACİL DURUM TOPLANMA ALANI;26.307366736508;4032/1 Sk.
DİKİLİ;;39.207523811231;3511-002-01;995;BAHÇELİ;;1 NO LU AFET VE ACİL DURUM TOPLANMA ALANI;26.817454412781;İZMİR ÇANAKKALE Cd.
TORBALI;;38.145201726985;3528-049-01;9;ŞEHİTLER;;1 NO LU AFET VE ACİL DURUM TOPLANMA ALANI;27.40414902227;7521 Cd.
MENEMEN;;38.60746190312;3522-042-01;17;KASIMPAŞA;;1 NO LU AFET VE ACİL DURUM TOPLANMA ALANI;27.07376612606;ALTUĞ KARABURUN Cd.
FOÇA;;38.733406953133;3512-002-01;4;CUMHURİYET;;1 NO LU AFET VE ACİL DURUM TOPLANMA ALANI;26.897105761893;EMRE Sk.
MENEMEN;;38.616399536364;3522-045-01;17;KESİK;;1 NO LU AFET VE ACİL DURUM TOPLANMA ALANI;26.992777209611;3011 Sk.
FOÇA;;38.685720360625;3512-007-01;4;ILIPINAR;;1 NO LU AFET VE ACİL DURUM TOPLANMA ALANI;26.918820903722;FOÇA İZMİR KARAYOLU Sk.
MENEMEN;;38.606978771646;3522-025-01;17;AHIHIDIR;;1 NO LU AFET VE ACİL DURUM TOPLANMA ALANI;27.066133938857;İZMİR Cd.
GÜZELBAHÇE;;38.361700545791;3514-010-01;1;YAKA;;1 NO LU AFET VE ACİL DURUM TOPLANMA ALANI;26.894547602032;471 Sk.
KİRAZ;;38.229698698399;3519-035-01;994;ÖREN;;1 NO LU AFET VE ACİL DURUM TOPLANMA ALANI;28.417761452149;ÖREN KümeEvleri
ÖDEMİŞ;;38.272162283955;3524-036-01;998;GÖLCÜK;;1 NO LU AFET VE ACİL DURUM TOPLANMA ALANI;28.005003570396;ACET Sk.
KİRAZ;;38.147531421994;3519-047-01;994;TUMBULLAR;;1 NO LU AFET VE ACİL DURUM TOPLANMA ALANI;28.438446664098;TUMBULLAR KümeEvleri
KARŞIYAKA;;38.473643672475;3516-017-01;20;MAVİŞEHİR;;1 NO LU AFET VE ACİL DURUM TOPLANMA ALANI;27.073723440669;HANRİ BENAZUS Cd.
KINIK;;39.066647147835;3518-022-01;996;KARATEKELİ;;1 NO LU AFET VE ACİL DURUM TOPLANMA ALANI;27.298632598176;AŞAĞI KümeEvleri
KINIK;;39.035217393413;3518-012-01;996;ÇİFTLİKKÖY;;1 NO LU AFET VE ACİL DURUM TOPLANMA ALANI;27.274513003682;MUSTAFA KEMAL KümeEvleri
KİRAZ;;38.262323809949;3519-051-01;994;VELİLER;;1 NO LU AFET VE ACİL DURUM TOPLANMA ALANI;28.193744356996;ULU VELİLER KümeEvleri
KARŞIYAKA;;38.493279079229;3516-027-01;20;ZÜBEYDE HANIM;;1 NO LU AFET VE ACİL DURUM TOPLANMA ALANI;27.11260451573;7400/12 Sk.
NARLIDERE;;38.39406064783;3523-007-01;5;ILICA;;1 NO LU AFET VE ACİL DURUM TOPLANMA ALANI;27.018738566441;GAZETECİ FEVZİ YILMAZ Sk.
KEMALPAŞA;;38.518365941778;3517-009-01;6;BEŞPINAR;;1 NO LU AFET VE ACİL DURUM TOPLANMA ALANI;27.453972887524;BEŞPINAR KÖYİÇİ KümeEvleri
BAYRAKLI;;38.47698669596;3530-005-01;11;CENGİZHAN;;1 NO LU AFET VE ACİL DURUM TOPLANMA ALANI;27.167428623178;1620/39 Sk.
KEMALPAŞA;;38.497897672348;3517-015-01;6;DAMLACIK;;1 NO LU AFET VE ACİL DURUM TOPLANMA ALANI;27.376618395733;9514
BAYRAKLI;;38.474273718083;3530-001-01;11;75. YIL;;1 NO LU AFET VE ACİL DURUM TOPLANMA ALANI;27.155133442755;1620/41 Sk.
MENEMEN;;38.577544033779;3522-059-01;17;ULUS;;1 NO LU AFET VE ACİL DURUM TOPLANMA ALANI;27.067759400199;7526/3 Sk.
MENEMEN;;38.549804602065;3522-056-01;17;TUZÇULLU;;1 NO LU AFET VE ACİL DURUM TOPLANMA ALANI;26.938842393073;3001 Cd.
MENEMEN;;38.537122075331;3522-053-01;17;SÜZBEYLİ;;1 NO LU AFET VE ACİL DURUM TOPLANMA ALANI;26.911804541536;5001 Sk.
MENEMEN;;38.597505345391;3522-039-01;17;İSMET İNÖNÜ;;1 NO LU AFET VE ACİL DURUM TOPLANMA ALANI;27.077666055834;80.YIL Cd.
BERGAMA;;39.087843512197;3505-033-01;999;ÇAMKÖY;;1 NO LU AFET VE ACİL DURUM TOPLANMA ALANI;27.080610252639;ÇAMKÖY KümeEvleri
BERGAMA;;38.942763591099;3505-023-01;999;BEKİRLER;;1 NO LU AFET VE ACİL DURUM TOPLANMA ALANI;27.278578029622;BEKİRLER
BERGAMA;;39.101432709491;3505-019-01;999;BAHÇELİEVLER;;1 NO LU AFET VE ACİL DURUM TOPLANMA ALANI;27.15193518714;YEŞİLLİK Cd.
KARABURUN;;38.656703877288;3515-002-01;1000;BOZKÖY;;1 NO LU AFET VE ACİL DURUM TOPLANMA ALANI;26.468812879074;GAZİ MUSTAFA KEMAL KümeEvleri
TİRE;;38.086781916315;3527-022-01;997;ÇİNİYERİ;;1 NO LU AFET VE ACİL DURUM TOPLANMA ALANI;27.804063125599;ÇAKIL Sk.
MENEMEN;;38.697336445371;3522-019-01;17;ÇUKURKÖY;;1 NO LU AFET VE ACİL DURUM TOPLANMA ALANI;27.121085269587;ÇUKURKÖY KümeEvleri
MENEMEN;;38.59813525219;3522-008-01;17;ATATÜRK;;1 NO LU AFET VE ACİL DURUM TOPLANMA ALANI;27.061006936922;1506 Sk.
KARABAĞLAR;;38.383376606251;3531-043-01;19;SALİH OMURTAK;;1 NO LU AFET VE ACİL DURUM TOPLANMA ALANI;27.10033097523;9629/3 Sk.
TİRE;;38.086215028224;3527-071-01;997;PAŞA;;1 NO LU AFET VE ACİL DURUM TOPLANMA ALANI;27.743424048601;ERALİ Sk.
KİRAZ;;38.236575471704;3519-002-01;994;AKPINAR;;1 NO LU AFET VE ACİL DURUM TOPLANMA ALANI;28.388064160512;AKPINAR KümeEvleri
KARABAĞLAR;;38.396326889764;3531-016-01;19;ÇALIKUŞU;;1 NO LU AFET VE ACİL DURUM TOPLANMA ALANI;27.127421129055;ESKİİZMİR Cd.
BEYDAĞ;;38.070068942661;3506-006-01;993;BEYKÖY;;1 NO LU AFET VE ACİL DURUM TOPLANMA ALANI;28.211468578221;KUVAYİ MİLLİYE YOLU Sk.
BEYDAĞ;;38.073177110718;3506-001-01;993;ADAKÜRE;;1 NO LU AFET VE ACİL DURUM TOPLANMA ALANI;28.201726837607;BAŞARI KümeEvleri
BERGAMA;;39.103164509263;3505-011-01;999;ATATÜRK;;1 NO LU AFET VE ACİL DURUM TOPLANMA ALANI;27.190773383631;FATİH Cd.
ÇİĞLİ;;38.496150802916;3510-027-01;16;YENİ MAHALLE;;1 NO LU AFET VE ACİL DURUM TOPLANMA ALANI;27.049240319924;8200/4 Sk.
ÇİĞLİ;;38.506763611515;3510-019-01;16;KAKLIÇ;;1 NO LU AFET VE ACİL DURUM TOPLANMA ALANI;26.98596194101;10319 Sk.
BERGAMA;;39.223550668967;3505-005-01;999;ALİBEYLİ;;1 NO LU AFET VE ACİL DURUM TOPLANMA ALANI;27.379535412944;ALİBEYLİ KümeEvleri
BUCA;;38.396293314817;3508-027-01;8;İZKENT;;1 NO LU AFET VE ACİL DURUM TOPLANMA ALANI;27.184079829567;YAVUZ SULTAN SELİM Cd.
BUCA;;38.359235893565;3508-026-01;8;İNÖNÜ;;1 NO LU AFET VE ACİL DURUM TOPLANMA ALANI;27.13979147782;677 Sk.
URLA;;38.338172910129;3529-011-01;18;GÜLBAHÇE;;1 NO LU AFET VE ACİL DURUM TOPLANMA ALANI;26.640730136999;12064 Sk.
KONAK;;38.417008880292;3520-105-01;21;YENİDOĞAN;;1 NO LU AFET VE ACİL DURUM TOPLANMA ALANI;27.156893059769;1139 Sk.
BUCA;;38.393804317624;3508-023-01;8;GÜVEN;;1 NO LU AFET VE ACİL DURUM TOPLANMA ALANI;27.149372222314;392
KARABAĞLAR;;38.381475950774;3531-029-01;19;KARABAĞLAR;;1 NO LU AFET VE ACİL DURUM TOPLANMA ALANI;27.130505679113;5770/14 Sk.
TORBALI;;38.280310469963;3528-030-01;9;KARAKIZLAR;;1 NO LU AFET VE ACİL DURUM TOPLANMA ALANI;27.441098731808;KARAKIZLAR MAHALLESİ ATATÜRK Cd.
BAYRAKLI;;38.47289621884;3530-015-01;11;MUHİTTİN ERENER;;1 NO LU AFET VE ACİL DURUM TOPLANMA ALANI;27.17482076138;2143 Sk.
KARABAĞLAR;;38.379036911543;3531-010-01;19;BAHRİYE ÜÇOK;;1 NO LU AFET VE ACİL DURUM TOPLANMA ALANI;27.100674303629;9692 Sk.
BEYDAĞ;;38.091282964715;3506-013-01;993;HALIKÖY;;1 NO LU AFET VE ACİL DURUM TOPLANMA ALANI;28.171600385929;NEHİR KümeEvleri
TORBALI;;38.243181140264;3528-026-01;9;HELVACI;;1 NO LU AFET VE ACİL DURUM TOPLANMA ALANI;27.473199307811;6290 Sk.
TORBALI;;38.130856345901;3528-021-01;9;EĞERCİ;;1 NO LU AFET VE ACİL DURUM TOPLANMA ALANI;27.401874543433;EĞERCİ 4.KÜME EVLERİ KümeEvleri
KARŞIYAKA;;38.462404293683;3516-019-01;20;NERGİZ;;1 NO LU AFET VE ACİL DURUM TOPLANMA ALANI;27.105405555096;1775 Sk.
KARŞIYAKA;;38.48839171722;3516-015-01;20;İNÖNÜ;;1 NO LU AFET VE ACİL DURUM TOPLANMA ALANI;27.096897586124;6732/6 Sk.
KARŞIYAKA;;38.454120629198;3516-011-01;20;DONANMACI;;1 NO LU AFET VE ACİL DURUM TOPLANMA ALANI;27.117711482891;YALI Blv.
KİRAZ;;38.185995508687;3519-020-01;994;HALİLLER;;1 NO LU AFET VE ACİL DURUM TOPLANMA ALANI;28.289445227412;HALİLLER KümeEvleri
MENDERES;;38.044927431771;3521-012-01;13;ÇİLE;;1 NO LU AFET VE ACİL DURUM TOPLANMA ALANI;27.187299047747;7451 Sk.
ÇİĞLİ;;38.528278498679;3510-017-01;16;İNÖNÜ;;1 NO LU AFET VE ACİL DURUM TOPLANMA ALANI;27.047995725843;9201 Sk.
ÇİĞLİ;;38.515265870454;3510-013-01;16;EVKA-5;;1 NO LU AFET VE ACİL DURUM TOPLANMA ALANI;27.053743693624;8925 Sk.
KARŞIYAKA;;38.484377462321;3516-008-01;20;CUMHURİYET;;1 NO LU AFET VE ACİL DURUM TOPLANMA ALANI;27.095395563392;6713 Sk.
MENEMEN;;38.635617816473;3522-018-01;17;ÇAVUŞ;;1 NO LU AFET VE ACİL DURUM TOPLANMA ALANI;27.025204922978;200 Sk.
MENDERES;;38.179804371669;3521-033-01;13;ŞAŞAL;;1 NO LU AFET VE ACİL DURUM TOPLANMA ALANI;27.113012738987;MENDERES-GÜMÜLDÜR Cd.
TİRE;;37.987555458626;3527-075-01;997;SOMAK;;1 NO LU AFET VE ACİL DURUM TOPLANMA ALANI;27.77121844795;SOMAK YENİ Sk.
TİRE;;38.084643283555;3527-027-01;997;DERE;;1 NO LU AFET VE ACİL DURUM TOPLANMA ALANI;27.73793225555;SARICA YUSUF Sk.
ÇEŞME;;38.316939837084;3509-012-01;1001;FAHRETTİNPAŞA;;1 NO LU AFET VE ACİL DURUM TOPLANMA ALANI;26.326700063622;EMİNE ÇİZGENAKAT Sk.
KİRAZ;;38.182689658751;3519-052-01;994;YAĞLAR;;1 NO LU AFET VE ACİL DURUM TOPLANMA ALANI;28.20309996925;YAĞLAR KümeEvleri
KİRAZ;;38.21607785151;3519-044-01;994;ŞEMSİLER;;1 NO LU AFET VE ACİL DURUM TOPLANMA ALANI;28.218206051594;ŞEMSİLER KümeEvleri
KİRAZ;;38.161907205162;3519-033-01;994;OLGUNLAR;;1 NO LU AFET VE ACİL DURUM TOPLANMA ALANI;28.366005876651;OLGUNLAR KümeEvleri
KİRAZ;;38.19968927049;3519-024-01;994;KALEKÖY;;1 NO LU AFET VE ACİL DURUM TOPLANMA ALANI;28.295496243618;KALEKÖY KümeEvleri
KİRAZ;;38.240552823536;3519-015-01;994;ÇÖMLEKÇİ;;1 NO LU AFET VE ACİL DURUM TOPLANMA ALANI;28.262580273033;ÇÖMLEKÇİ KümeEvleri
ÇEŞME;;38.304674232047;3509-007-01;1001;CELAL BAYAR;;1 NO LU AFET VE ACİL DURUM TOPLANMA ALANI;26.379818287132;5189 Sk.
BUCA;;38.348534093623;3508-048-01;8;ZAFER;;1 NO LU AFET VE ACİL DURUM TOPLANMA ALANI;27.228754559489;2364 Sk.
KEMALPAŞA;;38.412688475246;3517-048-01;6;YİĞİTLER;;1 NO LU AFET VE ACİL DURUM TOPLANMA ALANI;27.611814911016;YİĞİTLER YOLU KümeEvleri
NARLIDERE;;38.395843264817;3523-005-01;5;ÇATALKAYA;;1 NO LU AFET VE ACİL DURUM TOPLANMA ALANI;27.000277010976;MİTHATPAŞA Cd.
KONAK;;38.429835458632;3520-045-01;21;HALKAPINAR;;1 NO LU AFET VE ACİL DURUM TOPLANMA ALANI;27.168437208231;1202/1 Sk.
BAYINDIR;;38.209670582007;3504-054-01;7;YAKAPINAR;;1 NO LU AFET VE ACİL DURUM TOPLANMA ALANI;27.542464379197;A.MUZAFFER TUNÇAĞ Sk.
KEMALPAŞA;;38.414798518639;3517-043-01;6;BAĞYURDU YENİ;;1 NO LU AFET VE ACİL DURUM TOPLANMA ALANI;27.629796347896;BAĞYURDU İZMİR Cd.
BAYINDIR;;38.221429817194;3504-043-01;7;MİTHATPAŞA;;1 NO LU AFET VE ACİL DURUM TOPLANMA ALANI;27.647702987061;ATATÜRK Cd.
BAYINDIR;;38.171033263319;3504-042-01;7;MEKTEP;;1 NO LU AFET VE ACİL DURUM TOPLANMA ALANI;27.497425012345;VALİ KAZIM DİRİK Cd.
BAYINDIR;;38.290845676504;3504-013-01;7;ÇINARDİBİ;;1 NO LU AFET VE ACİL DURUM TOPLANMA ALANI;27.517004850615;NESRİN KAHRAMAN KümeEvleri
KİRAZ;;38.205085251302;3519-016-01;994;DOĞANCILAR;;1 NO LU AFET VE ACİL DURUM TOPLANMA ALANI;28.453810210736;DOĞANCILAR KümeEvleri
KİRAZ;;38.230507782629;3519-007-01;994;BAHÇEARASI;;1 NO LU AFET VE ACİL DURUM TOPLANMA ALANI;28.436129134877;BAHÇELİ KümeEvleri
BAYINDIR;;38.245372208053;3504-033-01;7;KARAHAYIT;;1 NO LU AFET VE ACİL DURUM TOPLANMA ALANI;27.748993386713;KARAHAYIT KümeEvleri
BAYINDIR;;38.240754541298;3504-020-01;7;ERGENLİ;;1 NO LU AFET VE ACİL DURUM TOPLANMA ALANI;27.69077901911;ILICA Sk.
BAYRAKLI;;38.466218238847;3530-022-01;11;TEPEKULE;;1 NO LU AFET VE ACİL DURUM TOPLANMA ALANI;27.17880115102;1643/27 Sk.
BAYRAKLI;;38.483680439244;3530-016-01;11;ONUR;;1 NO LU AFET VE ACİL DURUM TOPLANMA ALANI;27.128987383305;7369/1 Sk.
GÜZELBAHÇE;;38.382627921767;3514-006-01;1;MALTEPE;;1 NO LU AFET VE ACİL DURUM TOPLANMA ALANI;26.92209371422;12 Sk.
KINIK;;39.090558497277;3518-031-01;996;POYRACIK;;1 NO LU AFET VE ACİL DURUM TOPLANMA ALANI;27.349033704406;BERGAMA Cd.
KINIK;;39.090558519339;3518-029-01;996;OSMANİYE;;1 NO LU AFET VE ACİL DURUM TOPLANMA ALANI;27.37045908698;TOPLU KONUT KümeEvleri
TORBALI;;38.138181256195;3528-058-01;9;ÇAYBAŞI;;1 NO LU AFET VE ACİL DURUM TOPLANMA ALANI;27.37814783045;MENDERES Cd.
TORBALI;;38.195493568534;3528-045-01;9;PANCAR;;1 NO LU AFET VE ACİL DURUM TOPLANMA ALANI;27.235733885394;PAMUKÇU OSMAN Sk.
TORBALI;;38.218100169376;3528-020-01;9;DÜVERLİK;;1 NO LU AFET VE ACİL DURUM TOPLANMA ALANI;27.449424366285;DÜVERLİK YOLU KümeEvleri
KINIK;;39.012322212563;3518-026-01;996;KÖSELER;;1 NO LU AFET VE ACİL DURUM TOPLANMA ALANI;27.373653714678;KARTAL KümeEvleri
KINIK;;39.091049834018;3518-016-01;996;FATİH;;1 NO LU AFET VE ACİL DURUM TOPLANMA ALANI;27.384658632403;CAN Sk.
KARABAĞLAR;;38.390537376339;3531-054-01;19;VATAN;;1 NO LU AFET VE ACİL DURUM TOPLANMA ALANI;27.101752526758;9242 Sk.
TORBALI;;38.162581180844;3528-004-01;9;ARSLANLAR;;1 NO LU AFET VE ACİL DURUM TOPLANMA ALANI;27.413633237772;DEĞİRMENALTI Sk.
TİRE;;38.083512740107;3527-054-01;997;KETENCİ;;1 NO LU AFET VE ACİL DURUM TOPLANMA ALANI;27.727191405131;KAVAKLARALTI Sk.
KINIK;;39.083895525059;3518-013-01;996;DEĞİRMENCİELİ;;1 NO LU AFET VE ACİL DURUM TOPLANMA ALANI;27.449456479499;BAŞKOMUTAN ATATÜRK Cd.
KINIK;;38.999208859937;3518-005-01;996;BADEMALAN;;1 NO LU AFET VE ACİL DURUM TOPLANMA ALANI;27.319886434674;SÖĞÜTALAN KümeEvleri
TORBALI;;38.120905674774;3528-059-01;9;YENİKÖY;;1 NO LU AFET VE ACİL DURUM TOPLANMA ALANI;27.329090503048;DEDECİK Sk.
KİRAZ;;38.272701488139;3519-056-01;994;YEŞİLDERE;;1 NO LU AFET VE ACİL DURUM TOPLANMA ALANI;28.16052802465;YEŞİLDERE KümeEvleri
KARABAĞLAR;;38.359216949439;3531-039-01;19;PEKER;;1 NO LU AFET VE ACİL DURUM TOPLANMA ALANI;27.12516546524;5137 Sk.
TİRE;;38.023647666866;3527-064-01;997;KÜÇÜKKÖMÜRCÜ;;1 NO LU AFET VE ACİL DURUM TOPLANMA ALANI;27.753796192911;KÜÇÜKKÖMÜRCÜ HALK Sk.
TİRE;;38.037819778517;3527-063-01;997;KÜÇÜKKEMERDERE;;1 NO LU AFET VE ACİL DURUM TOPLANMA ALANI;27.791088077523;KÜÇÜKKEMERDERE ATATÜRK Sk.
KİRAZ;;38.162851887775;3519-055-01;994;YENİŞEHİR;;1 NO LU AFET VE ACİL DURUM TOPLANMA ALANI;28.238204581009;YENİŞEHİR KümeEvleri
KİRAZ;;38.209030626768;3519-039-01;994;SARIKAYA;;1 NO LU AFET VE ACİL DURUM TOPLANMA ALANI;28.353217099299;SARIKAYA KümeEvleri
URLA;;38.381416592396;3529-023-01;18;ÖZBEK;;1 NO LU AFET VE ACİL DURUM TOPLANMA ALANI;26.680256233805;6078 Sk.
URLA;;38.298983882507;3529-021-01;18;NOHUTALAN;;1 NO LU AFET VE ACİL DURUM TOPLANMA ALANI;26.525837021821;KAVUN Sk.
URLA;;38.426708235745;3529-004-01;18;BALIKLIOVA;;1 NO LU AFET VE ACİL DURUM TOPLANMA ALANI;26.57777482262;13057 Sk.
TORBALI;;38.085303745081;3528-046-01;9;SAĞLIK;;1 NO LU AFET VE ACİL DURUM TOPLANMA ALANI;27.399986350562;6350 Sk.
KARABAĞLAR;;38.399834179745;3531-005-01;19;ARAP HASAN;;1 NO LU AFET VE ACİL DURUM TOPLANMA ALANI;27.106438306738;259 Sk.
MENEMEN;;38.70154297711;3522-013-01;17;BOZALAN;;1 NO LU AFET VE ACİL DURUM TOPLANMA ALANI;27.195862199969;BOZALAN KümeEvleri
KİRAZ;;38.111511862503;3519-001-01;994;AHMETLER;;1 NO LU AFET VE ACİL DURUM TOPLANMA ALANI;28.41286928411;AHMETLER KümeEvleri
DİKİLİ;;39.024276119777;3511-010-01;995;ESENTEPE;;1 NO LU AFET VE ACİL DURUM TOPLANMA ALANI;26.910129985004;ESENTEPE 4 Sk.
URLA;;38.32600249732;3529-030-01;18;YAKA;;1 NO LU AFET VE ACİL DURUM TOPLANMA ALANI;26.758171431685;SUNA
SEFERİHİSAR;;38.157991519639;3525-013-01;12;KAVAKDERE;;1 NO LU AFET VE ACİL DURUM TOPLANMA ALANI;26.892471936658;KAVAKDERE YOLU KümeEvleri
URLA;;38.318463922158;3529-025-01;18;SIRA;;1 NO LU AFET VE ACİL DURUM TOPLANMA ALANI;26.760110672452;MANOLYA
URLA;;38.353127575155;3529-017-01;18;KALABAK;;1 NO LU AFET VE ACİL DURUM TOPLANMA ALANI;26.806383848674;3301 Sk.
KARABURUN;;38.633123987351;3515-006-01;1000;SAİP;;1 NO LU AFET VE ACİL DURUM TOPLANMA ALANI;26.522006229198;BODRUM Cd.
KINIK;;38.966159128105;3518-021-01;996;KARADERE;;1 NO LU AFET VE ACİL DURUM TOPLANMA ALANI;27.4511182963;CAMİÖNÜ KümeEvleri
MENDERES;;38.102967364533;3521-010-01;13;ÇAMÖNÜ;;1 NO LU AFET VE ACİL DURUM TOPLANMA ALANI;27.155799248954;İZMİR Cd.
URLA;;38.324423300376;3529-001-01;18;ALTINTAŞ;;1 NO LU AFET VE ACİL DURUM TOPLANMA ALANI;26.757326542896;DÜNDAR Sk.
KONAK;;38.418198314354;3520-104-01;21;YENİ;;1 NO LU AFET VE ACİL DURUM TOPLANMA ALANI;27.138723864484;TARIK SARI Sk.
KONAK;;38.422237275262;3520-083-01;21;OĞUZLAR;;1 NO LU AFET VE ACİL DURUM TOPLANMA ALANI;27.148631888369;GAZİLER Cd.
KARABURUN;;38.636270929245;3515-009-01;1000;MERKEZ;;1 NO LU AFET VE ACİL DURUM TOPLANMA ALANI;26.509759317591;KARABURUN CUMHURİYET Myd.
KONAK;;38.407450463155;3520-077-01;21;MİTHATPAŞA;;1 NO LU AFET VE ACİL DURUM TOPLANMA ALANI;27.107390473265;MİTHATPAŞA Cd.
KONAK;;38.42724678301;3520-107-01;21;YENİŞEHİR;;1 NO LU AFET VE ACİL DURUM TOPLANMA ALANI;27.158030293467;1212/1 Sk.
KONAK;;38.397419930532;3520-071-01;21;MEHMET ALİ AKMAN;;1 NO LU AFET VE ACİL DURUM TOPLANMA ALANI;27.073734299612;4/6 Sk.
KONAK;;38.408535067173;3520-026-01;21;ÇINARTEPE;;1 NO LU AFET VE ACİL DURUM TOPLANMA ALANI;27.186000261114;2630 Sk.
KONAK;;38.416176689742;3520-014-01;21;ANADOLU;;1 NO LU AFET VE ACİL DURUM TOPLANMA ALANI;27.174096664025;2427 Sk.
KARABURUN;;38.547571184479;3515-007-01;1000;KÖSEDERE;;1 NO LU AFET VE ACİL DURUM TOPLANMA ALANI;26.552926739976;AĞALARSEKİ KümeEvleri
TİRE;;38.111477381037;3527-037-01;997;ESKİOBA;;1 NO LU AFET VE ACİL DURUM TOPLANMA ALANI;27.61730985768;ŞEHİT MÜMİN ATİK Sk.
MENDERES;;38.242203341217;3521-008-01;13;CÜNEYTBEY;;1 NO LU AFET VE ACİL DURUM TOPLANMA ALANI;27.134985179978;İBRAHİM TURAN Cd.
TORBALI;;38.307596716095;3528-016-01;9;DAĞKIZILCA;;1 NO LU AFET VE ACİL DURUM TOPLANMA ALANI;27.393634554629;6213 Sk.
TORBALI;;38.231012447349;3528-014-01;9;ÇAPAK;;1 NO LU AFET VE ACİL DURUM TOPLANMA ALANI;27.35309597467;2540 Sk.
TORBALI;;38.104183422884;3528-010-01;9;BÜLBÜLDERE;;1 NO LU AFET VE ACİL DURUM TOPLANMA ALANI;27.499892737487;YUNUS EMRE
GAZİEMİR;;38.34900518176;3513-005-01;15;BİNBAŞI REŞATBEY;;1 NO LU AFET VE ACİL DURUM TOPLANMA ALANI;27.134641679507;351/2 Sk.
KONAK;;38.424120089635;3520-047-01;21;HİLAL;;1 NO LU AFET VE ACİL DURUM TOPLANMA ALANI;27.157536774738;1215 Sk.
KONAK;;38.40587831396;3520-016-01;21;ATİLLA;;1 NO LU AFET VE ACİL DURUM TOPLANMA ALANI;27.122764821286;HALİDE EDİP ADIVAR Cd.
KONAK;;38.438659728713;3520-010-01;21;ALSANCAK;;1 NO LU AFET VE ACİL DURUM TOPLANMA ALANI;27.143460587416;1480 Sk.
MENDERES;;38.133624210873;3521-031-01;13;KARAKUYU;;1 NO LU AFET VE ACİL DURUM TOPLANMA ALANI;27.23476303231;7659 Sk.
MENDERES;29;38.289678995215;3521-029-01;13;HÜRRİYET;;1 NO LU AFET VE ACİL DURUM TOPLANMA ALANI;27.12545794173;KAZIM KARABEKİR PAŞA Sk.
MENDERES;1;38.070675909243;3521-025-01;13;GÜMÜLDÜR ATATÜRK;;1 NO LU AFET VE ACİL DURUM TOPLANMA ALANI;27.001304847354;6341 Sk.
MENEMEN;;38.636714599124;3522-049-01;17;MUSABEY;;1 NO LU AFET VE ACİL DURUM TOPLANMA ALANI;27.006434915045;310 Sk.
MENEMEN;;38.573124788726;3522-016-01;17;CUMHURİYET;;1 NO LU AFET VE ACİL DURUM TOPLANMA ALANI;27.062928773283;7516/1 Sk.
TİRE;;37.991697658561;3527-061-01;997;KÜÇÜKBURUN;;1 NO LU AFET VE ACİL DURUM TOPLANMA ALANI;27.789847630802;KÜÇÜKBURUN OKUL Sk.
TİRE;;38.062344012477;3527-026-01;997;DALLIK;;1 NO LU AFET VE ACİL DURUM TOPLANMA ALANI;27.799148038641;SOĞULCAKSU KümeEvleri
MENEMEN;;38.539887354004;3522-005-01;17;9 EYLÜL;;1 NO LU AFET VE ACİL DURUM TOPLANMA ALANI;27.036234277646;251 Sk.
KARŞIYAKA;;38.458447420794;3516-002-01;20;ALAYBEY;;1 NO LU AFET VE ACİL DURUM TOPLANMA ALANI;27.123161697136;METİN ALTIOK Sk.
TORBALI;;38.268927113667;3528-062-01;9;YOĞURTÇULAR;;1 NO LU AFET VE ACİL DURUM TOPLANMA ALANI;27.282999414353;6449 Sk.
GÜZELBAHÇE;;38.373821962644;3514-009-01;1;SİTELER;;1 NO LU AFET VE ACİL DURUM TOPLANMA ALANI;26.873862488509;368 Sk.
TORBALI;;38.210007659293;3528-013-01;9;ÇAMLICA;;1 NO LU AFET VE ACİL DURUM TOPLANMA ALANI;27.412216962621;ÇAMLICA YOLU KümeEvleri
TİRE;;38.135441288232;3527-089-01;997;KAHRAT;;1 NO LU AFET VE ACİL DURUM TOPLANMA ALANI;27.863298002952;GAZİ ATATÜRK Cd.
BAYRAKLI;;38.456809212094;3530-002-01;11;ADALET;;1 NO LU AFET VE ACİL DURUM TOPLANMA ALANI;27.178994284951;2131/22 Sk.
BAYRAKLI;;38.496218076778;3530-024-01;11;YAMANLAR;;1 NO LU AFET VE ACİL DURUM TOPLANMA ALANI;27.142988423527;7355/2 Sk.
BERGAMA;;39.118827485265;3505-052-01;999;GAZİPAŞA;;1 NO LU AFET VE ACİL DURUM TOPLANMA ALANI;27.177555493957;GAZİPAŞA CUMHURİYET Myd.
BERGAMA;;39.090508201114;3505-106-01;999;SAĞANCI;;1 NO LU AFET VE ACİL DURUM TOPLANMA ALANI;27.032888615877;SAĞANCI
BAYINDIR;;38.278765259238;3504-039-01;7;KIZILOBA;;1 NO LU AFET VE ACİL DURUM TOPLANMA ALANI;27.685886635769;KÜLLÜK Sk.
BAYINDIR;;38.175908319575;3504-014-01;7;ARIKBAŞI;;1 NO LU AFET VE ACİL DURUM TOPLANMA ALANI;27.494592606168;OKUL Sk.
KİRAZ;;38.230271596027;3519-029-01;994;KIRKÖY;;1 NO LU AFET VE ACİL DURUM TOPLANMA ALANI;28.1917273906;GÜLMEZ Sk.
BAYRAKLI;;38.476213919122;3530-021-01;11;SOĞUKKUYU;;1 NO LU AFET VE ACİL DURUM TOPLANMA ALANI;27.1156944342;GİRNE Blv.
BAYINDIR;;38.282133938744;3504-005-01;7;BALCILAR;;1 NO LU AFET VE ACİL DURUM TOPLANMA ALANI;27.576367217855;BALCILAR YOLU Sk.
TİRE;;38.080922271998;3527-012-01;997;BAHARİYE;;1 NO LU AFET VE ACİL DURUM TOPLANMA ALANI;27.735111932533;BUĞDAYDEDE TÜRBESİ Sk.
TİRE;;38.086182400497;3527-029-01;997;DERELİ;;1 NO LU AFET VE ACİL DURUM TOPLANMA ALANI;27.844640722961;DERELİ CUMHURİYET Sk.
KINIK;;39.011508251948;3518-019-01;996;İBRAHİMAĞA;;1 NO LU AFET VE ACİL DURUM TOPLANMA ALANI;27.2605481905;KAYIN Sk.
BERGAMA;;39.179253326369;3505-036-01;999;AHMETBEYLER;;1 NO LU AFET VE ACİL DURUM TOPLANMA ALANI;27.277504746018;AHMETBEYLER KümeEvleri
TİRE;;38.020136902482;3527-069-01;997;ORTAKÖY;;1 NO LU AFET VE ACİL DURUM TOPLANMA ALANI;27.681119428628;ORTAKÖY MERKEZ KümeEvleri
DİKİLİ;;39.11303781046;3511-018-01;995;MAZILI;;1 NO LU AFET VE ACİL DURUM TOPLANMA ALANI;26.966230638112;MAZILI ATATÜRK Cd.
ÖDEMİŞ;;38.226175382129;3524-087-01;998;UMURBEY;;1 NO LU AFET VE ACİL DURUM TOPLANMA ALANI;27.970929021028;HELVACI Sk.
MENEMEN;;38.605566068963;3522-066-01;17;ZAFER;;1 NO LU AFET VE ACİL DURUM TOPLANMA ALANI;27.072221184568;TAŞ Sk.
MENEMEN;;38.538966357058;3522-005-03;17;9 EYLÜL;;1 NO LU AFET VE ACİL DURUM TOPLANMA ALANI;27.042743968228;7611 Sk.
KINIK;;39.105285723796;3518-033-01;996;TAŞTEPE;;1 NO LU AFET VE ACİL DURUM TOPLANMA ALANI;27.465605946672;SERİN KümeEvleri
TİRE;;38.180739053384;3527-028-01;997;DEREBAŞI;;1 NO LU AFET VE ACİL DURUM TOPLANMA ALANI;27.782570551057;DEREBAŞI CUMHURİYET Sk.
BEYDAĞ;;38.063717063291;3506-012-01;993;ERİKLİ;;1 NO LU AFET VE ACİL DURUM TOPLANMA ALANI;28.237432245762;SEDEF KümeEvleri
ÇİĞLİ;;38.500785736471;3510-021-01;16;KÜÇÜK ÇİĞLİ;;1 NO LU AFET VE ACİL DURUM TOPLANMA ALANI;27.053188504007;8759/2 Sk.
ÇİĞLİ;;38.490675865343;3510-006-01;16;AYDINLIKEVLER;;1 NO LU AFET VE ACİL DURUM TOPLANMA ALANI;27.084237618594;6793 Sk.
URLA;;38.258035382587;3529-029-01;18;YAĞCILAR;;1 NO LU AFET VE ACİL DURUM TOPLANMA ALANI;26.681425892632;9003 Sk.
KİRAZ;;38.273105807639;3519-018-01;994;EMENLER;;1 NO LU AFET VE ACİL DURUM TOPLANMA ALANI;28.186963749734;OMANLAR KümeEvleri
BUCA;;38.3697512037;3508-033-01;8;KURUÇEŞME;;1 NO LU AFET VE ACİL DURUM TOPLANMA ALANI;27.192190833574;AHMET PİRİŞTİNA Blv.
KARABAĞLAR;;38.365666107151;3531-058-04;19;YÜZBAŞI ŞERAFETTİN;;1 NO LU AFET VE ACİL DURUM TOPLANMA ALANI;27.095242880204;3961/2 Sk.
KARABAĞLAR;;38.352281273079;3531-052-01;19;UZUNDERE;;1 NO LU AFET VE ACİL DURUM TOPLANMA ALANI;27.098863866949;3966/4 Sk.
KONAK;;38.41238114825;3520-081-01;21;NAMIK KEMAL;;1 NO LU AFET VE ACİL DURUM TOPLANMA ALANI;27.131020608444;EŞREFPAŞA Cd.
MENDERES;;38.212570079159;3521-037-01;13;KÜNER;;1 NO LU AFET VE ACİL DURUM TOPLANMA ALANI;27.124127702196;KÜNER KümeEvleri
MENEMEN;;38.665792101364;3522-014-01;17;BURUNCUK;;1 NO LU AFET VE ACİL DURUM TOPLANMA ALANI;27.025498570958;ÇANAKKALE ASFALTI Cd.
BAYINDIR;;38.167811159532;3504-030-01;7;İBRAHİMÇAVUŞ;;1 NO LU AFET VE ACİL DURUM TOPLANMA ALANI;27.497446474994;ABDİ YALÇIN Cd.
BERGAMA;;39.072436003601;3505-098-01;999;OVACIK;;1 NO LU AFET VE ACİL DURUM TOPLANMA ALANI;27.073851145712;İZMİR ÇANAKKALE YOLU Cd.
BERGAMA;;39.001518206783;3505-030-01;999;ÇALIBAHÇE;;1 NO LU AFET VE ACİL DURUM TOPLANMA ALANI;27.109706867043;ÇALIBAHÇE KümeEvleri
KİRAZ;;38.160894970958;3519-045-01;994;TAŞLIYATAK;;1 NO LU AFET VE ACİL DURUM TOPLANMA ALANI;28.433210998089;TAŞLIYATAK KümeEvleri
KEMALPAŞA;;38.412789381267;3517-001-01;6;BAĞYURDU 29 EKİM;;1 NO LU AFET VE ACİL DURUM TOPLANMA ALANI;27.639527357179;ARIKBAŞI Sk.
DİKİLİ;;39.124940764613;3511-013-01;995;İSLAMLAR;;1 NO LU AFET VE ACİL DURUM TOPLANMA ALANI;26.904658123339;İSLAMLAR ATATÜRK Cd.
BEYDAĞ;;38.118028251873;3506-009-01;993;ÇİFTLİKKÖY;;1 NO LU AFET VE ACİL DURUM TOPLANMA ALANI;28.205846628438;MANDIRAS KümeEvleri
BERGAMA;;39.306084426806;3505-075-01;999;KAPLAN (GÖÇBEYLİ BUCAĞI);;1 NO LU AFET VE ACİL DURUM TOPLANMA ALANI;27.41062729113;KAPLAN (GÖÇBEYLİ BUCAĞI) KümeEvleri
KEMALPAŞA;;38.408627947105;3517-002-01;6;ÖREN 75.YIL CUMHURİYET;;1 NO LU AFET VE ACİL DURUM TOPLANMA ALANI;27.585143163145;ÖREN TURGUTLU Cd.
KARŞIYAKA;;38.467948636553;3516-005-01;20;BAHÇELİEVLER;;1 NO LU AFET VE ACİL DURUM TOPLANMA ALANI;27.123741035271;1851/10 Sk.
BAYINDIR;;38.147395574664;3504-026-01;7;HASKÖY;;1 NO LU AFET VE ACİL DURUM TOPLANMA ALANI;27.502381746935;VALİ KAZIM DİRİK Cd.
KEMALPAŞA;;38.350183680487;3517-034-01;6;OVACIK;;1 NO LU AFET VE ACİL DURUM TOPLANMA ALANI;27.681122945936;MERKEZ YOLU KümeEvleri
MENEMEN;;38.626055043388;3522-020-01;17;DEĞİRMENDERE;;1 NO LU AFET VE ACİL DURUM TOPLANMA ALANI;27.148121925347;23 NİSAN
ÇİĞLİ;;38.515922760243;3510-005-01;16;ATATÜRK;;1 NO LU AFET VE ACİL DURUM TOPLANMA ALANI;27.064303496958;8838/18 Sk.
ÇİĞLİ;;38.499425540269;3510-015-01;16;GÜZELTEPE;;1 NO LU AFET VE ACİL DURUM TOPLANMA ALANI;27.075740407687;8423 Sk.
BERGAMA;;39.33563200753;3505-067-01;999;İNEŞİR;;1 NO LU AFET VE ACİL DURUM TOPLANMA ALANI;27.382217417729;AŞAĞI KümeEvleri
KİRAZ;;38.305846400351;3519-034-01;994;OVACIK;;1 NO LU AFET VE ACİL DURUM TOPLANMA ALANI;28.269446604873;OVACIK KümeEvleri
KİRAZ;;38.240687587325;3519-021-01;994;HİSAR;;1 NO LU AFET VE ACİL DURUM TOPLANMA ALANI;28.191856121352;KOCAHİSAR KümeEvleri
DİKİLİ;;39.032193893684;3511-027-01;995;UZUNBURUN;;1 NO LU AFET VE ACİL DURUM TOPLANMA ALANI;26.906804047679;UZUNBURUN 5/1 Sk.
BERGAMA;;39.289412381227;3505-118-01;999;TERZİHALİLLER;;1 NO LU AFET VE ACİL DURUM TOPLANMA ALANI;27.068078674542;TERZİHALİLLER KümeEvleri
BERGAMA;;39.264928867997;3505-040-01;999;DEMİRCİDERE;;1 NO LU AFET VE ACİL DURUM TOPLANMA ALANI;26.919206101102;DEMİRCİDERE KümeEvleri
BERGAMA;;39.274132325369;3505-041-01;999;DEREKÖY;;1 NO LU AFET VE ACİL DURUM TOPLANMA ALANI;27.325397877858;DEREKÖY B.M KümeEvleri
KEMALPAŞA;;38.45937187635;3517-051-01;6;AŞAĞI YENMİŞ;;1 NO LU AFET VE ACİL DURUM TOPLANMA ALANI;27.436635269858;SERAP Sk.
ÇİĞLİ;;38.521286668476;3510-001-01;16;AHMET EFENDİ;;1 NO LU AFET VE ACİL DURUM TOPLANMA ALANI;27.039670202429;1113 Sk.
BERGAMA;;39.264763221331;3505-043-01;999;DURMUŞLAR;;1 NO LU AFET VE ACİL DURUM TOPLANMA ALANI;27.373291189837;DURMUŞLAR KümeEvleri
TİRE;;37.996487407562;3527-068-01;997;MUSALAR;;1 NO LU AFET VE ACİL DURUM TOPLANMA ALANI;27.73472850575;ALAN BAŞI KümeEvleri
KARABURUN;;38.661093860448;3515-015-01;1000;TEPEBOZ;;1 NO LU AFET VE ACİL DURUM TOPLANMA ALANI;26.44722655936;TEPEBOZ KümeEvleri
BAYINDIR;;38.274857213444;3504-001-01;7;ALANKIYI;;1 NO LU AFET VE ACİL DURUM TOPLANMA ALANI;27.624432174983;ALANKIYI KÖY YOLU Cd.
KEMALPAŞA;;38.418774690895;3517-022-01;6;HAMZABABA;;1 NO LU AFET VE ACİL DURUM TOPLANMA ALANI;27.708373948542;HAMZABABA KümeEvleri
KARABAĞLAR;;38.378746776804;3531-045-01;19;SELVİLİ;;1 NO LU AFET VE ACİL DURUM TOPLANMA ALANI;27.127925411541;ŞEHİT PİLOT VOLKAN KOÇYİĞİT Blv.
ÇİĞLİ;;38.505432970248;3510-010-01;16;EGEKENT;;1 NO LU AFET VE ACİL DURUM TOPLANMA ALANI;27.061615954881;8831 Sk.
BERGAMA;;39.258516021283;3505-063-01;999;HİSARKÖY;;1 NO LU AFET VE ACİL DURUM TOPLANMA ALANI;26.994350520898;HİSARKÖY KümeEvleri
MENEMEN;;38.586314623621;3522-029-01;17;GÖLCÜK;;1 NO LU AFET VE ACİL DURUM TOPLANMA ALANI;27.08327722859;424 Sk.
BUCA;;38.371854050823;3508-014-01;8;ÇAMLIKULE;;1 NO LU AFET VE ACİL DURUM TOPLANMA ALANI;27.172256752247;220/27 Sk.
BERGAMA;;39.251571286407;3505-009-01;999;AŞAĞIILGINDERE;;1 NO LU AFET VE ACİL DURUM TOPLANMA ALANI;27.466717471542;AŞAĞIILGINDERE KümeEvleri
BERGAMA;;38.920096154937;3505-105-01;999;RAHMANLAR;;1 NO LU AFET VE ACİL DURUM TOPLANMA ALANI;27.319991174296;RAHMANLAR KümeEvleri
BERGAMA;;39.095104680305;3505-095-01;999;NARLICA;;1 NO LU AFET VE ACİL DURUM TOPLANMA ALANI;27.069709794945;NARLICA KümeEvleri
BAYRAKLI;;38.483168135263;3530-019-01;11;POSTACILAR;;1 NO LU AFET VE ACİL DURUM TOPLANMA ALANI;27.125414699525;7666 Sk.
BAYRAKLI;;38.466516412669;3530-011-01;11;GÜMÜŞPALA;;1 NO LU AFET VE ACİL DURUM TOPLANMA ALANI;27.141760028233;7000 Sk.
BUCA;;38.393098013938;3508-029-01;8;KARANFİL;;1 NO LU AFET VE ACİL DURUM TOPLANMA ALANI;27.186568912468;ALİ ŞİR NEVAİ Cd.
KONAK;;38.420396468177;3520-032-01;21;EMİR SULTAN;;1 NO LU AFET VE ACİL DURUM TOPLANMA ALANI;27.166409484209;1172 Sk.
KİRAZ;;38.137608398909;3519-026-01;994;KARABULU;;1 NO LU AFET VE ACİL DURUM TOPLANMA ALANI;28.4223964119;KARABULU KümeEvleri
BAYINDIR;;38.202116818312;3504-022-01;7;FIRINLI;;1 NO LU AFET VE ACİL DURUM TOPLANMA ALANI;27.602159335732;ESKİ FIRINLI KÖYÜ Sk.
KİRAZ;;38.294934446281;3519-013-01;994;ÇATAK;;1 NO LU AFET VE ACİL DURUM TOPLANMA ALANI;28.168424378644;ÇATAK KümeEvleri
TİRE;;38.073571458478;3527-020-01;997;ÇAYIRLI;;1 NO LU AFET VE ACİL DURUM TOPLANMA ALANI;27.654049289069;ÇAYIRLI YOL ALTI KümeEvleri
DİKİLİ;;39.10043340673;3511-020-01;995;KOCAOBA;;1 NO LU AFET VE ACİL DURUM TOPLANMA ALANI;26.973322387144;KOCAOBA VATAN Cd.
BERGAMA;;39.176359064599;3505-001-01;999;AHMETBEYLER;;1 NO LU AFET VE ACİL DURUM TOPLANMA ALANI;27.275541383418;AHMETBEYLER KümeEvleri
ÇİĞLİ;;38.504689964675;3510-014-01;16;EVKA-6;;1 NO LU AFET VE ACİL DURUM TOPLANMA ALANI;27.086662299531;6821 Sk.
KİRAZ;;38.147936374859;3519-036-01;994;ÖRENCİK;;1 NO LU AFET VE ACİL DURUM TOPLANMA ALANI;28.391497492138;ZEYBEKLER KümeEvleri
KİRAZ;;38.219314763835;3519-014-01;994;ÇAYAĞZI;;1 NO LU AFET VE ACİL DURUM TOPLANMA ALANI;28.316739212461;ZEYTİNALAN KümeEvleri
BERGAMA;;38.885028983223;3505-110-01;999;SEKLİK;;1 NO LU AFET VE ACİL DURUM TOPLANMA ALANI;27.21519247267;SEKLİK KümeEvleri
BERGAMA;;38.925171018267;3505-022-01;999;BAYRAMCILAR;;1 NO LU AFET VE ACİL DURUM TOPLANMA ALANI;27.246005471821;BAYRAMCILAR
BAYINDIR;;38.220123387572;3504-058-01;7;YUSUFLU;;1 NO LU AFET VE ACİL DURUM TOPLANMA ALANI;27.696701338732;YUSUFLU KümeEvleri
BAYINDIR;;38.270207954169;3504-041-01;7;LÜTUFLAR;;1 NO LU AFET VE ACİL DURUM TOPLANMA ALANI;27.804332410873;OKUL ÖNÜ Sk.
KİRAZ;;38.155225775661;3519-032-01;994;MERSİNLİDERE;;1 NO LU AFET VE ACİL DURUM TOPLANMA ALANI;28.3051522118;MERSİNLİDERE KümeEvleri
BUCA;;38.396797828719;3508-011-01;8;ÇAĞDAŞ;;1 NO LU AFET VE ACİL DURUM TOPLANMA ALANI;27.189100898945;DEDE KORKUT Cd.
KARABURUN;;38.574349786986;3515-016-01;1000;YAYLA;;1 NO LU AFET VE ACİL DURUM TOPLANMA ALANI;26.455080191377;YAYLA KümeEvleri
TİRE;;38.133869338636;3527-080-01;997;TURGUTLU;;1 NO LU AFET VE ACİL DURUM TOPLANMA ALANI;27.636105308407;YOL ALTI KümeEvleri
TORBALI;;38.172905582252;3528-052-01;9;TORBALI;;1 NO LU AFET VE ACİL DURUM TOPLANMA ALANI;27.349518019835;METROPOLİS Blv.
TORBALI;;38.138890023359;3528-043-01;9;ÖZBEY;;1 NO LU AFET VE ACİL DURUM TOPLANMA ALANI;27.320078297171;4032 Sk.
TORBALI;;38.121673824843;3528-044-01;9;PAMUKYAZI;;1 NO LU AFET VE ACİL DURUM TOPLANMA ALANI;27.403162011937;7404 Sk.
TORBALI;;38.21487159697;3528-036-01;9;KUŞÇUBURUN;;1 NO LU AFET VE ACİL DURUM TOPLANMA ALANI;27.328875775166;YAZIBAŞI İZMİR Cd.
KARŞIYAKA;;38.486796131343;3516-020-01;20;ÖRNEKKÖY;;1 NO LU AFET VE ACİL DURUM TOPLANMA ALANI;27.107390338359;7532/2 Sk.
MENEMEN;;38.607268164245;3522-007-01;17;ALANİÇİ;;1 NO LU AFET VE ACİL DURUM TOPLANMA ALANI;27.20598094347;ALANİÇİ KümeEvleri
KARABAĞLAR;;38.401342385281;3531-008-01;19;BAHAR;;1 NO LU AFET VE ACİL DURUM TOPLANMA ALANI;27.124653094685;2906 Sk.
BAYRAKLI;;38.469502698483;3530-007-01;11;ÇİÇEK;;1 NO LU AFET VE ACİL DURUM TOPLANMA ALANI;27.169349087914;1637/16 Sk.
BAYRAKLI;;38.468234300945;3530-006-01;11;ÇAY;;1 NO LU AFET VE ACİL DURUM TOPLANMA ALANI;27.180453380163;2108/10
ÇEŞME;;38.305061491353;3509-015-01;1001;ILICA;;1 NO LU AFET VE ACİL DURUM TOPLANMA ALANI;26.362062151979;5131 Sk.
GÜZELBAHÇE;;38.326813717912;3514-002-01;1;ÇAMLI;;1 NO LU AFET VE ACİL DURUM TOPLANMA ALANI;26.820106007567;UFUK Sk.
BERGAMA;;39.180118349177;3505-071-01;999;KADIKÖY;;1 NO LU AFET VE ACİL DURUM TOPLANMA ALANI;27.368828159694;KADIKÖY Sk.
BAYINDIR;;38.225213198794;3504-045-02;7;ORTA;;1 NO LU AFET VE ACİL DURUM TOPLANMA ALANI;27.647796858063;OKTAY Sk.
BERGAMA;;39.325258506852;3505-056-01;999;GÜLTEPE;;1 NO LU AFET VE ACİL DURUM TOPLANMA ALANI;27.324882808054;GÜLTEPE KümeEvleri
BERGAMA;;39.261440489155;3505-044-01;999;EĞİLLER;;1 NO LU AFET VE ACİL DURUM TOPLANMA ALANI;27.338100781011;EĞİLLER KümeEvleri
KARABAĞLAR;;38.392890831431;3531-036-01;19;MUAMMER AKAR;;1 NO LU AFET VE ACİL DURUM TOPLANMA ALANI;27.078020455927;47 Sk.
BUCA;;38.40041334079;3508-016-01;8;DİCLE;;1 NO LU AFET VE ACİL DURUM TOPLANMA ALANI;27.159746943876;858 Sk.
MENEMEN;;38.601676784608;3522-043-01;17;KAZIMPAŞA;;1 NO LU AFET VE ACİL DURUM TOPLANMA ALANI;27.07361056867;ATATÜRK Cd.
BUCA;;38.388052497903;3508-035-01;8;MENDERES;;1 NO LU AFET VE ACİL DURUM TOPLANMA ALANI;27.174488311824;IŞILAY SAYGIN Myd.
BUCA;;38.367160378096;3508-008-01;8;BUCA KOOP;;1 NO LU AFET VE ACİL DURUM TOPLANMA ALANI;27.184047692027;1409 Sk.
TİRE;;38.084102906057;3527-065-01;997;KÜRDÜLLÜ;;1 NO LU AFET VE ACİL DURUM TOPLANMA ALANI;27.82416484462;KÜRDÜLLÜ CUMHURİYET KümeEvleri
TİRE;;38.052317346297;3527-008-01;997;ALAYLI;;1 NO LU AFET VE ACİL DURUM TOPLANMA ALANI;27.582794116231;OVAÜSTÜ Sk.
TORBALI;;38.249112809105;3528-023-01;9;AYRANCILAR;;1 NO LU AFET VE ACİL DURUM TOPLANMA ALANI;27.2806176572;BARIŞ MANÇO Cd.
KARABAĞLAR;;38.387753917261;3531-015-01;19;CENNETOĞLU;;1 NO LU AFET VE ACİL DURUM TOPLANMA ALANI;27.132305421771;5709 Sk.
BUCA;;38.396444643512;3508-006-01;8;BARIŞ;;1 NO LU AFET VE ACİL DURUM TOPLANMA ALANI;27.160733998547;357 Sk.
TİRE;;38.002302788418;3527-040-01;997;HALKAPINAR;;1 NO LU AFET VE ACİL DURUM TOPLANMA ALANI;27.490882061632;HALKAPINAR CUMHURİYET Sk.
TİRE;;38.069226141696;3527-088-01;997;YENİŞEHİR;;1 NO LU AFET VE ACİL DURUM TOPLANMA ALANI;27.901157292614;YENİŞEHİR MERKEZ
KONAK;;38.404163204632;3520-046-01;21;19 MAYIS;;1 NO LU AFET VE ACİL DURUM TOPLANMA ALANI;27.141035940828;691/2 Sk.
BERGAMA;;39.289279606554;3505-079-01;999;KARAVELİLER;;1 NO LU AFET VE ACİL DURUM TOPLANMA ALANI;27.145840907419;KARAVELİLER KümeEvleri
BERGAMA;;38.993713685833;3505-116-01;999;TEKKEDERE;;1 NO LU AFET VE ACİL DURUM TOPLANMA ALANI;27.064560157314;TEKKEDERE KümeEvleri
BEYDAĞ;;38.118230899971;3506-011-01;993;EĞRİDERE;;1 NO LU AFET VE ACİL DURUM TOPLANMA ALANI;28.286870412098;ÇAMCILAR KümeEvleri
MENDERES;;38.202993206276;3521-019-01;13;DEVELİ;;1 NO LU AFET VE ACİL DURUM TOPLANMA ALANI;27.167815318501;9126 Sk.
DİKİLİ;;39.10476282587;3511-030-01;995;YENİCE;;1 NO LU AFET VE ACİL DURUM TOPLANMA ALANI;27.011001869937;YENİCE İSTİKLAL Cd.
TİRE;;38.014235022852;3527-077-01;997;TOPALAK;;1 NO LU AFET VE ACİL DURUM TOPLANMA ALANI;27.700164366682;TOPALAK ATATÜRK
TİRE;;38.085610322004;3527-074-01;997;SARUHANLI;;1 NO LU AFET VE ACİL DURUM TOPLANMA ALANI;27.882849941976;SARUHANLI MERKEZ KümeEvleri
KARABAĞLAR;;38.318826201567;3531-049-01;19;TIRAZLI;;1 NO LU AFET VE ACİL DURUM TOPLANMA ALANI;27.061962276945;KUTLU AKTAŞ Cd.
BERGAMA;;39.269547560817;3505-035-01;999;ÇELTİKÇİ;;1 NO LU AFET VE ACİL DURUM TOPLANMA ALANI;27.309948435482;ÇELTİKÇİ KümeEvleri
DİKİLİ;;39.007587506422;3511-016-01;995;KATIRALANI;;1 NO LU AFET VE ACİL DURUM TOPLANMA ALANI;26.878050950785;KATIRALANI 1 Sk.
TİRE;;38.094064925364;3527-073-01;997;SARILAR;;1 NO LU AFET VE ACİL DURUM TOPLANMA ALANI;27.904915012318;BAĞ MEVKİİ KümeEvleri
TİRE;;38.009956557189;3527-067-01;997;MEHMETLER;;1 NO LU AFET VE ACİL DURUM TOPLANMA ALANI;27.501849546732;GÜNEYBATI Sk.
TİRE;;38.068992685682;3527-018-01;997;CAMBAZLI;;1 NO LU AFET VE ACİL DURUM TOPLANMA ALANI;27.767779751389;HALİL BAHÇELİ KümeEvleri
TİRE;;38.087026547528;3527-011-01;997;AYAKLIKIRI;;1 NO LU AFET VE ACİL DURUM TOPLANMA ALANI;27.536173481588;AYAKLIKIRI CUMHURİYET Sk.
KONAK;;38.404701246624;3520-024-01;21;ÇANKAYA;;1 NO LU AFET VE ACİL DURUM TOPLANMA ALANI;27.101060496246;141 Sk.
KINIK;;39.095803510547;3518-002-01;996;ARPASEKİ;;1 NO LU AFET VE ACİL DURUM TOPLANMA ALANI;27.491238369953;FUNDA KümeEvleri
ÇİĞLİ;;38.524677750993;3510-025-01;16;UĞUR MUMCU;;1 NO LU AFET VE ACİL DURUM TOPLANMA ALANI;27.045592484694;8790/5 Sk.
KARABAĞLAR;;38.372644673026;3531-056-01;19;YUNUS EMRE;;1 NO LU AFET VE ACİL DURUM TOPLANMA ALANI;27.133611676539;4158 Sk.
TİRE;;38.027197225718;3527-009-01;997;ARMUTLU;;1 NO LU AFET VE ACİL DURUM TOPLANMA ALANI;27.694609520175;ARMUTLU KümeEvleri
TİRE;;38.066036312508;3527-042-01;997;HİSARLIK;;1 NO LU AFET VE ACİL DURUM TOPLANMA ALANI;27.702981934602;ÇUKURKÖY YOL ALTI KümeEvleri
KARABURUN;;38.654156802518;3515-014-01;1000;SARPINCIK;;1 NO LU AFET VE ACİL DURUM TOPLANMA ALANI;26.40280941066;SARPINCIK KümeEvleri
KARABURUN;;38.611782914103;3515-011-01;1000;PARLAK;;1 NO LU AFET VE ACİL DURUM TOPLANMA ALANI;26.395170597356;TARLAİÇİ KümeEvleri
BERGAMA;;39.113487467609;3505-003-01;999;ALACALAR;;1 NO LU AFET VE ACİL DURUM TOPLANMA ALANI;27.092111464238;ALACALAR KümeEvleri
BERGAMA;;39.318801353072;3505-108-01;999;SARICAOĞLU;;1 NO LU AFET VE ACİL DURUM TOPLANMA ALANI;27.375951836065;SARICAOĞLU KümeEvleri
BERGAMA;;38.941127866259;3505-101-01;999;ÖRLEMİŞ;;1 NO LU AFET VE ACİL DURUM TOPLANMA ALANI;27.117088375855;ÖRLEMİŞ KümeEvleri
BERGAMA;;39.010255635211;3505-093-01;999;MARUFLAR;;1 NO LU AFET VE ACİL DURUM TOPLANMA ALANI;27.21244568876;MARUFLAR KümeEvleri
TORBALI;;38.250898995138;3528-054-01;9;TÜRKMENKÖY;;1 NO LU AFET VE ACİL DURUM TOPLANMA ALANI;27.262443097262;İZMİR AYDIN Cd.
TİRE;;38.090218625023;3527-001-01;997;4 EYLÜL;;1 NO LU AFET VE ACİL DURUM TOPLANMA ALANI;27.725662543518;ORUÇ REİS Cd.
TİRE;;38.10273030833;3527-044-01;997;IŞIKLAR;;1 NO LU AFET VE ACİL DURUM TOPLANMA ALANI;27.543811008741;IŞIKLAR CAMİ KümeEvleri
BAYINDIR;;38.224236544673;3504-025-02;7;HATAY;;1 NO LU AFET VE ACİL DURUM TOPLANMA ALANI;27.636813268535;EMİR ÇEŞME Sk.
BERGAMA;;39.114707084143;3505-122-01;999;İNKILAP;;1 NO LU AFET VE ACİL DURUM TOPLANMA ALANI;27.182796512333;HAL Sk.
TORBALI;;38.095808047227;3528-039-01;9;NAİME;;1 NO LU AFET VE ACİL DURUM TOPLANMA ALANI;27.43487633238;MİMAR KEMALLEDDİN Cd.
URLA;;38.275885002163;3529-003-01;18;BADEMLER;;1 NO LU AFET VE ACİL DURUM TOPLANMA ALANI;26.831415574557;BADEMLER Cd.
TİRE;;38.132496934507;3527-066-01;997;MAHMUTLAR;;1 NO LU AFET VE ACİL DURUM TOPLANMA ALANI;27.627020714203;CAMİ Sk.
DİKİLİ;;39.169471793017;3511-017-01;995;KIRATLI;;1 NO LU AFET VE ACİL DURUM TOPLANMA ALANI;26.856593088302;KIRATLI CUMHURİYET Cd.
KARŞIYAKA;;38.467948596767;3516-003-01;20;ATAKENT;;1 NO LU AFET VE ACİL DURUM TOPLANMA ALANI;27.085932805094;2039 Sk.
DİKİLİ;;38.996848687422;;995;MERDİVENLİ;;1 NO LU AFET VE ACİL TOPLANMA ALANI;26.851271925342;MERDİVENLİ ATATÜRK Cd.
SEFERİHİSAR;;38.189394084524;3525-017-01;12;SIĞACIK;;1 NO'LU AFET VE ACİL DURUM TOPLANMA ALANI;26.784945252067;145
SELÇUK;;37.883392307977;3526-009-01;10;HAVUTÇULU;;1 NO'LU AFET VE ACİL DURUM TOPLANMA ALANI;27.416634410888;506
ÖDEMİŞ;;38.315624548021;3524-026-01;998;ÇOBANLAR;;1 NO'LU AFET VE ACİL DURUM TOPLANMA ALANI;27.956449044608;ÇOBANLAR YAYLASI
ÖDEMİŞ;;38.231986686227;3524-016-01;998;BUCAK;;1 NO'LU AFET VE ACİL DURUM TOPLANMA ALANI;28.109442842583;KARAYİĞİT
ÖDEMİŞ;;38.232829560306;3524-045-01;998;İNÖNÜ;;1 NO'LU AFET VE ACİL DURUM TOPLANMA ALANI;27.974242331285;SEFA
ÖDEMİŞ;;38.175171074836;3524-044-01;998;İLKKURŞUN;;1 NO'LU AFET VE ACİL DURUM TOPLANMA ALANI;27.860436923092;İLKKURŞUN
ÖDEMİŞ;;38.271030115758;3524-038-01;998;GÜNLÜCE;;1 NO'LU AFET VE ACİL DURUM TOPLANMA ALANI;27.954411938643;ESER
ÖDEMİŞ;;38.139643742573;3524-007-01;998;BALABANLI;;1 NO'LU AFET VE ACİL DURUM TOPLANMA ALANI;27.954775162304;ATAM
ÖDEMİŞ;;38.231164389203;3524-005-01;998;ATATÜRK;;1 NO'LU AFET VE ACİL DURUM TOPLANMA ALANI;27.977767472566;TEĞMEN KALMAZ
ÖDEMİŞ;;38.016164490197;3524-028-01;998;DEMİRDERE;;1 NO'LU AFET VE ACİL DURUM TOPLANMA ALANI;28.002064278526;DEMİRDERE
BORNOVA;;38.45029931617;3507-033-01;2;MEVLANA;;1 NO'LU AFET VE ACİL DURUM TOPLANMA ALANI;27.221715289047;1776
BERGAMA;;39.151887945016;3505-130-01;999;YERLİTAHTACI;;1 NO'LU AFET VE ACİL DURUM TOPLANMA ALANI;27.136502349039;YERLİTAHTACI
BERGAMA;;39.211530305816;3505-015-01;999;AVUNDURUK;;1 NO'LU AFET VE ACİL DURUM TOPLANMA ALANI;27.203777511387;AVUNDURUK
BERGAMA;;39.091105919174;3505-127-01;999;YALNIZEV;;1 NO'LU AFET VE ACİL DURUM TOPLANMA ALANI;27.124792084915;KÜÇÜKKAYA KÖY YOLU
BERGAMA;;39.14291883381;3505-029-01;999;ÇAKIRLAR;;1 NO'LU AFET VE ACİL DURUM TOPLANMA ALANI;27.117454360679;ÇAKIRLAR MERKEZ
BERGAMA;;39.355870752323;3505-125-01;999;ÜRKÜTLER;;1 NO'LU AFET VE ACİL DURUM TOPLANMA ALANI;27.375128195129;ÜRKÜTLER
BERGAMA;;39.131432773353;3505-039-01;999;DAĞISTAN;;1 NO'LU AFET VE ACİL DURUM TOPLANMA ALANI;27.297235951594;DAĞISTAN
ÖDEMİŞ;;38.234772944159;3524-099-01;998;ZAFER;;1 NO'LU AFET VE ACİL DURUM TOPLANMA ALANI;27.990145747861;1330
ÖDEMİŞ;;38.15333736976;3524-025-01;998;ÇAYLI;;1 NO'LU AFET VE ACİL DURUM TOPLANMA ALANI;28.144272162104;EKİN
BORNOVA;;38.423316248287;3507-037-01;2;SERİNTEPE;;1 NO'LU AFET VE ACİL DURUM TOPLANMA ALANI;27.195798648839;4323
BORNOVA;;38.443527182848;3507-044-01;2;YUNUS EMRE;;1 NO'LU AFET VE ACİL DURUM TOPLANMA ALANI;27.233341428105;7523
BORNOVA;;38.465558053845;3507-013-01;2;ERZENE;;1 NO'LU AFET VE ACİL DURUM TOPLANMA ALANI;27.219078461825;FEVZİ ÇAKMAK
ÖDEMİŞ;;38.201686571249;3524-054-01;998;KIŞLA;;1 NO'LU AFET VE ACİL DURUM TOPLANMA ALANI;28.060608865567;KIŞLALI
ÖDEMİŞ;;38.268766947007;3524-069-01;998;MURSALLI;;1 NO'LU AFET VE ACİL DURUM TOPLANMA ALANI;27.986568313584;CELAL BAYAR
SELÇUK;;37.838830142075;3526-008-01;10;GÖKÇEALAN;;1 NO'LU AFET VE ACİL DURUM TOPLANMA ALANI;27.382815331236;634
FOÇA;;38.715909427132;3512-012-01;4;KOZBEYLİ;;1 NO'LU AFET VE ACİL DURUM TOPLANMA ALANI;26.894499635373;KOZBEYLİ KÖYÜ KÜME EVLER
BORNOVA;;38.500069740246;3507-011-01;2;EĞRİDERE;;1 NO'LU AFET VE ACİL DURUM TOPLANMA ALANI;27.216968820539;EĞRİDERE
TİRE;;37.977026173495;3527-021-01;997;ÇERİKÖZÜ;;1 NO'LU AFET VE ACİL DURUM TOPLANMA ALANI;27.795499345743;PINARBAŞI
ÖDEMİŞ;;38.295451328212;3524-096-01;998;YILANLI;;1 NO'LU AFET VE ACİL DURUM TOPLANMA ALANI;28.123821597254;YILANLI
ÖDEMİŞ;;38.204600945301;3524-058-01;998;KÖFÜNDERE;;1 NO'LU AFET VE ACİL DURUM TOPLANMA ALANI;28.158188415903;KÖFÜNDERE
SELÇUK;;37.882495789749;3526-011-01;10;SULTANİYE;;1 NO'LU AFET VE ACİL DURUM TOPLANMA ALANI;27.335784814507;EYİCE
BORNOVA;;38.546938694077;3507-036-01;2;SARNIÇKÖY;;1 NO'LU AFET VE ACİL DURUM TOPLANMA ALANI;27.275449046646;FİLİZ
ÖDEMİŞ;;38.200373342356;3524-035-01;998;GERELİ;;1 NO'LU AFET VE ACİL DURUM TOPLANMA ALANI;28.047507402532;GERELİ
ÖDEMİŞ;;38.223778053649;3524-020-01;998;CUMHURİYET;;1 NO'LU AFET VE ACİL DURUM TOPLANMA ALANI;27.973726950948;CUMHURİYET
KEMALPAŞA;;38.31531845432;3517-046-01;6;YEŞİLKÖY;;1 NO'LU AFET VE ACİL DURUM TOPLANMA ALANI;27.461015382607;YEŞİLKÖY YOLU
BAYINDIR;;38.2394943948;3504-023-01;7;GAZİLER;;1 NO'LU AFET VE ACİL DURUM TOPLANMA ALANI;27.756121079163;ALANKÖY YOLU
ÖDEMİŞ;;38.296358339022;3524-053-01;998;KERPİÇLİK;;1 NO'LU AFET VE ACİL DURUM TOPLANMA ALANI;27.828584974943;KERPİÇLİK
ÖDEMİŞ;;38.189243503593;3524-088-01;998;UZUNDERE;;1 NO'LU AFET VE ACİL DURUM TOPLANMA ALANI;28.12834866119;UZUNDERE
BORNOVA;;38.425303245758;3507-045-01;2;ZAFER;;1 NO'LU AFET VE ACİL DURUM TOPLANMA ALANI;27.203746605907;KEMALPAŞA
BERGAMA;;39.119531701515;3505-021-01;999;ZAFER;;1 NO'LU AFET VE ACİL DURUM TOPLANMA ALANI;27.172925569767;KIŞLA YOLU
ÖDEMİŞ;;38.218994882105;3524-089-01;998;ÜÇ EYLÜL;;1 NO'LU AFET VE ACİL DURUM TOPLANMA ALANI;27.959761303373;KANTARCI
BORNOVA;;38.424695266884;3507-019-01;2;IŞIKLAR;;1 NO'LU AFET VE ACİL DURUM TOPLANMA ALANI;27.230871231813;ALP
ÖDEMİŞ;;38.232819833548;3524-068-01;998;MİMAR SİNAN;;1 NO'LU AFET VE ACİL DURUM TOPLANMA ALANI;27.965697260333;MEHMET AKİF
BORNOVA;;38.515713798342;3507-005-01;2;ÇAMİÇİ;;1 NO'LU AFET VE ACİL DURUM TOPLANMA ALANI;27.221481365845;ÇAĞLA
ÖDEMİŞ;;38.163058097857;3524-049-01;998;KAYMAKÇI;;1 NO'LU AFET VE ACİL DURUM TOPLANMA ALANI;28.113486486758;ÜNAL
SELÇUK;;37.885670259451;3526-007-01;10;ÇAMLIK;;1 NO'LU AFET VE ACİL DURUM TOPLANMA ALANI;27.380196594062;ÇAMLIK ATATÜRK
ÖDEMİŞ;;38.296254975201;3524-079-01;998;SUÇIKTI;;1 NO'LU AFET VE ACİL DURUM TOPLANMA ALANI;27.893890688328;SUÇIKTI
KEMALPAŞA;;38.340286239793;3517-044-01;6;YENİKURUDERE;;1 NO'LU AFET VE ACİL DURUM TOPLANMA ALANI;27.605214051138;YENİ KURUDERE YOLU
ALİAĞA;;38.775559259088;3502-011-01;3;GÜZELHİSAR;;1 NO'LU AFET VE ACİL DURUM TOPLANMA ALANI;27.018267921552;GÜZELHİSAR MERKEZ
ALİAĞA;;38.789450919219;3502-023-01;3;SİTELER;;1 NO'LU AFET VE ACİL DURUM TOPLANMA ALANI;26.962659784174;ŞEHİT BİNBAŞI YAVUZ BAŞAYAR
ALİAĞA;;38.763812731073;3502-022-01;3;SAMURLU;;1 NO'LU AFET VE ACİL DURUM TOPLANMA ALANI;26.98934132534;SAMURLU ÇAMLIK
ALİAĞA;;38.760275436483;3502-017-01;3;KARAKUZU;;1 NO'LU AFET VE ACİL DURUM TOPLANMA ALANI;27.112402486683;PALAMUT
BORNOVA;;38.440235219619;3507-039-01;2;ÜMİT;;1 NO'LU AFET VE ACİL DURUM TOPLANMA ALANI;27.25324033409;7408/2
ÖDEMİŞ;;38.215977069427;3524-027-01;998;DEMİRCİLİ;;1 NO'LU AFET VE ACİL DURUM TOPLANMA ALANI;27.905273532088;DEMİRCİLİ
GAZİEMİR;;38.329247676128;3513-006-01;15;DOKUZ EYLÜL;;1 NO'LU AFET VE ACİL DURUM TOPLANMA ALANI;27.138501092102;KAHRAMANLAR
ÖDEMİŞ;;38.192589991288;3524-078-01;998;SEYREKLİ;;1 NO'LU AFET VE ACİL DURUM TOPLANMA ALANI;27.916519689304;SEYREKLİ
ÖDEMİŞ;;38.367477529889;3524-023-01;998;ÇAMYAYLA;;1 NO'LU AFET VE ACİL DURUM TOPLANMA ALANI;27.941783669634;YEŞİL DERE
KONAK;;38.404944261077;3520-058-01;21;KILIÇ REİS;;1 NO'LU AFET VE ACİL DURUM TOPLANMA ALANI;27.117452070286;324
ÖDEMİŞ;;38.063367013588;3524-065-01;998;KÜRE;;1 NO'LU AFET VE ACİL DURUM TOPLANMA ALANI;27.979217150064;KÜRE
BORNOVA;;38.449434613852;3507-025-01;2;KAZIMDİRİK;;1 NO'LU AFET VE ACİL DURUM TOPLANMA ALANI;27.212691110347;372
KINIK;;39.083208100514;3518-038-01;996;YUKARI;;1 NO'LU AFET VE ACİL DURUM TOPLANMA ALANI;27.383596619121;GÖLCÜK HAMAM
FOÇA;;38.662609542686;3512-001-01;4;ATATÜRK;;1 NO'LU AFET VE ACİL DURUM TOPLANMA ALANI;26.752700430406;13
BORNOVA;;38.427390123084;3507-038-01;2;TUNA;;1 NO'LU AFET VE ACİL DURUM TOPLANMA ALANI;27.183325996345;SANAT
ÖDEMİŞ;;38.137776532967;3524-050-01;998;KAZANLI;;1 NO'LU AFET VE ACİL DURUM TOPLANMA ALANI;27.940332074071;KAZANLI
BERGAMA;;39.262550025339;3505-038-01;999;ÇÜRÜKBAĞLAR;;1 NO'LU AFET VE ACİL DURUM TOPLANMA ALANI;27.229220058846;ÇÜRÜKBAĞLAR
GAZİEMİR;;38.315263028657;3513-010-01;15;GAZİKENT;;1 NO'LU AFET VE ACİL DURUM TOPLANMA ALANI;27.138433377636;GAZİ ATATÜRK
BORNOVA;;38.441971148348;3507-035-01;2;RAFET PAŞA;;1 NO'LU AFET VE ACİL DURUM TOPLANMA ALANI;27.192862631532;5054/1
BORNOVA;;38.487429926518;3507-020-01;2;İNÖNÜ;;1 NO'LU AFET VE ACİL DURUM TOPLANMA ALANI;27.204708496638;981
BORNOVA;;38.517730044127;3507-022-01;2;KARAÇAM;;1 NO'LU AFET VE ACİL DURUM TOPLANMA ALANI;27.270967188219;KARAÇAM
ÖDEMİŞ;;38.281303142541;3524-081-01;998;SÜLEYMANLAR;;1 NO'LU AFET VE ACİL DURUM TOPLANMA ALANI;27.855483347924;SÜLEYMANLAR
FOÇA;;38.65250976436;3512-013-01;4;MAREŞAL FEVZİ ÇAKMAK;;1 NO'LU AFET VE ACİL DURUM TOPLANMA ALANI;26.907099684898;11 EYLÜL
ÖDEMİŞ;;38.285399914628;3524-084-01;998;TOSUNLAR;;1 NO'LU AFET VE ACİL DURUM TOPLANMA ALANI;27.90278033781;TOSUNLAR
FOÇA;;38.663509637702;3512-015-01;4;YENİBAĞARASI;;1 NO'LU AFET VE ACİL DURUM TOPLANMA ALANI;26.842999982284;YENİFOÇA
SELÇUK;;38.020319852978;3526-005-01;10;BELEVİ;;1 NO'LU AFET VE ACİL DURUM TOPLANMA ALANI;27.44337865069;ÜMİT AKOĞUL
ALİAĞA;;38.882677269521;3502-028-01;3;ŞAKRAN SAYFİYE;;1 NO'LU AFET VE ACİL DURUM TOPLANMA ALANI;27.065643128686;FATİH SULTAN MEHMET
ALİAĞA;;38.731362469382;3502-029-01;3;YUKARI ŞEHİTKEMAL;;1 NO'LU AFET VE ACİL DURUM TOPLANMA ALANI;27.005812060175;OKUL
ALİAĞA;;38.726166474148;3502-024-01;3;ŞEHİTKEMAL;;1 NO'LU AFET VE ACİL DURUM TOPLANMA ALANI;26.985711168599;GÖKTEPE
ALİAĞA;;38.734801361935;3502-013-01;3;HOROZGEDİĞİ;;1 NO'LU AFET VE ACİL DURUM TOPLANMA ALANI;26.922460463916;HOROZGEDİĞİ ÇEŞME
BORNOVA;;38.546965822505;3507-029-01;2;KURUDERE;;1 NO'LU AFET VE ACİL DURUM TOPLANMA ALANI;27.252597436972;KURUDERE
BORNOVA;;38.431081494719;3507-026-01;2;KEMALPAŞA;;1 NO'LU AFET VE ACİL DURUM TOPLANMA ALANI;27.274486203834;7058/3
ALİAĞA;;38.798592134765;3502-019-01;3;KURTULUŞ;;1 NO'LU AFET VE ACİL DURUM TOPLANMA ALANI;26.974984236902;KAZIM ONARAN
KİRAZ;;38.254151066032;3519-038-01;994;KARABAĞ;;1 NO'LU AFET VE ACİL DURUM TOPLANMA ALANI;28.177619059877;TÜTÜZLER
FOÇA;;38.659509672106;3512-006-01;4;HACIVELİ;;1 NO'LU AFET VE ACİL DURUM TOPLANMA ALANI;26.855199928998;32/1
ÖDEMİŞ;;38.191688619765;3524-086-01;998;TÜRKÖNÜ;;1 NO'LU AFET VE ACİL DURUM TOPLANMA ALANI;28.054912829342;TÜRKÖNÜ
ALİAĞA;;38.801218078006;3502-018-01;3;KAZIM DİRİK;;1 NO'LU AFET VE ACİL DURUM TOPLANMA ALANI;26.970720110392;ONAT KUTLAR
ÖDEMİŞ;;38.140183141414;3524-056-01;998;KIZILCAAVLU;;1 NO'LU AFET VE ACİL DURUM TOPLANMA ALANI;28.151186643083;KIZILCAAVLU
ÖDEMİŞ;;38.209506176006;3524-097-01;998;YOLÜSTÜ;;1 NO'LU AFET VE ACİL DURUM TOPLANMA ALANI;28.024133483511;YOLÜSTÜ
ÖDEMİŞ;;38.224449853978;3524-042-01;998;HÜRRİYET;;1 NO'LU AFET VE ACİL DURUM TOPLANMA ALANI;27.979896519206;MENDERES
ÖDEMİŞ;;38.012917123388;3524-040-01;998;HAMAM;;1 NO'LU AFET VE ACİL DURUM TOPLANMA ALANI;27.989983221167;MENDEGÜME
ÖDEMİŞ;;38.275464784204;3524-030-01;998;DOLAYLAR;;1 NO'LU AFET VE ACİL DURUM TOPLANMA ALANI;27.986392957686;DOLAYLAR
ÖDEMİŞ;;38.228358088246;3524-001-01;998;AKINCILAR;;1 NO'LU AFET VE ACİL DURUM TOPLANMA ALANI;27.973516951479;MİTHATPAŞA
ÖDEMİŞ;;38.22822458271;3524-017-01;998;BÜLBÜLLER;;1 NO'LU AFET VE ACİL DURUM TOPLANMA ALANI;27.836530727945;BÜLBÜLLER
ÖDEMİŞ;;38.148753507875;3524-002-01;998;ALAŞARLI;;1 NO'LU AFET VE ACİL DURUM TOPLANMA ALANI;28.151412996076;ALAŞARLI
BERGAMA;;39.318192642507;3505-134-01;999;YUKARICUMA;;1 NO'LU AFET VE ACİL DURUM TOPLANMA ALANI;27.096580585537;YUKARICUMA
BERGAMA;;39.113356744109;3505-051-01;999;GAZİOSMANPAŞA;;1 NO'LU AFET VE ACİL DURUM TOPLANMA ALANI;27.184530525229;PİRSULTAN ABDAL
SELÇUK;;37.946613924009;3526-003-01;10;ATATÜRK;;1 NO'LU AFET VE ACİL DURUM TOPLANMA ALANI;27.369198553689;1038
SELÇUK;;37.95674621532;3526-010-01;10;İSA BEY;;1 NO'LU AFET VE ACİL DURUM TOPLANMA ALANI;27.371113674878;2035
ÖDEMİŞ;;38.252922337459;3524-073-01;998;ORTAKÖY;;1 NO'LU AFET VE ACİL DURUM TOPLANMA ALANI;27.927262608472;ORTAKÖY
BALÇOVA;;38.384691679944;3503-002-01;14;ÇETİN EMEÇ;;1 NO'LU AFET VE ACİL DURUM TOPLANMA ALANI;27.061053424591;DUYGU
KARABAĞLAR;;38.396985112792;3531-018-01;19;BAHAR;;1 NO'LU AFET VE ACİL DURUM TOPLANMA ALANI;27.118736711586;9165
SEFERİHİSAR;;38.169113319463;3525-015-01;12;ORHANLI;;1 NO'LU AFET VE ACİL DURUM TOPLANMA ALANI;26.95343063305;ORHANLI
SEFERİHİSAR;;38.242501784095;3525-008-01;12;DÜZCE;;1 NO'LU AFET VE ACİL DURUM TOPLANMA ALANI;26.815700863872;LOJMAN
SEFERİHİSAR;;38.258217186839;3525-020-01;12;TURGUT;;1 NO'LU AFET VE ACİL DURUM TOPLANMA ALANI;26.805444448615;PINAR
SEFERİHİSAR;;38.275906002343;3525-012-01;12;İHSANİYE;;1 NO'LU AFET VE ACİL DURUM TOPLANMA ALANI;26.80866979375;İHSANİYE
SEFERİHİSAR;;38.179342314958;3525-018-01;12;TEPECİK;;1 NO'LU AFET VE ACİL DURUM TOPLANMA ALANI;26.836151054157;TEPECİK
SEFERİHİSAR;;38.189527942748;3525-011-01;12;HIDIRLIK;;1 NO'LU AFET VE ACİL DURUM TOPLANMA ALANI;26.835742650213;77
ALİAĞA;;38.903759712915;3502-003-01;3;BAHÇEDERE;;1 NO'LU AFET VE ACİL DURUM TOPLANMA ALANI;27.112024239938;BAHÇEDERE
SEFERİHİSAR;;38.074945766276;3525-005-01;12;CUMHURİYET;;1 NO'LU AFET VE ACİL DURUM TOPLANMA ALANI;26.908504685076;KARAKOÇ
SEFERİHİSAR;;38.086058663149;3525-001-01;12;ATATÜRK;;1 NO'LU AFET VE ACİL DURUM TOPLANMA ALANI;26.867209875616;ESKİ KÖY YERLEŞİM YERİ
BERGAMA;;39.321960359469;3505-081-01;999;KATRANCI;;1 NO'LU AFET VE ACİL DURUM TOPLANMA ALANI;27.312001516507;KATRANCI
BERGAMA;;39.342462776142;3505-121-01;999;TOPALLAR;;1 NO'LU AFET VE ACİL DURUM TOPLANMA ALANI;27.334550410909;TOPALLAR
ÖDEMİŞ;;38.242297997452;3524-063-01;998;KÜÇÜKAVULCUK;;1 NO'LU AFET VE ACİL DURUM TOPLANMA ALANI;28.031893783517;BİRGİ YOLU
ALİAĞA;;38.922753601097;3502-001-01;3;AŞAĞIŞAKRAN;;1 NO'LU AFET VE ACİL DURUM TOPLANMA ALANI;27.096573282332;AŞAĞIŞAKRAN
BERGAMA;;39.113420652304;3505-046-01;999;İNKILAP;;1 NO'LU AFET VE ACİL DURUM TOPLANMA ALANI;27.182795365295;ADNAN MENDERES
KARABAĞLAR;;38.309365589758;3531-030-01;19;KAVACIK;;1 NO'LU AFET VE ACİL DURUM TOPLANMA ALANI;26.959181025284;10022
BORNOVA;;38.489355927096;3507-015-01;2;EVKA 4;;1 NO'LU AFET VE ACİL DURUM TOPLANMA ALANI;27.214853442805;AHMET ARVASİ
SEFERİHİSAR;;38.284547701299;3525-006-01;12;ÇAMTEPE;;1 NO'LU AFET VE ACİL DURUM TOPLANMA ALANI;26.941879155413;ÇAMTEPE KÖY YOLU
BAYRAKLI;;38.494912842337;3530-008-01;11;DOĞANÇAY;;1 NO'LU AFET VE ACİL DURUM TOPLANMA ALANI;27.160481703819;7194/11
ALİAĞA;;38.833683027961;3502-009-01;3;ÇORAKLAR;;1 NO'LU AFET VE ACİL DURUM TOPLANMA ALANI;27.077011533382;ÇORAKLAR MERCAN
ALİAĞA;;38.852894885899;3502-007-01;3;ÇALTILIDERE;;1 NO'LU AFET VE ACİL DURUM TOPLANMA ALANI;27.034587707136;ÇALTILIDERE CAMİ
BALÇOVA;;38.3893322707;3503-007-01;14;ONUR;;1 NO'LU AFET VE ACİL DURUM TOPLANMA ALANI;27.049785434803;YEŞİL CAMİİ
SEFERİHİSAR;;38.199983869635;3525-007-01;12;ÇOLAK İBRAHİM BEY;;1 NO'LU AFET VE ACİL DURUM TOPLANMA ALANI;26.834986011159;FEVZİ ÇAKMAK
BERGAMA;;38.940801802649;3505-084-01;999;KIZILTEPE;;1 NO'LU AFET VE ACİL DURUM TOPLANMA ALANI;27.133301294141;KIZILTEPE
BALÇOVA;;38.396122247586;3503-003-01;14;EĞİTİM;;1 NO'LU AFET VE ACİL DURUM TOPLANMA ALANI;27.06133236473;GAZİ OSMAN PAŞA
BALÇOVA;;38.389475257759;3503-006-01;14;KORUTÜRK;;1 NO'LU AFET VE ACİL DURUM TOPLANMA ALANI;27.038132492472;V. HÜSEYİN ÖĞÜTÇEN
BALÇOVA;;38.395213230855;3503-005-01;14;İNCİRALTI;;1 NO'LU AFET VE ACİL DURUM TOPLANMA ALANI;27.040385471391;MİTHATPAŞA
BERGAMA;;39.113120735305;3505-092-01;999;MALTEPE;;1 NO'LU AFET VE ACİL DURUM TOPLANMA ALANI;27.174501573846;ATATÜRK
BALÇOVA;;38.384402304494;3503-008-01;14;TELEFERİK;;1 NO'LU AFET VE ACİL DURUM TOPLANMA ALANI;27.057011406338;ENVERPAŞA
NARLIDERE;;38.392241749422;3523-004-01;5;ÇAMTEPE;;1 NO'LU AFET VE ACİL DURUM TOPLANMA ALANI;27.011945454919;KAYHAN
ÖDEMİŞ;;38.253727046864;3524-019-01;998;CEVİZALAN;;1 NO'LU AFET VE ACİL DURUM TOPLANMA ALANI;28.119289234065;CEVİZALAN
GAZİEMİR;;38.319220791162;3513-003-01;15;ATIFBEY;;1 NO'LU AFET VE ACİL DURUM TOPLANMA ALANI;27.130592232732;FERİDUN PÖZÜT
ÖDEMİŞ;;38.241289192693;3524-093-01;998;YENİCEKÖY;;1 NO'LU AFET VE ACİL DURUM TOPLANMA ALANI;27.950044223057;YENİCEKÖY
MENDERES;;38.076551845234;3521-026-01;13;GÜMÜLDÜR CUMHURİYET;;1 NO'LU AFET VE ACİL DURUM TOPLANMA ALANI;26.990413266015;6447
BORNOVA;;38.416959286566;3507-032-01;2;MERKEZ;;1 NO'LU AFET VE ACİL DURUM TOPLANMA ALANI;27.201307631586;FEVZİ PAŞA
ÖDEMİŞ;;38.224650102109;3524-043-01;998;IŞIK;;1 NO'LU AFET VE ACİL DURUM TOPLANMA ALANI;27.884853224602;IŞIKLAR
GAZİEMİR;;38.339383629497;3513-004-01;15;BEYAZEVLER;;1 NO'LU AFET VE ACİL DURUM TOPLANMA ALANI;27.144176046503;541
BORNOVA;;38.499091949083;3507-008-01;2;ÇİÇEKLİ;;1 NO'LU AFET VE ACİL DURUM TOPLANMA ALANI;27.28446008095;ÇİÇEKLİ
ÖDEMİŞ;;38.297378539526;3524-055-01;998;KIZILCA;;1 NO'LU AFET VE ACİL DURUM TOPLANMA ALANI;27.844328623472;KIZILCA
BERGAMA;;39.376322411319;3505-132-01;999;YUKARIADA;;1 NO'LU AFET VE ACİL DURUM TOPLANMA ALANI;27.344329617853;YUKARIADA
ALİAĞA;;38.79176113202;3502-027-01;3;YENİ;;1 NO'LU AFET VE ACİL DURUM TOPLANMA ALANI;26.976948096415;572
GAZİEMİR;;38.293914896852;3513-002-01;15;ATATÜRK;;1 NO'LU AFET VE ACİL DURUM TOPLANMA ALANI;27.174134973621;1045/1
BORNOVA;;38.429765223832;3507-042-01;2;YEŞİLOVA;;1 NO'LU AFET VE ACİL DURUM TOPLANMA ALANI;27.204819592929;4178/1
FOÇA;;38.69570948591;3512-011-01;4;KOCA MEHMETLER;;1 NO'LU AFET VE ACİL DURUM TOPLANMA ALANI;26.854199869761;ŞEHİT ER VELİ YILMAZ
GAZİEMİR;;38.329368668458;3513-009-01;15;GAZİ;;1 NO'LU AFET VE ACİL DURUM TOPLANMA ALANI;27.131995124934;28/27
BORNOVA;;38.429298297137;3507-018-01;2;GÜRPINAR;;1 NO'LU AFET VE ACİL DURUM TOPLANMA ALANI;27.273339252155;7058
ÖDEMİŞ;;38.218346339183;3524-032-01;998;EMMİOĞLU;;1 NO'LU AFET VE ACİL DURUM TOPLANMA ALANI;27.966037390407;SANAYİ SİTESİ ŞEREF USTA
BERGAMA;;39.239480915594;3505-124-01;999;ÜÇTEPE;;1 NO'LU AFET VE ACİL DURUM TOPLANMA ALANI;27.246806426463;ÜÇTEPE
BERGAMA;;39.27021213755;3505-008-01;999;AŞAĞICUMA;;1 NO'LU AFET VE ACİL DURUM TOPLANMA ALANI;27.011401998523;AŞAĞICUMA
BORNOVA;;38.458749139546;3507-034-01;2;NALDÖKEN;;1 NO'LU AFET VE ACİL DURUM TOPLANMA ALANI;27.267646232085;1236
BERGAMA;;38.932953032905;3505-070-01;999;İSMAİLLİ;;1 NO'LU AFET VE ACİL DURUM TOPLANMA ALANI;27.213667848271;İSMAİLLİ
SEFERİHİSAR;;38.076763520327;3525-016-01;12;PAYAMLI;;1 NO'LU AFET VE ACİL DURUM TOPLANMA ALANI;26.927391509671;KOCA YUSUF
BERGAMA;;39.267086381461;3505-017-01;999;AYVATLAR;;1 NO'LU AFET VE ACİL DURUM TOPLANMA ALANI;26.981822118709;AYVATALAR
BERGAMA;;39.324255301947;3505-059-01;999;HACILAR (DEREKÖY BUCAĞI);;1 NO'LU AFET VE ACİL DURUM TOPLANMA ALANI;27.270022603218;HACILAR (DEREKÖY BUCAĞI)
BERGAMA;;39.242767998144;3505-088-01;999;KOZLUCA;;1 NO'LU AFET VE ACİL DURUM TOPLANMA ALANI;27.428449924113;KOZLUCA MERKEZ
ALİAĞA;;38.890417818011;3502-030-01;3;YÜKSEKKÖY;;1 NO'LU AFET VE ACİL DURUM TOPLANMA ALANI;27.148297086821;28/11
BERGAMA;;39.055216034083;3505-006-01;999;ARMAĞANLAR;;1 NO'LU AFET VE ACİL DURUM TOPLANMA ALANI;27.185633619989;ARMAĞANLAR
BORNOVA;;38.427752225931;3507-004-01;2;BİRLİK;;1 NO'LU AFET VE ACİL DURUM TOPLANMA ALANI;27.1969606349;4263
FOÇA;;38.690109566673;3512-016-01;4;YENİKÖY;;1 NO'LU AFET VE ACİL DURUM TOPLANMA ALANI;26.901999644488;YENİKÖY KÖYÜ KÜME EVLER
BALÇOVA;;38.385444299867;3503-004-01;14;FEVZİ ÇAKMAK;;1 NO'LU AFET VE ACİL DURUM TOPLANMA ALANI;27.058426397672;ATA
MENEMEN;;38.625846168941;3522-046-01;17;KIR;;1 NO'LU AFET VE ACİL DURUM TOPLANMA ALANI;27.159115487984;9 EYLÜL KURTULUŞ
BERGAMA;;39.290778372928;3505-058-01;999;HACIHAMZALAR;;1 NO'LU AFET VE ACİL DURUM TOPLANMA ALANI;27.045710023178;HACIHAMZALAR
ÖDEMİŞ;;38.217528932739;3524-034-01;998;GERÇEKLİ;;1 NO'LU AFET VE ACİL DURUM TOPLANMA ALANI;28.065936610721;GERÇEKLİ
BORNOVA;;38.517038809362;3507-024-01;2;KAYADİBİ;;1 NO'LU AFET VE ACİL DURUM TOPLANMA ALANI;27.238386279887;KAYADİBİ
BERGAMA;;39.288070175979;3505-004-01;999;ALHATLI;;1 NO'LU AFET VE ACİL DURUM TOPLANMA ALANI;27.384681399026;ALHATLI MERKEZ
ÖDEMİŞ;;38.313598503266;3524-074-01;998;OVACIK;;1 NO'LU AFET VE ACİL DURUM TOPLANMA ALANI;28.052783368274;OVACIK
GAZİEMİR;;38.35794851743;3513-007-01;15;EMREZ;;1 NO'LU AFET VE ACİL DURUM TOPLANMA ALANI;27.129505089067;196
BERGAMA;;38.995250848277;3505-014-01;999;AVUNDUK;;1 NO'LU AFET VE ACİL DURUM TOPLANMA ALANI;27.209048410227;AVUNDUK
BERGAMA;;39.221829506608;3505-100-01;999;ÖRENLİ;;1 NO'LU AFET VE ACİL DURUM TOPLANMA ALANI;27.267890749884;ÖRENLİ
BORNOVA;;38.473245050509;3507-014-01;2;EVKA 3;;1 NO'LU AFET VE ACİL DURUM TOPLANMA ALANI;27.254406272851;127/9
ALİAĞA;;38.700923654906;3502-021-01;3;MİMAR SİNAN;;1 NO'LU AFET VE ACİL DURUM TOPLANMA ALANI;27.034773971087;2619
NARLIDERE;;38.381005119885;3523-008-01;5;LİMANREİS;;1 NO'LU AFET VE ACİL DURUM TOPLANMA ALANI;26.924837159057;MADALYON
ÖDEMİŞ;;38.230364003478;3524-010-01;998;BENGİSU;;1 NO'LU AFET VE ACİL DURUM TOPLANMA ALANI;27.970202102967;MALAZGİRT
FOÇA;;38.738809249453;3512-014-01;4;MUSTAFA KEMAL ATATÜRK;;1 NO'LU AFET VE ACİL DURUM TOPLANMA ALANI;26.837999871833;İZMİR
BORNOVA;;38.45029823097;3507-023-01;2;KAVAKLIDERE;;1 NO'LU AFET VE ACİL DURUM TOPLANMA ALANI;27.314924010314;KAVAKLIDERE
BORNOVA;;38.438498184825;3507-021-01;2;KARACAOĞLAN;;1 NO'LU AFET VE ACİL DURUM TOPLANMA ALANI;27.210174551557;6241
BORNOVA;;38.464095054085;3507-012-01;2;ERGENE;;1 NO'LU AFET VE ACİL DURUM TOPLANMA ALANI;27.211443501967;MUSTAFA KEMAL
BORNOVA;;38.425156276982;3507-010-01;2;EGEMENLİK;;1 NO'LU AFET VE ACİL DURUM TOPLANMA ALANI;27.232878460627;6093
BORNOVA;;38.45084516596;3507-009-01;2;DOĞANLAR;;1 NO'LU AFET VE ACİL DURUM TOPLANMA ALANI;27.254083311877;1432
BORNOVA;;38.413551291262;3507-006-01;2;ÇAMKULE;;1 NO'LU AFET VE ACİL DURUM TOPLANMA ALANI;27.188437701091;4720
ÖDEMİŞ;;38.339286417033;3524-015-01;998;BOZDAĞ;;1 NO'LU AFET VE ACİL DURUM TOPLANMA ALANI;28.074635617596;ÜÇLER
ÖDEMİŞ;;38.118901844254;3524-014-01;998;BOZCAYAKA;;1 NO'LU AFET VE ACİL DURUM TOPLANMA ALANI;27.975409663059;BOZCAYAKA
ÖDEMİŞ;;38.17792507485;3524-060-01;998;KURUCUOVA;;1 NO'LU AFET VE ACİL DURUM TOPLANMA ALANI;28.087698532345;KURUCUOVA
ÖDEMİŞ;;38.135308785567;3524-066-01;998;MESCİTLİ;;1 NO'LU AFET VE ACİL DURUM TOPLANMA ALANI;28.07418334537;MESCİTLİ
NARLIDERE;;38.395459054818;3523-011-01;5;YENİKALE;;1 NO'LU AFET VE ACİL DURUM TOPLANMA ALANI;27.006413472141;TAYLAN
ÖDEMİŞ;;38.232902453885;3524-062-01;998;KUVVETLİ;;1 NO'LU AFET VE ACİL DURUM TOPLANMA ALANI;27.962824841409;ÖRNEK
ÖDEMİŞ;;38.37718628886;3524-041-01;998;HORZUM;;1 NO'LU AFET VE ACİL DURUM TOPLANMA ALANI;27.899242417081;ÇALI
BORNOVA;;38.437963164209;3507-043-01;2;YILDIRIM BEYAZIT;;1 NO'LU AFET VE ACİL DURUM TOPLANMA ALANI;27.18823066158;BURAK REİS
BERGAMA;;39.187837532392;3505-135-01;999;YUKARIKIRIKLAR;;1 NO'LU AFET VE ACİL DURUM TOPLANMA ALANI;27.235299218824;YUKARIKIRIKLAR
BERGAMA;;39.250154155179;3505-131-01;999;YORTANLI;;1 NO'LU AFET VE ACİL DURUM TOPLANMA ALANI;27.265476898762;YORTANLI
BERGAMA;;39.009101747208;3505-128-01;999;YENİKENT;;1 NO'LU AFET VE ACİL DURUM TOPLANMA ALANI;27.058608292552;KEMAL ATATÜRK
BERGAMA;;39.199323324546;3505-055-01;999;GÖKÇEYURT;;1 NO'LU AFET VE ACİL DURUM TOPLANMA ALANI;27.188943353913;GÖKÇEYURT
BERGAMA;;39.046153484522;3505-050-01;999;GAYLAN;;1 NO'LU AFET VE ACİL DURUM TOPLANMA ALANI;27.194542607339;GAYLAN
BORNOVA;;38.447826371892;3507-041-01;2;YEŞİLÇAM;;1 NO'LU AFET VE ACİL DURUM TOPLANMA ALANI;27.304224533284;2004
BORNOVA;;38.377797715237;3507-017-01;2;GÖKDERE;;1 NO'LU AFET VE ACİL DURUM TOPLANMA ALANI;27.24064531526;ÇİĞDEM
ALİAĞA;;38.795869213193;3502-016-01;3;KARAKÖY;;1 NO'LU AFET VE ACİL DURUM TOPLANMA ALANI;27.071953623868;KARAKÖY HÜKÜMET
ALİAĞA;;38.871976914939;3502-015-01;3;KAPUKAYA;;1 NO'LU AFET VE ACİL DURUM TOPLANMA ALANI;27.152308099571;21/6
ÖDEMİŞ;;38.198473081467;3524-094-01;998;YENİKÖY;;1 NO'LU AFET VE ACİL DURUM TOPLANMA ALANI;27.893541212989;YENİKÖY KAHVELERİ
ALİAĞA;;38.803377830247;3502-020-01;3;KÜLTÜR;;1 NO'LU AFET VE ACİL DURUM TOPLANMA ALANI;26.971581459148;HÜKÜMET
ALİAĞA;;38.75683594751;3502-008-01;3;ÇITAK;;1 NO'LU AFET VE ACİL DURUM TOPLANMA ALANI;27.057591940438;ÇITAK İSTİKLAL
ALİAĞA;;38.701602635364;3502-004-01;3;B.HAYRETTİN PAŞA;;1 NO'LU AFET VE ACİL DURUM TOPLANMA ALANI;27.019359046282;2205
ÖDEMİŞ;;38.229302125129;3524-070-01;998;OCAKLI;;1 NO'LU AFET VE ACİL DURUM TOPLANMA ALANI;28.010494778665;OCAKLI
MENDERES;387;38.19101924373;3521-036-01;13;KUYUCAK;;1 NO'LU AFET VE ACİL DURUM TOPLANMA ALANI;26.99191706401;MENDERES-ORHANLI YOLU Sk.
ÖDEMİŞ;;38.070150283239;3524-012-01;998;BIÇAKÇI;;1 NO'LU AFET VE ACİL DURUM TOPLANMA ALANI;28.103528562307;BIÇAKÇI
ALİAĞA;;38.830966243161;3502-026-01;3;YALI;;1 NO'LU AFET VE ACİL DURUM TOPLANMA ALANI;26.981573948517;121
FOÇA;;38.750009179625;3512-003-01;4;FATİH;;1 NO'LU AFET VE ACİL DURUM TOPLANMA ALANI;26.826499908356;KANDEMİR
ALİAĞA;;38.843837019975;3502-014-01;3;KALABAK;;1 NO'LU AFET VE ACİL DURUM TOPLANMA ALANI;27.11818431409;KALABAK MERKEZ
ALİAĞA;;38.866671978553;3502-012-01;3;HACIÖMERLİ;;1 NO'LU AFET VE ACİL DURUM TOPLANMA ALANI;27.06245207775;HACIÖMERLİ MENEKŞE
ALİAĞA;;38.71995948309;3502-005-01;3;BOZKÖY;;1 NO'LU AFET VE ACİL DURUM TOPLANMA ALANI;26.964735282558;ŞAHİN
ALİAĞA;;38.795513556579;3502-002-01;3;ATATÜRK;;1 NO'LU AFET VE ACİL DURUM TOPLANMA ALANI;26.965043675653;GÜNEŞ
GAZİEMİR;;38.336675343294;3513-016-01;15;ZAFER;;1 NO'LU AFET VE ACİL DURUM TOPLANMA ALANI;27.104704893311;800
GAZİEMİR;;38.307035792093;3513-014-01;15;SEVGİ;;1 NO'LU AFET VE ACİL DURUM TOPLANMA ALANI;27.138819128648;80
GAZİEMİR;;38.328382846748;3513-012-01;15;IRMAK;;1 NO'LU AFET VE ACİL DURUM TOPLANMA ALANI;27.126666109067;38/26
SEFERİHİSAR;;38.201482032629;3525-019-01;12;TURABİYE;;1 NO'LU AFET VE ACİL DURUM TOPLANMA ALANI;26.846500780564;BEYLER
SEFERİHİSAR;;38.271327730511;3525-010-01;12;GÖLCÜK;;1 NO'LU AFET VE ACİL DURUM TOPLANMA ALANI;26.904773364229;14000
NARLIDERE;;38.394958016087;3523-006-01;5;HUZUR;;1 NO'LU AFET VE ACİL DURUM TOPLANMA ALANI;26.997145842317;AHMET TANER KIŞLALI
SEFERİHİSAR;;38.225602993058;3525-003-01;12;BEYLER;;1 NO'LU AFET VE ACİL DURUM TOPLANMA ALANI;26.926344334898;KAVAKÇAYI
ÖDEMİŞ;;38.219706000399;3524-098-01;998;YUSUFDERE;;1 NO'LU AFET VE ACİL DURUM TOPLANMA ALANI;27.828870940596;YUSUFDERE
ÖDEMİŞ;;38.248572567855;3524-090-01;998;ÜÇKONAK;;1 NO'LU AFET VE ACİL DURUM TOPLANMA ALANI;28.086808431079;ÜÇKONAK
SELÇUK;;37.991913597635;3526-014-01;10;ZEYTİNKÖY;;1 NO'LU AFET VE ACİL DURUM TOPLANMA ALANI;27.283398917089;AKPINAR
SELÇUK;;37.915114085603;3526-002-01;10;ACARLAR;;1 NO'LU AFET VE ACİL DURUM TOPLANMA ALANI;27.362898635743;OKUL
ÖDEMİŞ;;38.24718097066;3524-061-01;998;KUTLUBEYLER;;1 NO'LU AFET VE ACİL DURUM TOPLANMA ALANI;28.098069739112;KUTLUBEYLER
ÖDEMİŞ;;38.285357240609;3524-052-01;998;KEMER;;1 NO'LU AFET VE ACİL DURUM TOPLANMA ALANI;28.094454356154;KEMER
ÖDEMİŞ;;38.204443772398;3524-048-01;998;KAYAKÖY;;1 NO'LU AFET VE ACİL DURUM TOPLANMA ALANI;27.820448706931;23 NİSAN
ÖDEMİŞ;;38.173820028652;3524-033-01;998;ERTUĞRUL;;1 NO'LU AFET VE ACİL DURUM TOPLANMA ALANI;28.056761904805;ŞİRİNYER
ÖDEMİŞ;;38.231753053354;3524-018-01;998;BÜYÜKAVULCUK;;1 NO'LU AFET VE ACİL DURUM TOPLANMA ALANI;28.033311791405;BÜYÜKAVULCUK
ÖDEMİŞ;;38.246336921542;3524-011-01;998;BEYAZITLAR;;1 NO'LU AFET VE ACİL DURUM TOPLANMA ALANI;28.038668262034;BİRGİ YOLU
ÖDEMİŞ;;38.345597302586;3524-004-01;998;ARTICAK;;1 NO'LU AFET VE ACİL DURUM TOPLANMA ALANI;28.002135282865;ARTICAK YAYLASI
ÖDEMİŞ;;38.083879085992;3524-076-01;998;PİRİNÇÇİ;;1 NO'LU AFET VE ACİL DURUM TOPLANMA ALANI;28.079317717808;PİRİNÇÇİ
GAZİEMİR;;38.293350893723;3513-013-01;15;MENDERES;;1 NO'LU AFET VE ACİL DURUM TOPLANMA ALANI;27.167828005445;1012
NARLIDERE;;38.407009098034;3523-010-01;5;SAHİLEVLERİ;;1 NO'LU AFET VE ACİL DURUM TOPLANMA ALANI;27.00666120414;BÜŞRA
FOÇA;;38.651109768029;3512-010-01;4;KEMAL ATATÜRK;;1 NO'LU AFET VE ACİL DURUM TOPLANMA ALANI;26.903999703428;27 MART
NARLIDERE;;38.396974904458;3523-009-01;5;NARLI;;1 NO'LU AFET VE ACİL DURUM TOPLANMA ALANI;27.002328551875;MUSTAFA KEMAL SAHİL
KONAK;;38.407044782875;3520-052-01;21;İSMET PAŞA;;1 NO'LU AFET VE ACİL DURUM TOPLANMA ALANI;27.159237586712;3540
SELÇUK;;37.944793127681;3526-012-01;10;ŞİRİNCE;;1 NO'LU AFET VE ACİL DURUM TOPLANMA ALANI;27.43164271268;KAYSERKAYA
SELÇUK;;37.943761938796;3526-006-01;10;CUMHURİYET;;1 NO'LU AFET VE ACİL DURUM TOPLANMA ALANI;27.368845559526;KUBİLAY
SELÇUK;;37.954453527227;3526-013-01;10;ZAFER;;1 NO'LU AFET VE ACİL DURUM TOPLANMA ALANI;27.37435466966;3026
ALİAĞA;;38.752004598079;3502-006-01;3;ÇAKMAKLI;;1 NO'LU AFET VE ACİL DURUM TOPLANMA ALANI;26.909662371949;10/36
ÖDEMİŞ;;38.27568595188;3524-039-01;998;HACIHASAN;;1 NO'LU AFET VE ACİL DURUM TOPLANMA ALANI;28.077717277676;HACI HASAN
ÖDEMİŞ;;38.016138757125;3524-037-01;998;GÜNEY;;1 NO'LU AFET VE ACİL DURUM TOPLANMA ALANI;27.978740479372;GÜNEY
ÖDEMİŞ;;38.106349152244;3524-031-01;998;EMİRLİ;;1 NO'LU AFET VE ACİL DURUM TOPLANMA ALANI;28.119441548426;EMİRLİ
ÖDEMİŞ;;38.221204332729;3524-082-01;998;ŞİRİNKÖY;;1 NO'LU AFET VE ACİL DURUM TOPLANMA ALANI;27.868207137938;ŞİRİNKÖY
ÖDEMİŞ;;38.030155689774;3524-064-01;998;KÜÇÜKÖREN;;1 NO'LU AFET VE ACİL DURUM TOPLANMA ALANI;27.994479892004;KÜÇÜKÖREN
ÖDEMİŞ;;38.17431422538;3524-047-01;998;KARAKOVA;;1 NO'LU AFET VE ACİL DURUM TOPLANMA ALANI;27.940187847088;KARAKOVA
ÖDEMİŞ;;38.003505607716;3524-024-01;998;ÇAYIR;;1 NO'LU AFET VE ACİL DURUM TOPLANMA ALANI;28.009107241074;ATAMAN
ALİAĞA;;38.698117654402;3502-010-01;3;FATİH;;1 NO'LU AFET VE ACİL DURUM TOPLANMA ALANI;27.020496046444;2418
ÖDEMİŞ;;38.246887047349;3524-046-01;998;KARADOĞAN;;1 NO'LU AFET VE ACİL DURUM TOPLANMA ALANI;27.912471226492;KARADOĞAN
ÖDEMİŞ;;38.227391928912;3524-067-01;998;MEŞRUTİYET;;1 NO'LU AFET VE ACİL DURUM TOPLANMA ALANI;27.965974966372;ORDU
BORNOVA;;38.472028827147;3507-027-01;2;KIZILAY;;1 NO'LU AFET VE ACİL DURUM TOPLANMA ALANI;27.218696102792;467
FOÇA;;38.658509674704;3512-009-01;4;KAZIM DİRİK;;1 NO'LU AFET VE ACİL DURUM TOPLANMA ALANI;26.85289994232;408
ALİAĞA;;38.774852848115;3502-025-01;3;UZUNHASANLAR;;1 NO'LU AFET VE ACİL DURUM TOPLANMA ALANI;27.082627528454;UZUNHASANLAR YENİ
ÖDEMİŞ;;38.114571074925;3524-057-01;998;KONAKLI;;1 NO'LU AFET VE ACİL DURUM TOPLANMA ALANI;27.996981243828;BAŞKOMUTAN ATATÜRK
ÖDEMİŞ;;38.24662788472;3524-080-01;998;SÜLEYMAN DEMİREL;;1 NO'LU AFET VE ACİL DURUM TOPLANMA ALANI;27.983661367639;1032
KARABAĞLAR;;38.391760018574;3531-037-01;19;OSMAN AKSÜNER;;1 NO'LU AFET VE ACİL DURUM TOPLANMA ALANI;27.135052831325;5733
ÖDEMİŞ;;38.252995565413;3524-013-01;998;BİRGİ;;1 NO'LU AFET VE ACİL DURUM TOPLANMA ALANI;28.065098269836;ŞEHİT RAŞİT BAŞOĞLU
ÖDEMİŞ;;38.26754130908;3524-091-01;998;ÜZÜMLÜ;;1 NO'LU AFET VE ACİL DURUM TOPLANMA ALANI;27.923563736766;ÜZÜMLER
BERGAMA;;39.11320587369;3505-068-01;999;İNKILAP;;1 NO'LU AFET VE ACİL DURUM TOPLANMA ALANI;27.18268127342;ADNAN MENDERES
ÖDEMİŞ;;38.103050123501;3524-051-01;998;KEMENLER;;1 NO'LU AFET VE ACİL DURUM TOPLANMA ALANI;28.086316902469;KEMENLER
BORNOVA;;38.486148961873;3507-030-01;2;LAKA;;1 NO'LU AFET VE ACİL DURUM TOPLANMA ALANI;27.189535762211;GÜL
ÖDEMİŞ;;38.163156621091;3524-072-01;998;ORHANGAZİ;;1 NO'LU AFET VE ACİL DURUM TOPLANMA ALANI;28.169607290189;ORHANGAZİ
GAZİEMİR;;38.35519852739;3513-001-01;15;AKTEPE;;1 NO'LU AFET VE ACİL DURUM TOPLANMA ALANI;27.125382114114;2002
BERGAMA;;39.115000316218;3505-136-01;999;ZAFER;;1 NO'LU AFET VE ACİL DURUM TOPLANMA ALANI;27.175454002768;CUMHURİYET
KARABAĞLAR;;38.390712314815;3531-034-01;19;MALİYECİLER;;1 NO'LU AFET VE ACİL DURUM TOPLANMA ALANI;27.098250189773;52/169
BERGAMA;;39.121671917003;3505-013-01;999;SELÇUK;;1 NO'LU AFET VE ACİL DURUM TOPLANMA ALANI;27.170028461488;KIŞLA
FOÇA;;38.671009503558;3512-005-01;4;İSMETPAŞA;;1 NO'LU AFET VE ACİL DURUM TOPLANMA ALANI;26.756300396482;169
SEFERİHİSAR;;38.275329385538;3525-009-01;12;GÖDENCE;;1 NO'LU AFET VE ACİL DURUM TOPLANMA ALANI;26.922149047782;4001
ÖDEMİŞ;;38.282519096035;3524-021-01;998;ÇAĞLAYAN;;1 NO'LU AFET VE ACİL DURUM TOPLANMA ALANI;27.989067225128;30 AĞUSTOS
ÖDEMİŞ;;38.258099487281;3524-092-01;998;VELİLER;;1 NO'LU AFET VE ACİL DURUM TOPLANMA ALANI;27.839462428616;VELİLER
BORNOVA;;38.511904922393;3507-040-01;2;YAKAKÖY;;1 NO'LU AFET VE ACİL DURUM TOPLANMA ALANI;27.322662870157;YAKA
BORNOVA;;38.419998725484;3507-031-01;2;MERİÇ;;1 NO'LU AFET VE ACİL DURUM TOPLANMA ALANI;27.18455438394;5748
GAZİEMİR;;38.318317717023;3513-015-01;15;YEŞİL;;1 NO'LU AFET VE ACİL DURUM TOPLANMA ALANI;27.123432186174;43/2
NARLIDERE;;38.399518477445;3523-002-01;5;ALTIEVLER;;1 NO'LU AFET VE ACİL DURUM TOPLANMA ALANI;26.988132700174;NAR
ÖDEMİŞ;;38.089365743414;3524-022-01;998;ÇAMLICA;;1 NO'LU AFET VE ACİL DURUM TOPLANMA ALANI;27.955555704277;ÇAMLICA
ÖDEMİŞ;;38.355109066084;3524-008-01;998;BAYIRLI;;1 NO'LU AFET VE ACİL DURUM TOPLANMA ALANI;28.034136081532;BOĞAZ
BORNOVA;;38.532869443417;3507-003-01;2;BEŞYOL;;1 NO'LU AFET VE ACİL DURUM TOPLANMA ALANI;27.291619400751;BEŞYOL
BERGAMA;;39.344248546884;3505-057-01;999;GÜNEŞLİ;;1 NO'LU AFET VE ACİL DURUM TOPLANMA ALANI;27.125902399571;TEKKEKÖY
BORNOVA;;38.439563152624;3507-007-01;2;ÇINAR;;1 NO'LU AFET VE ACİL DURUM TOPLANMA ALANI;27.184600676245;YILDIRIM BEYAZIT
BORNOVA;;38.436128162246;3507-002-01;2;BARBAROS;;1 NO'LU AFET VE ACİL DURUM TOPLANMA ALANI;27.196757921217;5332
KARŞIYAKA;;38.518359109201;3516-021-01;20;SANCAKLI;;1 NO'LU AFET VE ACİL DURUM TOPLANMA ALANI;27.152707538218;SANCAKLI
ÖDEMİŞ;;38.229676250295;3524-085-01;998;TÜRKMEN;;1 NO'LU AFET VE ACİL DURUM TOPLANMA ALANI;27.96367902134;DİKMEN
SEFERİHİSAR;;38.246749107816;3525-021-01;12;ULAMIŞ;;1 NO'LU AFET VE ACİL DURUM TOPLANMA ALANI;26.837250188362;1420/1
SEFERİHİSAR;;38.212253641187;;12;NECAT HEPKON;;1 NOLU AFET VE ACİL DURUM TOPLANMA ALANI;26.825320396815;
SEFERİHİSAR;;38.078923169704;;12;MERSİN ALANI;;1 NOLU AFET VE ACİL DURUM TOPLANMA ALANI;26.974316583292;ÜRKMEZ Cd.
URLA;;38.322853549848;;18;HACI İSA;;1 NOLU TOPLANMA ALANI;26.767052186713;ÇELEN Sk.
SEFERİHİSAR;;38.212146140722;YENİ EKLENEN;12;NECAT HEPKON;;1 NOLU TOPLANMA ALANI;26.807381873699;99/3 Sk.
ALİAĞA;;38.792625642173;;3;ÖRNEKKENT;;1 NOLU TOPLANMA ALANI;26.987337407744;813 Sk.
ÖDEMİŞ;;38.329541816116;;998;DOLAYLAR;;1 NOLU TOPLANMA ALANI;27.995256386406;DOLAYLAR SUBATAN YAYLASI KümeEvleri
KEMALPAŞA;;38.431533411182;3517-038-10;6;SEKİZ EYLÜL;;10 NO LU AFET VE ACİL DURUM TOPLANMA ALANI;27.405199981419;89
ÇEŞME;;38.299555204039;3509-002-10;1001;ALAÇATI;;10 NO LU AFET VE ACİL DURUM TOPLANMA ALANI;26.377146829958;16087 Sk.
BAYRAKLI;;38.475508388234;3530-021-10;11;SOĞUKKUYU;;10 NO LU AFET VE ACİL DURUM TOPLANMA ALANI;27.121166114581;1844/12 Sk.
KARŞIYAKA;;38.470552605406;3516-025-10;20;YALI;;10 NO LU AFET VE ACİL DURUM TOPLANMA ALANI;27.089494756498;6479/2 Sk.
KARŞIYAKA;;38.458102934813;3516-007-10;20;BOSTANLI;;10 NO LU AFET VE ACİL DURUM TOPLANMA ALANI;27.091855109923;2022 Sk.
KEMALPAŞA;;38.42795306333;3517-031-10;6;MEHMET AKİF ERSOY;;10 NO LU AFET VE ACİL DURUM TOPLANMA ALANI;27.423674951117;223 Sk.
GÜZELBAHÇE;;38.36086348288;3514-004-10;1;KAHRAMANDERE;;10 NO LU AFET VE ACİL DURUM TOPLANMA ALANI;26.883990481702;ŞEHİT KEMAL Cd.
ÇEŞME;;38.319873330723;3509-018-10;1001;MUSALLA;;10 NO LU AFET VE ACİL DURUM TOPLANMA ALANI;26.305172756566;1025 Sk.
GÜZELBAHÇE;;38.372842064193;3514-011-10;1;YALI;;10 NO LU AFET VE ACİL DURUM TOPLANMA ALANI;26.877258149834;346 Sk.
ÇİĞLİ;;38.514806246472;3510-007-10;16;BALATÇIK;;10 NO LU AFET VE ACİL DURUM TOPLANMA ALANI;27.039369807679;1671/1
BAYRAKLI;;38.45096009131;3530-014-10;11;MANSUROĞLU;;10 NO'LU AFET VE ACİL DURUM TOPLANMA ALANI;27.181999671003;İSLAM KERİMOV
NARLIDERE;;38.393576997107;3523-006-10;5;HUZUR;;10 NO'LU AFET VE ACİL DURUM TOPLANMA ALANI;26.991606246521;AÇELYAM
ÇİĞLİ;;38.490784999569;;16;ATAŞEHİR;;10 NOLU AFET VE ACİL DURUM TOPLANMA ALANI;27.052641353269;8229/1 Sk.
KEMALPAŞA;;38.430474450389;3517-038-11;6;SEKİZ EYLÜL;;11 NO LU AFET VE ACİL DURUM TOPLANMA ALANI;27.407517400211;83/1 Sk.
BAYRAKLI;;38.463227661676;3530-013-10;11;MANAVKUYU;;11 NO LU AFET VE ACİL DURUM TOPLANMA ALANI;27.194379348547;DUMLUPINAR Cd.
BAYRAKLI;;38.456166505478;3530-014-11;11;MANSUROĞLU;;11 NO LU AFET VE ACİL DURUM TOPLANMA ALANI;27.186981864742;283/18 Sk.
KARŞIYAKA;;38.47097259441;3516-025-11;20;YALI;;11 NO LU AFET VE ACİL DURUM TOPLANMA ALANI;27.086673085935;6471/5 Sk.
GÜZELBAHÇE;;38.371546721129;3514-011-11;1;YALI;;11 NO LU AFET VE ACİL DURUM TOPLANMA ALANI;26.875949240658;185 Sk.
KEMALPAŞA;;38.42825563693;3517-031-11;6;MEHMET AKİF ERSOY;;11 NO LU AFET VE ACİL DURUM TOPLANMA ALANI;27.42423284733;DR. ALİ KARAMAN Cd.
BAYRAKLI;;38.47725541576;3530-021-11;11;SOĞUKKUYU;;11 NO LU AFET VE ACİL DURUM TOPLANMA ALANI;27.118355170541;1847/13 Sk.
KARŞIYAKA;;38.458141876674;3516-007-11;20;BOSTANLI;;11 NO'LU AFET VE ACİL DURUM TOPLANMA ALANI;27.093128980968;2019
NARLIDERE;;38.391138669817;3523-009-11;5;NARLI;;11 NO'LU AFET VE ACİL DURUM TOPLANMA ALANI;27.008089215196;ÖZYUVA
NARLIDERE;;38.395011179041;3523-006-11;5;HUZUR;;11 NO'LU AFET VE ACİL DURUM TOPLANMA ALANI;26.991110718219;İLHAN SELÇUK
ÇİĞLİ;;38.486061268923;3510-004-12;16;ATAŞEHİR;;12 NO LU AFET VE ACİL DURUM TOPLANMA ALANI;27.073111878802;8271/11 Sk.
BAYRAKLI;;38.455221323301;3530-014-01;11;MANSUROĞLU;;12 NO LU AFET VE ACİL DURUM TOPLANMA ALANI;27.184315763834;283/12 Sk.
BAYRAKLI;;38.476365110979;3530-021-12;11;SOĞUKKUYU;;12 NO LU AFET VE ACİL DURUM TOPLANMA ALANI;27.121724009827;1847/13 Sk.
KEMALPAŞA;;38.432289806102;3517-038-12;6;SEKİZ EYLÜL;;12 NO LU AFET VE ACİL DURUM TOPLANMA ALANI;27.40738865187;108 Sk.
KARŞIYAKA;;38.470888596079;3516-025-12;20;YALI;;12 NO LU AFET VE ACİL DURUM TOPLANMA ALANI;27.086549705078;6471/5 Sk.
KARŞIYAKA;;38.457632460682;3516-007-12;20;BOSTANLI;;12 NO LU AFET VE ACİL DURUM TOPLANMA ALANI;27.092799243598;2022
ÇEŞME;;38.292861195717;3509-002-12;1001;ALAÇATI;;12 NO LU AFET VE ACİL DURUM TOPLANMA ALANI;26.375816473495;16020 Sk.
ÇEŞME;;38.314031403208;3509-018-12;1001;MUSALLA;;12 NO LU AFET VE ACİL DURUM TOPLANMA ALANI;26.283624008496;1134 Sk.
BAYRAKLI;;38.459123784068;3530-013-12;11;MANAVKUYU;;12 NO LU AFET VE ACİL DURUM TOPLANMA ALANI;27.184321121662;613/2 Sk.
KEMALPAŞA;;38.428163181976;3517-031-12;6;MEHMET AKİF ERSOY;;12 NO LU AFET VE ACİL DURUM TOPLANMA ALANI;27.422022718233;197 Sk.
NARLIDERE;;38.394467806477;3523-006-12;5;HUZUR;;12 NO'LU AFET VE ACİL DURUM TOPLANMA ALANI;26.990584975045;ERİŞ
BAYRAKLI;;38.456097066486;3530-014-12;11;MANSUROĞLU;;12 NO'LU AFET VE ACİL DURUM TOPLANMA ALANI;27.18373165299;283/12
BAYRAKLI;;38.453956861423;3530-014-13;11;MANSUROĞLU;;13 NO LU AFET VE ACİL DURUM TOPLANMA ALANI;27.181901789857;288/8 Sk.
BAYRAKLI;;38.478800834947;3530-021-13;11;SOĞUKKUYU;;13 NO LU AFET VE ACİL DURUM TOPLANMA ALANI;27.122582308305;1844/17 Sk.
KEMALPAŞA;;38.428490966243;3517-031-13;6;MEHMET AKİF ERSOY;;13 NO LU AFET VE ACİL DURUM TOPLANMA ALANI;27.419844774804;ÖĞRETMEN TAHİR TUNCA Cd.
KEMALPAŞA;;38.433987458887;3517-038-13;6;SEKİZ EYLÜL;;13 NO LU AFET VE ACİL DURUM TOPLANMA ALANI;27.407581767203;111
ÇEŞME;;38.283918054709;3509-002-13;1001;ALAÇATI;;13 NO LU AFET VE ACİL DURUM TOPLANMA ALANI;26.3801938333;13039 Sk.
ÇİĞLİ;;38.489470789231;3510-004-13;16;ATAŞEHİR;;13 NO LU AFET VE ACİL DURUM TOPLANMA ALANI;27.063434510945;ATATÜRK Blv.
BAYRAKLI;;38.460455361359;3530-013-11;11;MANAVKUYU;;13 NO LU AFET VE ACİL DURUM TOPLANMA ALANI;27.184444500423;275/10 Sk.
ÇEŞME;;38.298325832035;3509-018-13;1001;MUSALLA;;13 NO LU AFET VE ACİL DURUM TOPLANMA ALANI;26.309705707738;7009 Sk.
KARŞIYAKA;;38.470947396636;3516-025-13;20;YALI;;13 NO LU AFET VE ACİL DURUM TOPLANMA ALANI;27.088260945816;OKAN YÜKSEL Cd.
KARŞIYAKA;;38.46297553489;3516-007-13;20;BOSTANLI;;13 NO LU AFET VE ACİL DURUM TOPLANMA ALANI;27.09417251867;6352/1 Sk.
BAYRAKLI;;38.478767241354;3530-021-14;11;SOĞUKKUYU;;14 NO LU AFET VE ACİL DURUM TOPLANMA ALANI;27.124513489252;1844/19 Sk.
KEMALPAŞA;;38.430625744136;3517-031-14;6;MEHMET AKİF ERSOY;;14 NO LU AFET VE ACİL DURUM TOPLANMA ALANI;27.419823313779;170 Sk.
KEMALPAŞA;;38.431949433827;3517-038-14;6;SEKİZ EYLÜL;;14 NO LU AFET VE ACİL DURUM TOPLANMA ALANI;27.410843320468;102
KARŞIYAKA;;38.472728131881;3516-025-14;20;YALI;;14 NO LU AFET VE ACİL DURUM TOPLANMA ALANI;27.084280564398;6436 Sk.
BAYRAKLI;;38.458817142348;3530-013-13;11;MANAVKUYU;;14 NO LU AFET VE ACİL DURUM TOPLANMA ALANI;27.186783377806;275/8 Sk.
ÇEŞME;;38.307957512286;3509-018-14;1001;MUSALLA;;14 NO LU AFET VE ACİL DURUM TOPLANMA ALANI;26.281735754331;34/1 Sk.
KARŞIYAKA;;38.459852964073;3516-007-14;20;BOSTANLI;;14 NO'LU AFET VE ACİL DURUM TOPLANMA ALANI;27.10417404312;1671
KARŞIYAKA;;38.465361311868;3516-025-15;20;YALI;;15 NO LU AFET VE ACİL DURUM TOPLANMA ALANI;27.098335282279;CAHER DUDAYEV Blv.
KEMALPAŞA;;38.430440834737;3517-038-15;6;SEKİZ EYLÜL;;15 NO LU AFET VE ACİL DURUM TOPLANMA ALANI;27.409985020297;122/1 Sk.
ÇEŞME;;38.255304374508;3509-002-15;1001;ALAÇATI;;15 NO LU AFET VE ACİL DURUM TOPLANMA ALANI;26.377479504877;18026 Sk.
KEMALPAŞA;;38.429625598726;3517-031-15;6;MEHMET AKİF ERSOY;;15 NO LU AFET VE ACİL DURUM TOPLANMA ALANI;27.41841784486;168 Sk.
BAYRAKLI;;38.459940797579;3530-013-14;11;MANAVKUYU;;15 NO LU AFET VE ACİL DURUM TOPLANMA ALANI;27.186145013346;275/8 Sk.
KEMALPAŞA;;38.433449596829;3517-038-16;6;SEKİZ EYLÜL;;16 NO LU AFET VE ACİL DURUM TOPLANMA ALANI;27.411315384475;ŞEHİT ER İSA TÜRKMEN Cd.
ÇEŞME;;38.258185624449;3509-002-16;1001;ALAÇATI;;16 NO LU AFET VE ACİL DURUM TOPLANMA ALANI;26.376202774441;18026 Sk.
KEMALPAŞA;;38.428776738312;3517-031-16;6;MEHMET AKİF ERSOY;;16 NO LU AFET VE ACİL DURUM TOPLANMA ALANI;27.430562828311;19 MAYIS Cd.
BAYRAKLI;;38.463614099852;3530-013-15;11;MANAVKUYU;;16 NO LU AFET VE ACİL DURUM TOPLANMA ALANI;27.200366008651;238 Sk.
KEMALPAŞA;;38.433315128673;3517-038-17;6;SEKİZ EYLÜL;;17 NO LU AFET VE ACİL DURUM TOPLANMA ALANI;27.410242506417;116 Sk.
ÇEŞME;;38.232545199502;3509-002-17;1001;ALAÇATI;;17 NO LU AFET VE ACİL DURUM TOPLANMA ALANI;26.364851770996;18001 Sk.
BAYRAKLI;;38.462927325381;3530-013-16;11;MANAVKUYU;;17 NO LU AFET VE ACİL DURUM TOPLANMA ALANI;27.184731491202;275/13 Sk.
KEMALPAŞA;;38.428062320823;3517-031-17;6;MEHMET AKİF ERSOY;;17 NO LU AFET VE ACİL DURUM TOPLANMA ALANI;27.418546592787;ŞEHİT YZB. TEMEL KUĞUOĞLU Cd.
KEMALPAŞA;;38.424591060454;3517-031-18;6;MEHMET AKİF ERSOY;;18 NO LU AFET VE ACİL DURUM TOPLANMA ALANI;27.428760399581;241/1 Sk.
KEMALPAŞA;;38.430869467957;3517-038-18;6;SEKİZ EYLÜL;;18 NO LU AFET VE ACİL DURUM TOPLANMA ALANI;27.413192925643;134 Sk.
BAYRAKLI;;38.45740572055;3530-013-17;11;MANAVKUYU;;18 NO LU AFET VE ACİL DURUM TOPLANMA ALANI;27.185646129214;SAKARYA Cd.
TORBALI;;38.148914164397;3528-033-02;9;KARŞIYAKA;;2 NO LU AFET VE ACİL DURUM  TOPLANMA ALANI;27.379386987534;7308 Sk.
ÇEŞME;;38.318282540156;3509-023-02;1001;ŞİFNE;;2 NO LU AFET VE ACİL DURUM TOPLANMA ALANI;26.40221727662;6448 Sk.
BAYRAKLI;;38.483839995012;3530-019-02;11;POSTACILAR;;2 NO LU AFET VE ACİL DURUM TOPLANMA ALANI;27.117164264461;7599 Sk.
BEYDAĞ;;38.122349887597;3506-011-02;993;EĞRİDERE;;2 NO LU AFET VE ACİL DURUM TOPLANMA ALANI;28.309186280191;ÖRENLER KümeEvleri
ÇEŞME;;38.32907296051;3509-021-02;1001;SAKARYA;;2 NO LU AFET VE ACİL DURUM TOPLANMA ALANI;26.312961835093;3115 Sk.
ÇEŞME;;38.373964513781;3509-014-02;1001;ILDIR;;2 NO LU AFET VE ACİL DURUM TOPLANMA ALANI;26.481655758806;27000 Sk.
KINIK;;39.090008904236;3518-031-02;996;POYRACIK;;2 NO LU AFET VE ACİL DURUM TOPLANMA ALANI;27.349956380802;HACI ŞABANLAR Cd.
MENDERES;;38.246820852576;3521-006-02;13;BARBAROS;;2 NO LU AFET VE ACİL DURUM TOPLANMA ALANI;27.127367736949;414 Sk.
MENDERES;34;38.079054117803;3521-027-02;13;GÜMÜLDÜR FEVZİ ÇAKMAK;;2 NO LU AFET VE ACİL DURUM TOPLANMA ALANI;27.017955902196;TEPE
BAYRAKLI;;38.469477445704;3530-009-02;11;EMEK;;2 NO LU AFET VE ACİL DURUM TOPLANMA ALANI;27.118870165331;ŞEHİT ASTEĞMEN MESUT UZLU Sk.
BAYINDIR;;38.197429113739;3504-007-02;7;BURUNCUK;;2 NO LU AFET VE ACİL DURUM TOPLANMA ALANI;27.712408311054;BURUNCUK KümeEvleri
BEYDAĞ;;38.097902748126;3506-024-02;993;YUKARIAKTEPE;;2 NO LU AFET VE ACİL DURUM TOPLANMA ALANI;28.282578925875;HACIALİLER KümeEvleri
ÇİĞLİ;;38.507519292286;3510-009-02;16;ÇAĞDAŞ;;2 NO LU AFET VE ACİL DURUM TOPLANMA ALANI;27.057968165157;8050 Sk.
BAYINDIR;;38.219815681602;3504-025-03;7;MİTHATPAŞA;;2 NO LU AFET VE ACİL DURUM TOPLANMA ALANI;27.646131222926;ALBAY ALPAT Cd.
GÜZELBAHÇE;;38.330609579393;3514-005-02;1;KÜÇÜKKAYA;;2 NO LU AFET VE ACİL DURUM TOPLANMA ALANI;26.896022863831;SEVGİ Sk.
MENDERES;;38.023378675745;3521-014-02;13;ÇUKURALTI;;2 NO LU AFET VE ACİL DURUM TOPLANMA ALANI;27.097343614667;2249/1 Sk.
MENEMEN;;38.583689646382;3522-029-02;17;GÖLCÜK;;2 NO LU AFET VE ACİL DURUM TOPLANMA ALANI;27.085154770123;9422 Sk.
MENEMEN;;38.538374721042;3522-005-02;17;9 EYLÜL;;2 NO LU AFET VE ACİL DURUM TOPLANMA ALANI;27.037631704223;11. Cd.
BAYRAKLI;;38.464437344503;3530-018-02;11;OSMANGAZİ;;2 NO LU AFET VE ACİL DURUM TOPLANMA ALANI;27.184444493724;617/11 Sk.
BEYDAĞ;;38.085372061567;3506-004-02;993;ATATÜRK;;2 NO LU AFET VE ACİL DURUM TOPLANMA ALANI;28.216081934343;YÜKSEL Sk.
ÇEŞME;;38.350687022265;3509-001-02;1001;16 EYLÜL;;2 NO LU AFET VE ACİL DURUM TOPLANMA ALANI;26.287480936236;3014 Sk.
MENEMEN;;38.580842188382;3522-027-02;17;GAZİ MUSTAFA KEMAL;;2 NO LU AFET VE ACİL DURUM TOPLANMA ALANI;26.965555667056;KAYNAKLAR Cd.
ÇEŞME;;38.294578947512;3509-002-02;1001;ALAÇATI;;2 NO LU AFET VE ACİL DURUM TOPLANMA ALANI;26.363338896694;14037 Sk.
ÇEŞME;;38.302215788003;3509-007-02;1001;CELAL BAYAR;;2 NO LU AFET VE ACİL DURUM TOPLANMA ALANI;26.371160164557;5174 Sk.
ÇEŞME;;38.293793655783;3509-010-01;1001;ÇİFTLİK;;2 NO LU AFET VE ACİL DURUM TOPLANMA ALANI;26.284409930122;4 Sk.
GÜZELBAHÇE;;38.373220560735;3514-009-02;1;SİTELER;;2 NO LU AFET VE ACİL DURUM TOPLANMA ALANI;26.869887475708;386 Sk.
BEYDAĞ;;38.11208578555;3506-023-02;993;YEŞİLTEPE;;2 NO LU AFET VE ACİL DURUM TOPLANMA ALANI;28.296483412213;YONUÇ KümeEvleri
ÇEŞME;;38.314010508038;3509-020-02;1001;REİSDERE;;2 NO LU AFET VE ACİL DURUM TOPLANMA ALANI;26.412229920515;6125 Sk.
ÇEŞME;;38.345032904865;3509-013-02;1001;GERMİYAN;;2 NO LU AFET VE ACİL DURUM TOPLANMA ALANI;26.44441620931;27000 Sk.
GÜZELBAHÇE;;38.382228439288;3514-006-02;1;MALTEPE;;2 NO LU AFET VE ACİL DURUM TOPLANMA ALANI;26.920430753647;3 Sk.
BAYRAKLI;;38.466108986982;3530-011-02;11;GÜMÜŞPALA;;2 NO LU AFET VE ACİL DURUM TOPLANMA ALANI;27.133810000948;ANADOLU Cd.
KINIK;;39.089301117189;3518-037-02;996;YENİ;;2 NO LU AFET VE ACİL DURUM TOPLANMA ALANI;27.378827540995;PINAR Sk.
KINIK;;39.088559990779;3518-016-02;996;FATİH;;2 NO LU AFET VE ACİL DURUM TOPLANMA ALANI;27.385629591605;ATATÜRK Cd.
MENEMEN;;38.624734910006;3522-020-02;17;DEĞİRMENDERE;;2 NO LU AFET VE ACİL DURUM TOPLANMA ALANI;27.1476123104;2701 Sk.
MENDERES;89;38.214053713258;3521-037-02;13;KÜNER;;2 NO LU AFET VE ACİL DURUM TOPLANMA ALANI;27.123097736637;KÜNER KümeEvleri
BAYINDIR;;38.192013574235;3504-004-01;7;CUMHURİYET;;2 NO LU AFET VE ACİL DURUM TOPLANMA ALANI;27.553697441908;AYŞE HANIM Cd.
BAYINDIR;;38.224413552045;3504-012-01;7;CAMİİ;;2 NO LU AFET VE ACİL DURUM TOPLANMA ALANI;27.646697159096;OKTAN Sk.
MENDERES;;38.02356470496;3521-001-02;13;AHMETBEYLİ;;2 NO LU AFET VE ACİL DURUM TOPLANMA ALANI;27.186269119847;4050 Sk.
GÜZELBAHÇE;;38.350496276265;3514-004-02;1;KAHRAMANDERE;;2 NO LU AFET VE ACİL DURUM TOPLANMA ALANI;26.878781676029;MİTHAT ÜNAL Cd.
BEYDAĞ;;38.07496767597;3506-017-02;993;MUTAFLAR;;2 NO LU AFET VE ACİL DURUM TOPLANMA ALANI;28.254126219408;SÜLEYMANLAR KümeEvleri
GÜZELBAHÇE;;38.364842542633;3514-003-02;1;ÇELEBİ;;2 NO LU AFET VE ACİL DURUM TOPLANMA ALANI;26.881109796692;305 Sk.
BAYINDIR;;38.194191349087;3504-047-02;7;PINARLI;;2 NO LU AFET VE ACİL DURUM TOPLANMA ALANI;27.750345291066;SULTAN KümeEvleri
ÇEŞME;;38.349046334621;3509-011-02;1001;DALYAN;;2 NO LU AFET VE ACİL DURUM TOPLANMA ALANI;26.307581313026;4029 Sk.
MENDERES;9;38.246787137288;3521-018-02;13;DEREKÖY;;2 NO LU AFET VE ACİL DURUM TOPLANMA ALANI;27.116038143111;850 Sk.
MENDERES;30;38.251859358373;3521-038-02;13;MİTHATPAŞA;;2 NO LU AFET VE ACİL DURUM TOPLANMA ALANI;27.141433161849;OVA YOLU Sk.
TİRE;;38.089255999291;3527-046-02;997;İBNİ MELEK;;2 NO LU AFET VE ACİL DURUM TOPLANMA ALANI;27.72014392761;ÇAĞLAYAN Cd.
TİRE;;38.086460960941;3527-019-02;997;CUMHURİYET;;2 NO LU AFET VE ACİL DURUM TOPLANMA ALANI;27.731360873673;29 EKİM Cd.
TİRE;;38.099489526832;3527-010-02;997;ATATÜRK;;2 NO LU AFET VE ACİL DURUM TOPLANMA ALANI;27.720744723913;İSTASYON Cd.
ÖDEMİŞ;;38.108084182711;3524-075-02;998;OVAKENT;;2 NO LU AFET VE ACİL DURUM TOPLANMA ALANI;28.019938274897;OVAKENT Cd.
BUCA;;38.377775391604;3508-043-02;8;YENİGÜN;;2 NO LU AFET VE ACİL DURUM TOPLANMA ALANI;27.165862387961;268/6 Sk.
TİRE;;38.095673246385;3527-002-02;997;ADNAN MENDERES;;2 NO LU AFET VE ACİL DURUM TOPLANMA ALANI;27.737546002731;ALİM Sk.
KARABURUN;;38.556498543733;3515-005-02;1000;İNECİK;;2 NO LU AFET VE ACİL DURUM TOPLANMA ALANI;26.563870081883;4019/2 Sk.
KARABAĞLAR;;38.391718836827;3531-040-02;19;POLİGON;;2 NO LU AFET VE ACİL DURUM TOPLANMA ALANI;27.083497501373;123/5 Sk.
FOÇA;;38.65720698914;3512-009-02;4;KAZIM DİRİK;;2 NO LU AFET VE ACİL DURUM TOPLANMA ALANI;26.847002480045;4/2 Sk.
KEMALPAŞA;;38.341373546815;3517-042-02;6;VİŞNELİ;;2 NO LU AFET VE ACİL DURUM TOPLANMA ALANI;27.397282286033;4001 Sk.
KEMALPAŞA;;38.455582864641;3517-041-02;6;SÜTÇÜLER;;2 NO LU AFET VE ACİL DURUM TOPLANMA ALANI;27.450518320987;YILDIZ Sk.
KONAK;;38.404129546944;3520-085-02;21;PİRİ REİS;;2 NO LU AFET VE ACİL DURUM TOPLANMA ALANI;27.114954270572;271 Sk.
KARABAĞLAR;;38.384280693815;3531-046-02;19;SEVGİ;;2 NO LU AFET VE ACİL DURUM TOPLANMA ALANI;27.116711142319;4632 Sk.
URLA;;38.323265914658;3529-027-02;18;TORASAN;;2 NO LU AFET VE ACİL DURUM TOPLANMA ALANI;26.704621402641;529
KONAK;;38.43070950058;3520-066-02;21;KÜLTÜR;;2 NO LU AFET VE ACİL DURUM TOPLANMA ALANI;27.138074751988;VASIF ÇINAR Blv.
URLA;;38.320223178652;3529-007-02;18;CAMİATİK;;2 NO LU AFET VE ACİL DURUM TOPLANMA ALANI;26.768865355564;HAYDAR ÇEŞME Sk.
URLA;;38.321435053247;3529-005-02;18;BARBAROS;;2 NO LU AFET VE ACİL DURUM TOPLANMA ALANI;26.577753557304;7029/1 Sk.
KONAK;;38.43719752236;3520-073-02;21;MERSİNLİ;;2 NO LU AFET VE ACİL DURUM TOPLANMA ALANI;27.173200775323;2814 Sk.
KARABAĞLAR;;38.380718995019;3531-010-02;19;BAHRİYE ÜÇOK;;2 NO LU AFET VE ACİL DURUM TOPLANMA ALANI;27.100888876425;9676 Sk.
KEMALPAŞA;;38.481152780468;3517-005-02;6;ANSIZCA;;2 NO LU AFET VE ACİL DURUM TOPLANMA ALANI;27.405629052017;ANSIZCA KÖY YOLU KümeEvleri
KARABAĞLAR;;38.359841566471;3531-057-02;19;YURDOĞLU;;2 NO LU AFET VE ACİL DURUM TOPLANMA ALANI;27.094666218029;3945/2 Sk.
KEMALPAŞA;;38.411763761296;3517-026-02;6;BAĞYURDU KAZIMPAŞA;;2 NO LU AFET VE ACİL DURUM TOPLANMA ALANI;27.630386435712;KIRMIZI Sk.
URLA;;38.325614293343;3529-031-02;18;YELALTI;;2 NO LU AFET VE ACİL DURUM TOPLANMA ALANI;26.772912779073;SÜLEYMAN EFENDİ Sk.
SELÇUK;;37.960175276181;3526-010-03;10;İSA BEY;;2 NO LU AFET VE ACİL DURUM TOPLANMA ALANI;27.37252086892;ATATÜRK Cd.
KARABURUN;;38.497140930893;3515-008-02;1000;KÜÇÜKBAHÇE;;2 NO LU AFET VE ACİL DURUM TOPLANMA ALANI;26.421091552475;KARAREİS KÖYÜ KümeEvleri
KEMALPAŞA;;38.428751506411;3517-038-02;6;ATATÜRK;;2 NO LU AFET VE ACİL DURUM TOPLANMA ALANI;27.412892523163;İZMİR Cd.
KONAK;;38.398950298422;3520-040-02;21;GÜNEŞLİ;;2 NO LU AFET VE ACİL DURUM TOPLANMA ALANI;27.13041445494;526/2 Sk.
KARŞIYAKA;;38.491700379362;3516-027-02;20;ZÜBEYDE HANIM;;2 NO LU AFET VE ACİL DURUM TOPLANMA ALANI;27.106939721127;7448/9 Sk.
ÇİĞLİ;;38.489567382171;3510-006-02;16;AYDINLIKEVLER;;2 NO LU AFET VE ACİL DURUM TOPLANMA ALANI;27.082263524467;6787 Sk.
KİRAZ;;38.222079407654;3519-027-02;994;KARABURÇ;;2 NO LU AFET VE ACİL DURUM TOPLANMA ALANI;28.279231373738;PALAMUT ARASI KümeEvleri
BAYINDIR;;38.21629227376;3504-048-03;7;SADIKPAŞA;;2 NO LU AFET VE ACİL DURUM TOPLANMA ALANI;27.642134756912;NECİP FAZIL Sk.
BAYINDIR;;38.20421181491;3504-037-02;7;KIZILCAOVA;;2 NO LU AFET VE ACİL DURUM TOPLANMA ALANI;27.512697381429;KIZILCAOVA OKUL Sk.
ÇİĞLİ;;38.49615084276;3510-002-02;16;AHMET TANER KIŞLALI;;2 NO LU AFET VE ACİL DURUM TOPLANMA ALANI;27.086876889788;6845
KARABAĞLAR;;38.399168891788;3531-009-02;19;BAHÇELİEVLER;;2 NO LU AFET VE ACİL DURUM TOPLANMA ALANI;27.111842932051;GAZETECİ HASAN TAHSİN Cd.
ÇİĞLİ;;38.504446487003;3510-014-02;16;EVKA-6;;2 NO LU AFET VE ACİL DURUM TOPLANMA ALANI;27.089913121128;6820 Sk.
URLA;;38.227212858996;3529-009-02;18;DEMİRCİLİ;;2 NO LU AFET VE ACİL DURUM TOPLANMA ALANI;26.687010278749;10001 Sk.
URLA;;38.365023212477;3529-023-02;18;ÖZBEK;;2 NO LU AFET VE ACİL DURUM TOPLANMA ALANI;26.706734897917;6002 Sk.
KEMALPAŞA;;38.426137604696;3517-031-02;6;MEHMET AKİF ERSOY;;2 NO LU AFET VE ACİL DURUM TOPLANMA ALANI;27.42989764805;241/1 Sk.
URLA;;38.355718902768;3529-017-02;18;KALABAK;;2 NO LU AFET VE ACİL DURUM TOPLANMA ALANI;26.813893991679;3285 Sk.
KARŞIYAKA;;38.494152367207;3516-018-02;20;MUSTAFA KEMAL;;2 NO LU AFET VE ACİL DURUM TOPLANMA ALANI;27.096275306892;BÜLENT ECEVİT Cd.
TORBALI;;38.146602319931;3528-051-02;9;TEPEKÖY;;2 NO LU AFET VE ACİL DURUM TOPLANMA ALANI;27.364195035997;4556 Sk.
KEMALPAŞA;;38.338672374043;3517-016-02;6;DEREKÖY;;2 NO LU AFET VE ACİL DURUM TOPLANMA ALANI;27.454895852495;DEREKÖY YOLU KümeEvleri
KEMALPAŞA;;38.415832524766;3517-039-02;6;SİNANCILAR;;2 NO LU AFET VE ACİL DURUM TOPLANMA ALANI;27.662733710014;SİNANCILAR KÖY YOLU KümeEvleri
URLA;;38.307713827065;3529-014-02;18;İÇMELER;;2 NO LU AFET VE ACİL DURUM TOPLANMA ALANI;26.683002934545;1054 Sk.
KARABAĞLAR;;38.391744054921;3531-053-02;19;ESENTEPE;;2 NO LU AFET VE ACİL DURUM TOPLANMA ALANI;27.074942638409;74 Sk.
ÇİĞLİ;;38.504798975504;3510-023-02;16;SASALI MERKEZ;;2 NO LU AFET VE ACİL DURUM TOPLANMA ALANI;26.959429664735;169 Sk.
KİRAZ;;38.195439796906;3519-042-02;994;SOLAKLAR;;2 NO LU AFET VE ACİL DURUM TOPLANMA ALANI;28.339312610936;SARIİMAMLAR KümeEvleri
URLA;;38.362916090146;3529-026-02;18;ŞİRİNKENT;;2 NO LU AFET VE ACİL DURUM TOPLANMA ALANI;26.843103088754;4255 Sk.
KİRAZ;;38.230692998305;3519-011-02;994;CUMHURİYET;;2 NO LU AFET VE ACİL DURUM TOPLANMA ALANI;28.208271176254;SAĞLIK Sk.
KARABAĞLAR;;38.38330933099;3531-003-02;19;ALİ FUAT CEBESOY;;2 NO LU AFET VE ACİL DURUM TOPLANMA ALANI;27.1049443518;İHSAN ALYANAK Blv.
BUCA;;38.394207970088;3508-021-02;8;GAZİLER;;2 NO LU AFET VE ACİL DURUM TOPLANMA ALANI;27.17946645658;1052/2 Sk.
BUCA;;38.39583922995;3508-006-02;8;BARIŞ;;2 NO LU AFET VE ACİL DURUM TOPLANMA ALANI;27.160970032781;302/1 Sk.
BUCA;;38.388607518176;3508-035-02;8;MENDERES;;2 NO LU AFET VE ACİL DURUM TOPLANMA ALANI;27.172235266567;MENDERES Cd.
TORBALI;;38.19806944844;3528-034-02;9;KAZIM KARABEKİR;;2 NO LU AFET VE ACİL DURUM TOPLANMA ALANI;27.243410324688;PALMİYE Sk.
KARABAĞLAR;;38.393064283524;3531-002-02;19;ADNAN SÜVARİ;;2 NO LU AFET VE ACİL DURUM TOPLANMA ALANI;27.095749768673;108/8 Sk.
KINIK;;39.089163709545;3518-029-02;996;OSMANİYE;;2 NO LU AFET VE ACİL DURUM TOPLANMA ALANI;27.371918204029;8. SANAYİ Sk.
URLA;;38.319924352456;3529-025-02;18;SIRA;;2 NO LU AFET VE ACİL DURUM TOPLANMA ALANI;26.760000699841;HARA Sk.
KEMALPAŞA;;38.408993668772;3517-017-02;6;ÖREN EGEMEN;;2 NO LU AFET VE ACİL DURUM TOPLANMA ALANI;27.600442406951;GAZİ MUSTAFA KEMAL Cd.
TORBALI;;38.106108196108;3528-001-02;9;SUBAŞI;;2 NO LU AFET VE ACİL DURUM TOPLANMA ALANI;27.437107902661;OSMAN DİRİK Cd.
KARABAĞLAR;;38.383570070483;3531-029-02;19;KARABAĞLAR;;2 NO LU AFET VE ACİL DURUM TOPLANMA ALANI;27.133021575066;5759/4 Sk.
KARABAĞLAR;;38.392004751874;3531-021-02;19;ESENYALI;;2 NO LU AFET VE ACİL DURUM TOPLANMA ALANI;27.091350969657;52/74 Sk.
KARABAĞLAR;;38.401506338428;3531-008-02;19;BAHÇELİEVLER;;2 NO LU AFET VE ACİL DURUM TOPLANMA ALANI;27.123590944939;SAİM ÇIKRIKÇI Cd.
TORBALI;;38.242717542644;3528-028-02;9;İSTİKLAL;;2 NO LU AFET VE ACİL DURUM TOPLANMA ALANI;27.32283542553;PAPATYA Sk.
KEMALPAŞA;;38.431029139335;3517-013-02;6;ÇINARKÖY;;2 NO LU AFET VE ACİL DURUM TOPLANMA ALANI;27.399599557646;5001 Sk.
ÇİĞLİ;;38.507074334399;3510-018-02;16;EGEKENT;;2 NO LU AFET VE ACİL DURUM TOPLANMA ALANI;27.065478313861;8845 Sk.
BAYINDIR;;38.290113068519;3504-013-02;7;ÇINARDİBİ;;2 NO LU AFET VE ACİL DURUM TOPLANMA ALANI;27.518598075971;ÇINARDİBİ CAMİ KümeEvleri
KARŞIYAKA;;38.461085377065;3516-023-02;20;TERSANE;;2 NO LU AFET VE ACİL DURUM TOPLANMA ALANI;27.127410290597;1663 Sk.
TİRE;;38.096078510686;3527-038-02;997;FATİH;;2 NO LU AFET VE ACİL DURUM TOPLANMA ALANI;27.721066592549;DİCLE Sk.
KEMALPAŞA;;38.502146270398;3517-015-02;6;DAMLACIK;;2 NO LU AFET VE ACİL DURUM TOPLANMA ALANI;27.380952817073;9503 Sk.
KARABAĞLAR;;38.390482718816;3531-054-02;19;VATAN;;2 NO LU AFET VE ACİL DURUM TOPLANMA ALANI;27.103796359912;9246 Sk.
KEMALPAŞA;;38.408363123932;3517-002-02;6;ÖREN 75.YIL CUMHURİYET;;2 NO LU AFET VE ACİL DURUM TOPLANMA ALANI;27.585255815783;ÖREN CUMHURİYET Myd.
BUCA;;38.367580950254;3508-015-02;8;ÇAMLIPINAR;;2 NO LU AFET VE ACİL DURUM TOPLANMA ALANI;27.163502072941;293/52 Sk.
ÇEŞME;;38.349555373714;3509-008-02;1001;CUMHURİYET;;2 NO LU AFET VE ACİL DURUM TOPLANMA ALANI;26.302410038988;4525 Sk.
KEMALPAŞA;;38.413058402991;3517-037-02;6;SARILAR;;2 NO LU AFET VE ACİL DURUM TOPLANMA ALANI;27.651296831673;BEYLER YOLU KümeEvleri
URLA;;38.33396321623;3529-033-02;18;YENİCE;;2 NO LU AFET VE ACİL DURUM TOPLANMA ALANI;26.788010843009;KEKİK Sk.
TORBALI;;38.237316018766;3528-027-02;9;İNÖNÜ;;2 NO LU AFET VE ACİL DURUM TOPLANMA ALANI;27.282999466171;İZMİR AYDIN Cd.
TORBALI;;38.145547666683;3528-049-02;9;ŞEHİTLER;;2 NO LU AFET VE ACİL DURUM TOPLANMA ALANI;27.40188524872;7514 Sk.
KEMALPAŞA;;38.463858005922;3517-004-02;6;AKALAN;;2 NO LU AFET VE ACİL DURUM TOPLANMA ALANI;27.482929960704;1528 Sk.
KARŞIYAKA;;38.458556627135;3516-006-02;20;BAHRİYE ÜÇOK;;2 NO LU AFET VE ACİL DURUM TOPLANMA ALANI;27.113505792552;LATİFE HANIM Sk.
BUCA;;38.369936258098;3508-033-02;8;KURUÇEŞME;;2 NO LU AFET VE ACİL DURUM TOPLANMA ALANI;27.191783139531;AHMET PİRİŞTİNA Blv.
TORBALI;;38.295537912446;3528-032-02;9;KARAOT;;2 NO LU AFET VE ACİL DURUM TOPLANMA ALANI;27.43704590985;KARAOT KÖY YOLU KümeEvleri
URLA;;38.357906269607;3529-002-02;18;ATATÜRK;;2 NO LU AFET VE ACİL DURUM TOPLANMA ALANI;26.778918157634;2148 Sk.
ÇİĞLİ;;38.521991782223;3510-005-02;16;ATATÜRK;;2 NO LU AFET VE ACİL DURUM TOPLANMA ALANI;27.063531014173;8809/10 Sk.
KARŞIYAKA;;38.482378653693;3516-008-02;20;CUMHURİYET;;2 NO LU AFET VE ACİL DURUM TOPLANMA ALANI;27.098614201618;6723 Sk.
KARŞIYAKA;;38.485855535188;3516-015-02;20;İNÖNÜ;;2 NO LU AFET VE ACİL DURUM TOPLANMA ALANI;27.091061132648;6715 Sk.
FOÇA;;38.731532232387;3512-002-02;4;CUMHURİYET;;2 NO LU AFET VE ACİL DURUM TOPLANMA ALANI;26.892299270308;ULUS Cd.
KARŞIYAKA;;38.469905822018;3516-010-02;20;ŞEMİKLER;;2 NO LU AFET VE ACİL DURUM TOPLANMA ALANI;27.098077783749;6182 Sk.
KEMALPAŞA;;38.439290222438;3517-029-02;6;KIZILÜZÜM;;2 NO LU AFET VE ACİL DURUM TOPLANMA ALANI;27.365267439412;KIZILÜZÜM KÖY YOLU KümeEvleri
BUCA;;38.368809074909;3508-014-02;8;ÇAMLIKULE;;2 NO LU AFET VE ACİL DURUM TOPLANMA ALANI;27.168887919666;220/49 Sk.
KARABURUN;;38.672184965385;3515-015-02;1000;TEPEBOZ;;2 NO LU AFET VE ACİL DURUM TOPLANMA ALANI;26.441432995614;YENİLİMAN KümeEvleri
NARLIDERE;;38.397070909682;3523-011-02;5;YENİKALE;;2 NO LU AFET VE ACİL DURUM TOPLANMA ALANI;27.005488514937;MUSTAFA KEMAL SAHİL Blv.
DİKİLİ;;39.078499263989;3511-003-02;995;CUMHURİYET;;2 NO LU AFET VE ACİL DURUM TOPLANMA ALANI;26.888629403698;302 Sk.
URLA;;38.322613648537;3529-001-02;18;ALTINTAŞ;;2 NO LU AFET VE ACİL DURUM TOPLANMA ALANI;26.75323351572;ERDEK Sk.
TORBALI;;38.138206570261;3528-058-02;9;YENİ;;2 NO LU AFET VE ACİL DURUM TOPLANMA ALANI;27.376897927314;572 Sk.
DİKİLİ;;38.939825870266;3511-005-02;995;ÇANDARLI;;2 NO LU AFET VE ACİL DURUM TOPLANMA ALANI;26.930450453333;109 Sk.
KONAK;;38.44003790549;3520-010-02;21;ALSANCAK;;2 NO LU AFET VE ACİL DURUM TOPLANMA ALANI;27.146464644221;1473 Sk.
KARŞIYAKA;;38.469897432062;3516-009-02;20;DEDEBAŞI;;2 NO LU AFET VE ACİL DURUM TOPLANMA ALANI;27.10756202766;6053/4 Sk.
BUCA;;38.366100563598;3508-001-02;8;29 EKİM;;2 NO LU AFET VE ACİL DURUM TOPLANMA ALANI;27.273300435139;ATATÜRK Cd.
BORNOVA;;38.434777309114;3507-026-02;2;KEMALPAŞA;;2 NO LU AFET VE ACİL DURUM TOPLANMA ALANI;27.276604786564;7057/8 Sk.
TORBALI;;38.280024120761;3528-030-02;9;KARAKIZLAR;;2 NO LU AFET VE ACİL DURUM TOPLANMA ALANI;27.439746905689;6170 Sk.
KARABAĞLAR;;38.380559240885;3531-006-02;19;AŞIK VEYSEL;;2 NO LU AFET VE ACİL DURUM TOPLANMA ALANI;27.141068166996;5825 Sk.
FOÇA;;38.668009602962;3512-005-03;4;FEVZİPAŞA;;2 NO LU AFET VE ACİL DURUM TOPLANMA ALANI;26.755898999125;199 Sk.
BUCA;;38.388271110862;3508-025-02;8;İNKILAP;;2 NO LU AFET VE ACİL DURUM TOPLANMA ALANI;27.142988606056;545 Sk.
BUCA;;38.317025093306;3508-031-02;8;KIRKLAR;;2 NO LU AFET VE ACİL DURUM TOPLANMA ALANI;27.314069889084;5002 Sk.
KARABAĞLAR;;38.379301872864;3531-045-02;19;KARABAĞLAR;;2 NO LU AFET VE ACİL DURUM TOPLANMA ALANI;27.129872684619;4019 Sk.
KARABAĞLAR;;38.370810968962;3531-017-02;19;DEVRİM;;2 NO LU AFET VE ACİL DURUM TOPLANMA ALANI;27.108044991102;ESKİİZMİR Cd.
KARABAĞLAR;;38.392442045059;3531-031-02;19;KAZIM KARABEKİR;;2 NO LU AFET VE ACİL DURUM TOPLANMA ALANI;27.116273930617;9009 Sk.
DİKİLİ;;39.158025498327;3511-024-02;995;SALİHLER;;2 NO LU AFET VE ACİL DURUM TOPLANMA ALANI;26.82260432021;UÇAR Sk.
DİKİLİ;;39.109624674835;3511-018-02;995;KIROBA;;2 NO LU AFET VE ACİL DURUM TOPLANMA ALANI;26.956789314029;KIROBA DEMİRCİLER 2
TİRE;;38.090362190165;3527-048-02;997;İHSANİYE;;2 NO LU AFET VE ACİL DURUM TOPLANMA ALANI;27.744272957244;IŞIK Sk.
URLA;;38.367994890319;3529-035-02;18;ZEYTİNALANI;;2 NO LU AFET VE ACİL DURUM TOPLANMA ALANI;26.842419119948;4167 Sk.
URLA;;38.300944652747;3529-006-02;18;BİRGİ;;2 NO LU AFET VE ACİL DURUM TOPLANMA ALANI;26.554847644918;SAVRAN KULE KümeEvleri
URLA;;38.371748572319;3529-008-02;18;ÇAMLIÇAY;;2 NO LU AFET VE ACİL DURUM TOPLANMA ALANI;26.855929332481;MAREŞAL FEVZİ ÇAKMAK Blv.
KİRAZ;;38.126131095458;3519-036-02;994;ÖRENCİK;;2 NO LU AFET VE ACİL DURUM TOPLANMA ALANI;28.385060249615;ÖRENCİK KümeEvleri
KEMALPAŞA;;38.414109191112;3517-043-02;6;BAĞYURDU YENİ;;2 NO LU AFET VE ACİL DURUM TOPLANMA ALANI;27.626577714093;İSMAİL ULUSAN Cd.
URLA;;38.325062987305;3529-013-02;18;HACI İSA;;2 NO LU AFET VE ACİL DURUM TOPLANMA ALANI;26.764992256616;CAMİ Sk.
ÇİĞLİ;;38.496495097276;3510-024-02;16;ŞİRİNTEPE;;2 NO LU AFET VE ACİL DURUM TOPLANMA ALANI;27.070987561948;8413 Sk.
DİKİLİ;;39.079532009804;3511-014-02;995;İSMETPAŞA;;2 NO LU AFET VE ACİL DURUM TOPLANMA ALANI;26.898049274372;80/1 Sk.
BERGAMA;;39.097902463519;3505-047-02;999;FATİH;;2 NO LU AFET VE ACİL DURUM TOPLANMA ALANI;27.160636237439;ÇETİN EMEÇ Cd.
KARABURUN;;38.650671402241;3515-009-02;1000;MERKEZ;;2 NO LU AFET VE ACİL DURUM TOPLANMA ALANI;26.500098021633;1200 Sk.
BUCA;;38.368506232007;3508-044-02;8;YEŞİLBAĞLAR;;2 NO LU AFET VE ACİL DURUM TOPLANMA ALANI;27.148760724316;637/48 Sk.
ÇİĞLİ;;38.543074082729;3510-008-02;16;CUMHURİYET;;2 NO LU AFET VE ACİL DURUM TOPLANMA ALANI;27.055462933226;9607/2 Sk.
BUCA;;38.375134417565;3508-004-02;8;ATATÜRK;;2 NO LU AFET VE ACİL DURUM TOPLANMA ALANI;27.18667623038;202/16 Sk.
KONAK;;38.4044910698;3520-079-02;21;MURAT REİS;;2 NO LU AFET VE ACİL DURUM TOPLANMA ALANI;27.112218430418;255/2 Sk.
DİKİLİ;;39.064789099093;3511-025-02;995;SALİMBEY;;2 NO LU AFET VE ACİL DURUM TOPLANMA ALANI;26.886419298967;114 Sk.
KONAK;;38.429600131361;3520-045-02;21;HALKAPINAR;;2 NO LU AFET VE ACİL DURUM TOPLANMA ALANI;27.170411304627;1443 Sk.
KARABAĞLAR;;38.396192340432;3531-042-02;19;REİS;;2 NO LU AFET VE ACİL DURUM TOPLANMA ALANI;27.114873818151;ORDU Cd.
ÖDEMİŞ;;38.226360800484;3524-032-02;998;EMMİOĞLU;;2 NO LU AFET VE ACİL DURUM TOPLANMA ALANI;27.967603097901;ESKİ KONAK Sk.
KEMALPAŞA;;38.482003084764;3517-032-02;6;ULUCAK MUSTAFA KEMAL ATATÜRK;;2 NO LU AFET VE ACİL DURUM TOPLANMA ALANI;27.35425695609;9196/1 Sk.
ÇEŞME;;38.360665142974;3509-024-02;1001;ÜNİVERSİTE;;2 NO LU AFET VE ACİL DURUM TOPLANMA ALANI;26.314088297529;4377 Sk.
TORBALI;;38.246416561644;3528-007-02;9;AYRANCILAR;;2 NO LU AFET VE ACİL DURUM TOPLANMA ALANI;27.27428768014;93 Sk.
GÜZELBAHÇE;;38.377026553622;3514-011-02;1;YALI;;2 NO LU AFET VE ACİL DURUM TOPLANMA ALANI;26.897063474725;75 Sk.
MENEMEN;;38.613766304101;3522-048-02;17;MERMERLİ;;2 NO LU AFET VE ACİL DURUM TOPLANMA ALANI;27.065778536211;1403 Sk.
BAYRAKLI;;38.462765590935;3530-004-02;11;BAYRAKLI;;2 NO LU AFET VE ACİL DURUM TOPLANMA ALANI;27.165733499507;1921 Sk.
GÜZELBAHÇE;;38.358209256142;3514-001-02;1;ATATÜRK;;2 NO LU AFET VE ACİL DURUM TOPLANMA ALANI;26.889081293544;555 Sk.
MENEMEN;;38.685217993481;3522-024-02;17;FATİH;;2 NO LU AFET VE ACİL DURUM TOPLANMA ALANI;27.029268363352;1/1 Sk.
ÇEŞME;;38.337526744648;3509-005-02;1001;ARDIÇ;;2 NO LU AFET VE ACİL DURUM TOPLANMA ALANI;26.385504480227;5428 Sk.
TORBALI;;38.159814193398;3528-022-02;9;ERTUĞRUL;;2 NO LU AFET VE ACİL DURUM TOPLANMA ALANI;27.361491361666;3046 Sk.
TORBALI;;38.265010132112;3528-061-02;9;YEŞİLKÖY;;2 NO LU AFET VE ACİL DURUM TOPLANMA ALANI;27.242219319593;6428 Sk.
KARŞIYAKA;;38.472039376865;3516-012-02;20;FİKRİ ALTAY;;2 NO LU AFET VE ACİL DURUM TOPLANMA ALANI;27.099783656561;6183/7 Sk.
KARŞIYAKA;;38.458859077059;3516-004-02;20;BAHARİYE;;2 NO LU AFET VE ACİL DURUM TOPLANMA ALANI;27.118408845716;1875 Sk.
KEMALPAŞA;;38.428306051184;3517-007-02;6;ATATÜRK;;2 NO LU AFET VE ACİL DURUM TOPLANMA ALANI;27.409813363238;67/1 Sk.
ÇİĞLİ;;38.508062904938;3510-010-02;16;EGEKENT;;2 NO LU AFET VE ACİL DURUM TOPLANMA ALANI;27.060277534715;8827 Sk.
BORNOVA;;38.428087333102;3507-019-02;2;IŞIKLAR;;2 NO LU AFET VE ACİL DURUM TOPLANMA ALANI;27.219999740427;IŞIK Cd.
URLA;;38.422228255178;3529-004-02;18;BALIKLIOVA;;2 NO LU AFET VE ACİL DURUM TOPLANMA ALANI;26.583772220174;13011/1 Sk.
KARŞIYAKA;;38.456271430642;3516-007-02;20;BOSTANLI;;2 NO LU AFET VE ACİL DURUM TOPLANMA ALANI;27.097133674108;HASAN ALİ YÜCEL
KARŞIYAKA;;38.473761267704;3516-017-02;20;MAVİŞEHİR;;2 NO LU AFET VE ACİL DURUM TOPLANMA ALANI;27.075869197005;HASAN TAHSİN UZER Cd.
KARŞIYAKA;;38.457783708019;3516-011-02;20;BAHARİYE;;2 NO LU AFET VE ACİL DURUM TOPLANMA ALANI;27.114519663828;
ÇEŞME;;38.286974939577;3509-019-02;1001;OVACIK;;2 NO LU AFET VE ACİL DURUM TOPLANMA ALANI;26.314018699571;7000 Sk.
BUCA;;38.387867484944;3508-041-02;8;VALİ RAHMİ BEY;;2 NO LU AFET VE ACİL DURUM TOPLANMA ALANI;27.170186070353;116 Sk.
BAYRAKLI;;38.465260583519;3530-022-02;11;TEPEKULE;;2 NO LU AFET VE ACİL DURUM TOPLANMA ALANI;27.17217076492;2073 Sk.
BAYRAKLI;;38.474912075199;3530-001-02;11;75. YIL;;2 NO LU AFET VE ACİL DURUM TOPLANMA ALANI;27.158212602317;1620/47 Sk.
BAYRAKLI;;38.455966975484;3530-014-02;11;MANSUROĞLU;;2 NO LU AFET VE ACİL DURUM TOPLANMA ALANI;27.19357470204;269/2 Sk.
MENEMEN;;38.641403448856;3522-032-01;17;HASANLAR;;2 NO LU AFET VE ACİL DURUM TOPLANMA ALANI;27.127584325988;903 Sk.
MENEMEN;;38.600213664998;3522-023-02;17;ESATPAŞA;;2 NO LU AFET VE ACİL DURUM TOPLANMA ALANI;27.075799242927;1205 Sk.
MENEMEN;;38.603089404257;3522-060-02;17;VİLLAKENT;;2 NO LU AFET VE ACİL DURUM TOPLANMA ALANI;26.918745948035;5141 Sk.
MENEMEN;;38.559196358457;3522-002-02;17;30 AĞUSTOS;;2 NO LU AFET VE ACİL DURUM TOPLANMA ALANI;27.046295160466;7106/1 Sk.
MENEMEN;;38.608744636152;3522-042-02;17;KASIMPAŞA;;2 NO LU AFET VE ACİL DURUM TOPLANMA ALANI;27.082343785897;1023 Sk.
TORBALI;;38.122509341376;3528-059-02;9;YENİKÖY;;2 NO LU AFET VE ACİL DURUM TOPLANMA ALANI;27.330099005952;METROPOLİS ANTİK KENTİ Sk.
BAYRAKLI;;38.462101954252;3530-013-02;11;MANAVKUYU;;2 NO LU AFET VE ACİL DURUM TOPLANMA ALANI;27.191954645546;FATİH SULTAN MEHMET Cd.
MENDERES;;38.259964009966;3521-032-02;13;KASIMPAŞA;;2 NO LU AFET VE ACİL DURUM TOPLANMA ALANI;27.127732493483;233 Sk.
ÇİĞLİ;;38.488043172645;3510-004-02;16;ATAŞEHİR;;2 NO LU AFET VE ACİL DURUM TOPLANMA ALANI;27.063177022608;8020/3 Sk.
ÇİĞLİ;;38.503459945448;3510-026-02;16;YAKAKENT;;2 NO LU AFET VE ACİL DURUM TOPLANMA ALANI;27.075842324212;8087/11 Sk.
KEMALPAŞA;;38.413697289037;3517-001-02;6;BAĞYURDU 29 EKİM;;2 NO LU AFET VE ACİL DURUM TOPLANMA ALANI;27.641469265474;ÖZDİRİK Sk.
BUCA;;38.36226459474;3508-030-02;8;KAYNAKLAR MERKEZ;;2 NO LU AFET VE ACİL DURUM TOPLANMA ALANI;27.285917489672;MEHMET MEMİŞ Sk.
ÖDEMİŞ;;38.244428709397;3524-080-02;998;SÜLEYMAN DEMİREL;;2 NO LU AFET VE ACİL DURUM TOPLANMA ALANI;27.989511247329;1076 Sk.
KARŞIYAKA;;38.471585805203;3516-014-02;20;İMBATLI;;2 NO LU AFET VE ACİL DURUM TOPLANMA ALANI;27.112207587693;6076 Sk.
ÇİĞLİ;;38.493892040343;3510-022-02;16;AHMET TANER KIŞLALI;;2 NO LU AFET VE ACİL DURUM TOPLANMA ALANI;27.081255011492;6762 Sk.
KEMALPAŞA;;38.460253993405;3517-051-02;6;AŞAĞI YENMİŞ;;2 NO LU AFET VE ACİL DURUM TOPLANMA ALANI;27.436603082081;PINAR Sk.
KARŞIYAKA;;38.459119515172;3516-002-02;20;ALAYBEY;;2 NO LU AFET VE ACİL DURUM TOPLANMA ALANI;27.118956013189;1671 Sk.
KARŞIYAKA;;38.484276692185;3516-020-02;20;ÖRNEKKÖY;;2 NO LU AFET VE ACİL DURUM TOPLANMA ALANI;27.103914217047;7549 Sk.
MENDERES;;38.012948564376;3521-042-02;13;ÖZDERE CUMHURİYET;;2 NO LU AFET VE ACİL DURUM TOPLANMA ALANI;27.123698883698;3052 Sk.
KARŞIYAKA;;38.480497344256;3516-025-02;20;YALI;;2 NO LU AFET VE ACİL DURUM TOPLANMA ALANI;27.075912100612;6522 Sk.
TORBALI;;38.231012446646;3528-014-02;9;ÇAPAK;;2 NO LU AFET VE ACİL DURUM TOPLANMA ALANI;27.352398603829;2548 Sk.
ÇEŞME;;38.315879186359;3509-012-02;1001;FAHRETTİNPAŞA;;2 NO LU AFET VE ACİL DURUM TOPLANMA ALANI;26.318803681918;2208/1 Sk.
BUCA;;38.400514242692;3508-040-02;8;UFUK;;2 NO LU AFET VE ACİL DURUM TOPLANMA ALANI;27.165154250101;1007 Sk.
BUCA;;38.365309693621;3508-022-02;8;GÖKSU;;2 NO LU AFET VE ACİL DURUM TOPLANMA ALANI;27.141765563554;693/8 Sk.
URLA;;38.389717085907;3529-010-02;18;DENİZLİ;;2 NO LU AFET VE ACİL DURUM TOPLANMA ALANI;26.739307436752;262 Sk.
KEMALPAŞA;;38.421380198701;3517-040-02;6;SOĞUKPINAR;;2 NO LU AFET VE ACİL DURUM TOPLANMA ALANI;27.430713043234;258/1 Sk.
ÇEŞME;;38.323278091214;3509-016-02;1001;İSMET İNÖNÜ;;2 NO LU AFET VE ACİL DURUM TOPLANMA ALANI;26.31134716431;2060 Sk.
MENDERES;;38.053173255346;3521-041-02;13;ORTA;;2 NO LU AFET VE ACİL DURUM TOPLANMA ALANI;27.048940667009;1147
ÇİĞLİ;;38.520866976901;3510-025-02;16;UĞUR MUMCU;;2 NO LU AFET VE ACİL DURUM TOPLANMA ALANI;27.046429336316;8790/6
KARABAĞLAR;;38.391844958514;3531-022-02;19;FAHRETTİN ALTAY;;2 NO LU AFET VE ACİL DURUM TOPLANMA ALANI;27.07041911533;2/2 Sk.
MENDERES;;38.260520027798;3521-022-02;13;GÖLCÜKLER;;2 NO LU AFET VE ACİL DURUM TOPLANMA ALANI;27.140778691632;1008 Sk.
MENEMEN;;38.638706092683;3522-034-02;17;HAYKIRAN;;2 NO LU AFET VE ACİL DURUM TOPLANMA ALANI;27.111209525331;802 Sk.
KINIK;;39.087140076389;3518-035-02;996;YAYAKENT;;2 NO LU AFET VE ACİL DURUM TOPLANMA ALANI;27.307191450914;YUNUS EMRE Cd.
KARŞIYAKA;;38.453234225159;3516-001-02;20;AKSOY;;2 NO LU AFET VE ACİL DURUM TOPLANMA ALANI;27.107218734967;HALİM ERKER Sk.
KEMALPAŞA;;38.395856405468;3517-006-02;6;AŞAĞIKIZILCA;;2 NO LU AFET VE ACİL DURUM TOPLANMA ALANI;27.514268844195;2008 Sk.
MENEMEN;;38.595362938963;3522-039-02;17;İSMET İNÖNÜ;;2 NO LU AFET VE ACİL DURUM TOPLANMA ALANI;27.084301811815;1286 Sk.
KEMALPAŞA;;38.440223304464;3517-020-02;6;HALİLBEYLİ;;2 NO LU AFET VE ACİL DURUM TOPLANMA ALANI;27.66796931811;85. YIL CUMHURİYET Cd.
TORBALI;;38.265995833864;3528-047-02;9;SAİPLER;;2 NO LU AFET VE ACİL DURUM TOPLANMA ALANI;27.369451946525;SAİPLER KümeEvleri
MENEMEN;;38.60165583381;3522-058-02;17;UĞUR MUMCU;;2 NO LU AFET VE ACİL DURUM TOPLANMA ALANI;27.083636616447;1295 Sk.
KEMALPAŞA;;38.405988020953;3517-003-03;6;ARMUTLU 85.YIL CUMHURİYET;;2 NO LU AFET VE ACİL DURUM TOPLANMA ALANI;27.526993164418;AÇELYA Sk.
MENEMEN;;38.612232301389;3522-010-02;17;AYVACIK;;2 NO LU AFET VE ACİL DURUM TOPLANMA ALANI;27.190296795272;AYVACIK KümeEvleri
KARABAĞLAR;;38.398529885894;3531-016-02;19;ÇALIKUŞU;;2 NO LU AFET VE ACİL DURUM TOPLANMA ALANI;27.129094815402;3210 Sk.
MENEMEN;;38.551643300801;3522-040-02;17;İSTİKLAL;;2 NO LU AFET VE ACİL DURUM TOPLANMA ALANI;27.057238532038;7504 Sk.
BEYDAĞ;;38.141489877759;3506-015-02;993;KURUDERE;;2 NO LU AFET VE ACİL DURUM TOPLANMA ALANI;28.267558566613;SEHER KümeEvleri
ÇEŞME;;38.30750296886;3509-009-02;1001;ÇAKABEY;;2 NO LU AFET VE ACİL DURUM TOPLANMA ALANI;26.342852262956;2236 Sk.
URLA;;38.368711902651;3529-015-02;18;İSKELE;;2 NO LU AFET VE ACİL DURUM TOPLANMA ALANI;26.760502183662;2073 Sk.
ÇEŞME;;38.28569905531;3509-003-02;1001;ALTINKUM;;2 NO LU AFET VE ACİL DURUM TOPLANMA ALANI;26.262622471029;43 Sk.
BUCA;;38.373738146629;3508-020-02;8;FIRAT;;2 NO LU AFET VE ACİL DURUM TOPLANMA ALANI;27.151271250603;289/65 Sk.
KARABAĞLAR;;38.386778347132;3531-020-02;19;ESENTEPE;;2 NO LU AFET VE ACİL DURUM TOPLANMA ALANI;27.073777232873;14/6 Sk.
FOÇA;;38.660826236514;3512-006-02;4;HACIVELİ;;2 NO LU AFET VE ACİL DURUM TOPLANMA ALANI;26.856079024088;433 Sk.
KARŞIYAKA;;38.465386523004;3516-013-02;20;GONCALAR;;2 NO LU AFET VE ACİL DURUM TOPLANMA ALANI;27.107583492903;6045 Sk.
TİRE;;38.086139085767;3527-022-02;997;ÇİNİYERİ;;2 NO LU AFET VE ACİL DURUM TOPLANMA ALANI;27.804903994882;ÇAKIL Sk.
BAYRAKLI;;38.479556784096;3530-020-02;11;R.ŞEVKET İNCE;;2 NO LU AFET VE ACİL DURUM TOPLANMA ALANI;27.172127825682;2140/22 Sk.
ÇİĞLİ;;38.515479933693;3510-013-02;16;EVKA-5;;2 NO LU AFET VE ACİL DURUM TOPLANMA ALANI;27.053657862994;8925 Sk.
KARŞIYAKA;;38.467847820251;3516-005-02;20;BAHÇELİEVLER;;2 NO LU AFET VE ACİL DURUM TOPLANMA ALANI;27.110201311689;GÜN SAZAK Blv.
KARŞIYAKA;;38.467007774529;3516-003-02;20;ATAKENT;;2 NO LU AFET VE ACİL DURUM TOPLANMA ALANI;27.088443341846;CAHER DUDAYEV Blv.
BAYINDIR;;38.182570933665;3504-003-01;7;ARIKBAŞI;;2 NO LU AFET VE ACİL DURUM TOPLANMA ALANI;27.493133481271;ARIKBAŞI HÜRRİYET Sk.
TORBALI;;38.162408185351;3528-011-03;9;CUMHURİYET;;2 NO LU AFET VE ACİL DURUM TOPLANMA ALANI;27.348606090319;2026 Sk.
TORBALI;;38.228012066452;3528-008-02;9;BAHÇELİEVLER;;2 NO LU AFET VE ACİL DURUM TOPLANMA ALANI;27.294114499687;413 Sk.
MENDERES;26;38.282941965646;3521-024-02;13;GÖRECE CUMHURİYET;;2 NO LU AFET VE ACİL DURUM TOPLANMA ALANI;27.122410978916;NAZAR BONCUĞU Cd.
BAYRAKLI;;38.476902651959;3530-021-02;11;SOĞUKKUYU;;2 NO LU AFET VE ACİL DURUM TOPLANMA ALANI;27.116981886954;1847/13 Sk.
TORBALI;;38.148812910535;3528-006-02;9;ATATÜRK;;2 NO LU AFET VE ACİL DURUM TOPLANMA ALANI;27.372000221314;1540 Sk.
KARABAĞLAR;;38.400060144571;3531-012-02;19;BASIN SİTESİ;;2 NO LU AFET VE ACİL DURUM TOPLANMA ALANI;27.104161122269;166 Sk.
URLA;;38.3313500573;3529-034-02;18;YENİKENT;;2 NO LU AFET VE ACİL DURUM TOPLANMA ALANI;26.76890825095;TAVŞANLI Sk.
KONAK;;38.425943985511;3520-006-02;21;AKDENİZ;;2 NO LU AFET VE ACİL DURUM TOPLANMA ALANI;27.13385834849;ŞEHİT FETHİBEY Cd.
TİRE;;38.098037337617;3527-043-02;997;HÜRRİYET;;2 NO LU AFET VE ACİL DURUM TOPLANMA ALANI;27.727353655989;GÜVEN
KEMALPAŞA;;38.487308696645;3517-030-02;6;KUYUCAK;;2 NO LU AFET VE ACİL DURUM TOPLANMA ALANI;27.389600240352;9515 Sk.
KARABAĞLAR;;38.390793854718;3531-054-04;19;VATAN;;2 NO LU AFET VE ACİL DURUM TOPLANMA ALANI;27.10074402077;9151 Sk.
URLA;;38.270371109895;3529-018-02;18;KUŞÇULAR;;2 NO LU AFET VE ACİL DURUM TOPLANMA ALANI;26.732189102575;8020 Sk.
KARABAĞLAR;;38.37728435898;3531-032-02;19;KİBAR;;2 NO LU AFET VE ACİL DURUM TOPLANMA ALANI;27.109745492155;ESKİİZMİR Cd.
KONAK;;38.431617188197;3520-075-02;21;MİMAR SİNAN;;2 NO LU AFET VE ACİL DURUM TOPLANMA ALANI;27.144726595666;DR. MUSTAFA ENVER BEY Cd.
MENDERES;;38.246686048561;3521-008-03;13;CÜNEYTBEY;;2 NO LU AFET VE ACİL DURUM TOPLANMA ALANI;27.136873438117;643 Sk.
KONAK;;38.395023506119;3520-071-02;21;MEHMET ALİ AKMAN;;2 NO LU AFET VE ACİL DURUM TOPLANMA ALANI;27.076191194883;İNÖNÜ Cd.
KARABAĞLAR;;38.394426503068;3520-038-02;19;ESENYALI;;2 NO LU AFET VE ACİL DURUM TOPLANMA ALANI;27.089409055912;İNÖNÜ Cd.
MENEMEN;;38.652385496213;3522-062-02;17;YANIKKÖY;;2 NO LU AFET VE ACİL DURUM TOPLANMA ALANI;27.080820223511;502 Sk.
URLA;;38.400715576015;3529-012-02;18;GÜVENDİK;;2 NO LU AFET VE ACİL DURUM TOPLANMA ALANI;26.738105793466;205 Sk.
GÜZELBAHÇE;;38.337969089343;3514-012-02;1;YELKİ;;2 NO LU AFET VE ACİL DURUM TOPLANMA ALANI;26.86691834697;2283 Sk.
GÜZELBAHÇE;;38.364333621937;3514-010-02;1;YAKA;;2 NO LU AFET VE ACİL DURUM TOPLANMA ALANI;26.896811370504;628 Sk.
BAYRAKLI;;38.491650021321;3530-012-02;11;KÖRFEZ;;2 NO LU AFET VE ACİL DURUM TOPLANMA ALANI;27.132045072856;7384/6 Sk.
BAYRAKLI;;38.481034924052;3530-017-02;11;ORG.NAFİZ GÜRMAN;;2 NO LU AFET VE ACİL DURUM TOPLANMA ALANI;27.137345109544;7171 Sk.
KINIK;;39.084067223125;3518-034-02;996;TÜRKCEDİT;;2 NO LU AFET VE ACİL DURUM TOPLANMA ALANI;27.385393565935;ABDULBAKİ Sk.
KARŞIYAKA;;38.463017546306;3516-019-02;20;GONCALAR;;2 NO LU AFET VE ACİL DURUM TOPLANMA ALANI;27.101478819595;6007/3 Sk.
KARABAĞLAR;;38.358848841675;3531-055-02;19;YAŞAR KEMAL;;2 NO LU AFET VE ACİL DURUM TOPLANMA ALANI;27.081298156861;6001 Sk.
KARABAĞLAR;;38.376463259962;3531-032-01;19;GÜNALTAY;;2 NO LU AFET VE ACİL DURUM TOPLANMA ALANI;27.111617666082;3760 Sk.
ÇİĞLİ;;38.502456626266;3510-012-02;16;EVKA-2;;2 NO LU AFET VE ACİL DURUM TOPLANMA ALANI;27.088437916899;6820 Sk.
BEYDAĞ;;38.085515606531;3506-007-01;993;CUMHURİYET;;2 NO LU AFET VE ACİL DURUM TOPLANMA ALANI;28.202080870334;ZEYTİNLİK1 Sk.
GÜZELBAHÇE;;38.317858034522;3514-008-02;1;PAYAMLI;;2 NO LU AFET VE ACİL DURUM TOPLANMA ALANI;26.924035736376;GAZİ Cd.
ÇİĞLİ;;38.498669840963;3510-020-02;16;KÖYİÇİ;;2 NO LU AFET VE ACİL DURUM TOPLANMA ALANI;27.065934301546;8054/1
ÇİĞLİ;;38.510524762835;3510-019-02;16;KAKLIÇ;;2 NO LU AFET VE ACİL DURUM TOPLANMA ALANI;26.986863152232;10324 Sk.
ÇİĞLİ;;38.529621387571;3510-017-02;16;İNÖNÜ;;2 NO LU AFET VE ACİL DURUM TOPLANMA ALANI;27.047781147874;9 EYLÜL Cd.
KEMALPAŞA;;38.482068180711;3517-024-02;6;ULUCAK İSTİKLAL;;2 NO LU AFET VE ACİL DURUM TOPLANMA ALANI;27.361525706362;9185 Sk.
ÇİĞLİ;;38.495117991107;3510-027-02;16;YENİ MAHALLE;;2 NO LU AFET VE ACİL DURUM TOPLANMA ALANI;27.060548458702;ANADOLU Cd.
KEMALPAŞA;;38.385714953279;3517-049-02;6;YUKARIKIZILCA MERKEZ;;2 NO LU AFET VE ACİL DURUM TOPLANMA ALANI;27.494463527476;BÜLENT ECEVİT Cd.
KEMALPAŞA;;38.421060822859;3517-035-02;6;ÖRNEKKÖY;;2 NO LU AFET VE ACİL DURUM TOPLANMA ALANI;27.468049207729;OKUL Cd.
GÜZELBAHÇE;;38.332545231379;3514-007-02;1;MUSTAFA KEMAL PAŞA;;2 NO LU AFET VE ACİL DURUM TOPLANMA ALANI;26.864126190892;2319/1 Sk.
KEMALPAŞA;;38.466689002123;3517-012-02;6;ÇAMBEL;;2 NO LU AFET VE ACİL DURUM TOPLANMA ALANI;27.517970161174;ÇAMBEL MAH. YOLU KümeEvleri
BUCA;;38.381795582683;3508-032-02;8;KOZAĞAÇ;;2 NO LU AFET VE ACİL DURUM TOPLANMA ALANI;27.172557141476;223 Sk.
ÇEŞME;;38.311745941115;3509-004-02;1001;ALTINYUNUS;;2 NO LU AFET VE ACİL DURUM TOPLANMA ALANI;26.350861290871;3468 Sk.
BAYINDIR;;38.216671604135;3504-021-02;7;FATİH;;2 NO LU AFET VE ACİL DURUM TOPLANMA ALANI;27.650825070102;OSMANBEY Sk.
MENDERES;;38.264849977876;3521-021-02;13;GAZİPAŞA;;2 NO LU AFET VE ACİL DURUM TOPLANMA ALANI;27.142817152985;725 Sk.
BUCA;;38.371753118779;3508-045-02;8;YILDIZ;;2 NO LU AFET VE ACİL DURUM TOPLANMA ALANI;27.176312232185;242/25 Sk.
ÇEŞME;;38.305979162536;3509-015-02;1001;ILICA;;2 NO LU AFET VE ACİL DURUM TOPLANMA ALANI;26.357202011947;ÇEŞME ASFALTI Cd.
BAYRAKLI;;38.488610107935;3530-024-02;11;ORG.NAFİZ GÜRMAN;;2 NO LU AFET VE ACİL DURUM TOPLANMA ALANI;27.143181554514;7171 Sk.
BAYRAKLI;;38.486493833997;3530-016-02;11;ONUR;;2 NO LU AFET VE ACİL DURUM TOPLANMA ALANI;27.136207849315;7356/8 Sk.
KARABURUN;;38.613912409251;3515-001-02;1000;ANBARSEKİ;;2 NO LU AFET VE ACİL DURUM TOPLANMA ALANI;26.52211355278;ANBARSEKİ KümeEvleri
ÇİĞLİ;;38.511481871432;3510-007-02;16;BALATÇIK;;2 NO LU AFET VE ACİL DURUM TOPLANMA ALANI;27.044508900355;8788 Sk.
KARABAĞLAR;;38.38785270611;3531-048-02;19;REFET BELE;;2 NO LU AFET VE ACİL DURUM TOPLANMA ALANI;27.110625234415;9171 Sk.
ÇEŞME;;38.329514937677;3509-025-02;1001;YALI;;2 NO LU AFET VE ACİL DURUM TOPLANMA ALANI;26.417572825147;6179 Sk.
ÇEŞME;;38.268538497679;3509-022-02;1001;ŞEHİT MEHMET;;2 NO LU AFET VE ACİL DURUM TOPLANMA ALANI;26.244281650477;452 Sk.
ÇEŞME;;38.317465922714;3509-018-02;1001;MUSALLA;;2 NO LU AFET VE ACİL DURUM TOPLANMA ALANI;26.309228240797;1052 Sk.
BAYRAKLI;;38.462841213169;3530-002-02;11;ADALET;;2 NO LU AFET VE ACİL DURUM TOPLANMA ALANI;27.180453389243;1593/22 Sk.
BAYINDIR;;38.224811798354;3504-056-01;7;KURT;;2 NO LU AFET VE ACİL DURUM TOPLANMA ALANI;27.649497370704;TOKLU SİVRİ Sk.
ÇEŞME;;38.321072829454;3509-006-02;1001;BOYALIK;;2 NO LU AFET VE ACİL DURUM TOPLANMA ALANI;26.331600427108;3211 Sk.
BUCA;;38.395351547326;3508-042-02;8;YAYLACIK;;2 NO LU AFET VE ACİL DURUM TOPLANMA ALANI;27.175883041299;190/4 Sk.
BUCA;;38.400732882038;3508-036-02;8;MURATHAN;;2 NO LU AFET VE ACİL DURUM TOPLANMA ALANI;27.195227027183;TÜRKMENİSTAN
BUCA;;38.386976062053;3508-019-02;8;EFELER;;2 NO LU AFET VE ACİL DURUM TOPLANMA ALANI;27.15891012145;310/3 Sk.
ÇİĞLİ;;38.503514495221;3510-021-02;16;KÜÇÜK ÇİĞLİ;;2 NO LU AFET VE ACİL DURUM TOPLANMA ALANI;27.052812991921;8714 Sk.
ÖDEMİŞ;;38.160489806836;3524-025-02;998;ÇAYLI;;2 NO LU AFET VE ACİL DURUM TOPLANMA ALANI;28.148511944918;BİLGİN Sk.
ÇİĞLİ;5/1;38.534077924652;3510-016-02;16;HARMANDALI GAZİ MUSTAFA KEMAL ATATÜRK;;2 NO LU AFET VE ACİL DURUM TOPLANMA ALANI;27.050999775049;GAZİ Blv.
TORBALI;;38.169312433454;3528-003-02;9;ALPKENT;;2 NO LU AFET VE ACİL DURUM TOPLANMA ALANI;27.35370225062;1029 Sk.
ÇİĞLİ;;38.515696097954;3510-011-02;16;ESENTEPE;;2 NO LU AFET VE ACİL DURUM TOPLANMA ALANI;27.056407113212;8809 Sk.
TİRE;;37.997584338556;3527-013-02;997;BAŞKÖY;;2 NO LU AFET VE ACİL DURUM TOPLANMA ALANI;27.659605572965;1.KARŞIYAKA Sk.
TORBALI;;38.152120201156;3528-037-02;9;MURATBEY;;2 NO LU AFET VE ACİL DURUM TOPLANMA ALANI;27.35097716774;3538 Sk.
TORBALI;;38.242405730759;3528-023-02;9;FEVZİ ÇAKMAK;;2 NO LU AFET VE ACİL DURUM TOPLANMA ALANI;27.286690158897;34 Sk.
DİKİLİ;;39.059857451405;3511-011-02;995;GAZİPAŞA;;2 NO LU AFET VE ACİL DURUM TOPLANMA ALANI;26.884187720783;SARMAŞIK Sk.
BUCA;;38.397802620211;3508-039-02;8;ŞİRİNKAPI;;2 NO LU AFET VE ACİL DURUM TOPLANMA ALANI;27.178350657166;YAVUZ SULTAN SELİM Cd.
BAYINDIR;;38.222426519569;3504-024-02;7;BIYIKLAR;;2 NO LU AFET VE ACİL DURUM TOPLANMA ALANI;27.650825061217;DEMOKRASİ VE LAİKLİK Myd.
BORNOVA;;38.483930238995;3507-020-02;2;İNÖNÜ;;2 NO'LU AFET VE ACİL DURUM TOPLANMA ALANI;27.216364137415;994
GAZİEMİR;;38.32943766758;3513-009-02;15;GAZİ;;2 NO'LU AFET VE ACİL DURUM TOPLANMA ALANI;27.131083129862;28/25
ÖDEMİŞ;;38.211317154342;3524-097-02;998;YOLÜSTÜ;;2 NO'LU AFET VE ACİL DURUM TOPLANMA ALANI;28.026834852783;YOLÜSTÜ
ÖDEMİŞ;;38.218350065897;3524-087-02;998;UMURBEY;;2 NO'LU AFET VE ACİL DURUM TOPLANMA ALANI;27.96968512346;SANAYİ SİTESİ ŞEREF USTA
BERGAMA;;39.111598742247;3505-092-02;999;MALTEPE;;2 NO'LU AFET VE ACİL DURUM TOPLANMA ALANI;27.174370576842;STADYUM
BORNOVA;;38.463849198227;3507-013-02;2;ERZENE;;2 NO'LU AFET VE ACİL DURUM TOPLANMA ALANI;27.227372438496;İSTANBUL
ÖDEMİŞ;;38.090103330939;3524-006-02;998;BADEMLİ;;2 NO'LU AFET VE ACİL DURUM TOPLANMA ALANI;28.056845867403;PAZARYERİ
BAYINDIR;;38.208412740339;3504-057-02;7;YEŞİLOVA;;2 NO'LU AFET VE ACİL DURUM TOPLANMA ALANI;27.569097130271;ESKİ ÇIPLAK
SELÇUK;;37.943143736712;3526-001-02;10;14 MAYIS;;2 NO'LU AFET VE ACİL DURUM TOPLANMA ALANI;27.381466895575;4124
GAZİEMİR;;38.297744566884;3513-002-02;15;ATATÜRK;;2 NO'LU AFET VE ACİL DURUM TOPLANMA ALANI;27.174702982236;CUMHURİYET
ÖDEMİŞ;;38.223835027793;3524-089-02;998;ÜÇ EYLÜL;;2 NO'LU AFET VE ACİL DURUM TOPLANMA ALANI;27.959235166285;PARK
SELÇUK;;37.946913923502;3526-003-02;10;ATATÜRK;;2 NO'LU AFET VE ACİL DURUM TOPLANMA ALANI;27.3702985467;KUBİLAY
ÖDEMİŞ;;38.225943034257;3524-020-02;998;CUMHURİYET;;2 NO'LU AFET VE ACİL DURUM TOPLANMA ALANI;27.978621067579;ŞENGÜL
GAZİEMİR;;38.328588662542;3513-012-02;15;IRMAK;;2 NO'LU AFET VE ACİL DURUM TOPLANMA ALANI;27.122219174633;38/2
BORNOVA;;38.433864203933;3507-042-02;2;YEŞİLOVA;;2 NO'LU AFET VE ACİL DURUM TOPLANMA ALANI;27.205918580431;4045
BORNOVA;;38.518924513522;3507-022-02;2;KARAÇAM;;2 NO'LU AFET VE ACİL DURUM TOPLANMA ALANI;27.272768209463;DOĞAN
ALİAĞA;;38.796727100471;3502-019-02;3;KURTULUŞ;;2 NO'LU AFET VE ACİL DURUM TOPLANMA ALANI;26.970586118001;FATİH
KINIK;;38.962567384242;3518-030-02;996;ÖRTÜLÜ;;2 NO'LU AFET VE ACİL DURUM TOPLANMA ALANI;27.348878870446;OKUL
SELÇUK;;37.95787142398;3526-013-02;10;ZAFER;;2 NO'LU AFET VE ACİL DURUM TOPLANMA ALANI;27.373546695513;3024
ALİAĞA;;38.774202388134;3502-011-02;3;GÜZELHİSAR;;2 NO'LU AFET VE ACİL DURUM TOPLANMA ALANI;27.017792985283;KÜLTÜR
BORNOVA;;38.431533200205;3507-038-02;2;TUNA;;2 NO'LU AFET VE ACİL DURUM TOPLANMA ALANI;27.190308661419;ZİYA PAŞA
BORNOVA;;38.465706790998;3507-027-02;2;KIZILAY;;2 NO'LU AFET VE ACİL DURUM TOPLANMA ALANI;27.210745024252;YÜZBAŞI İBRAHİM HAKKI
KARABAĞLAR;;38.388586298026;3531-034-02;19;MALİYECİLER;;2 NO'LU AFET VE ACİL DURUM TOPLANMA ALANI;27.095966591097;52/120
ALİAĞA;;38.701022652826;3502-021-02;3;MİMAR SİNAN;;2 NO'LU AFET VE ACİL DURUM TOPLANMA ALANI;27.033415977738;MUAMMER AKSOY
ALİAĞA;;38.730307476452;3502-029-02;3;YUKARI ŞEHİTKEMAL;;2 NO'LU AFET VE ACİL DURUM TOPLANMA ALANI;27.007173056004;GÖKTEPE
BORNOVA;;38.42747123451;3507-028-02;2;KOŞUKAVAK;;2 NO'LU AFET VE ACİL DURUM TOPLANMA ALANI;27.203407603665;4246
ÖDEMİŞ;;38.250722726222;3524-013-02;998;BİRGİ;;2 NO'LU AFET VE ACİL DURUM TOPLANMA ALANI;28.060602549179;UMURBEY
KINIK;;39.030808462844;3518-015-02;996;ELMADERE;;2 NO'LU AFET VE ACİL DURUM TOPLANMA ALANI;27.483796224599;GÖLCÜK
ÖDEMİŞ;;38.235544973792;3524-062-02;998;KUVVETLİ;;2 NO'LU AFET VE ACİL DURUM TOPLANMA ALANI;27.967268109112;BOZDAĞ
SELÇUK;;38.015613634975;3526-005-02;10;BELEVİ;;2 NO'LU AFET VE ACİL DURUM TOPLANMA ALANI;27.446698049703;DOKTOR TAHSİN KAYAYURT
ÖDEMİŞ;;38.235022989892;3524-003-02;998;ANAFARTALAR;;2 NO'LU AFET VE ACİL DURUM TOPLANMA ALANI;27.981143042555;SAĞLIK
ÖDEMİŞ;;38.210012069976;3524-027-02;998;DEMİRCİLİ;;2 NO'LU AFET VE ACİL DURUM TOPLANMA ALANI;27.902069678768;DEMİRCİLİ
ALİAĞA;;38.834736913806;3502-026-02;3;YALI;;2 NO'LU AFET VE ACİL DURUM TOPLANMA ALANI;26.975339028649;MERKEZ
ALİAĞA;;38.788229128741;3502-023-02;3;SİTELER;;2 NO'LU AFET VE ACİL DURUM TOPLANMA ALANI;26.957437198284;9 EYLÜL
FOÇA;;38.697809343715;3512-008-02;4;İSMETPAŞA;;2 NO'LU AFET VE ACİL DURUM TOPLANMA ALANI;26.735000453122;320
FOÇA;;38.752309175605;3512-004-02;4;FEVZİ ÇAKMAK;;2 NO'LU AFET VE ACİL DURUM TOPLANMA ALANI;26.83359986939;NERGİS
ALİAĞA;;38.886375514165;3502-028-02;3;ŞAKRAN HASBİ EFENDİ;;2 NO'LU AFET VE ACİL DURUM TOPLANMA ALANI;27.071491140926;3286
ÖDEMİŞ;;38.323955877708;3524-036-02;998;GÖLCÜK;;2 NO'LU AFET VE ACİL DURUM TOPLANMA ALANI;28.028301386401;MUSTAFA KEMAL ATATÜRK
FOÇA;;38.663009533043;3512-001-02;4;ATATÜRK;;2 NO'LU AFET VE ACİL DURUM TOPLANMA ALANI;26.745800462805;54
BORNOVA;;38.442306318596;3507-039-02;2;ÜMİT;;2 NO'LU AFET VE ACİL DURUM TOPLANMA ALANI;27.259399432249;7312/2
ÖDEMİŞ;;38.23143098807;3524-085-02;998;TÜRKMEN;;2 NO'LU AFET VE ACİL DURUM TOPLANMA ALANI;27.959354154725;ASLAN
ÖDEMİŞ;;38.228401673288;3524-001-02;998;AKINCILAR;;2 NO'LU AFET VE ACİL DURUM TOPLANMA ALANI;27.973732361115;MİTHATPAŞA
BORNOVA;;38.453362167471;3507-034-02;2;NALDÖKEN;;2 NO'LU AFET VE ACİL DURUM TOPLANMA ALANI;27.268141238255;1201
ÖDEMİŞ;;38.256817108743;3524-059-02;998;KÖSELER;;2 NO'LU AFET VE ACİL DURUM TOPLANMA ALANI;27.88729665826;KÖSELER
BALÇOVA;;38.379169160802;3503-002-02;14;ÇETİN EMEÇ;;2 NO'LU AFET VE ACİL DURUM TOPLANMA ALANI;27.060025656902;YAREN
SEFERİHİSAR;;38.07271279579;3525-005-02;12;CUMHURİYET;;2 NO'LU AFET VE ACİL DURUM TOPLANMA ALANI;26.924710606644;KUŞADASI SEFERİHİSAR YOLU
ÖDEMİŞ;;38.071549334962;3524-012-02;998;BIÇAKÇI;;2 NO'LU AFET VE ACİL DURUM TOPLANMA ALANI;28.095244828803;BIÇAKÇI
SEFERİHİSAR;;38.080335790793;3525-014-02;12;MERSİN ALANI;;2 NO'LU AFET VE ACİL DURUM TOPLANMA ALANI;26.958219422942;6086
SEFERİHİSAR;;38.070279728576;3525-001-02;12;ATATÜRK;;2 NO'LU AFET VE ACİL DURUM TOPLANMA ALANI;26.850770987094;5752
SEFERİHİSAR;;38.122202519909;3525-013-02;12;KAVAKDERE;;2 NO'LU AFET VE ACİL DURUM TOPLANMA ALANI;26.911150589791;KAVAKDERE YOLU
KARŞIYAKA;;38.469344010475;3516-022-02;20;ŞEMİKLER;;2 NO'LU AFET VE ACİL DURUM TOPLANMA ALANI;27.097420420218;6182
SEFERİHİSAR;;38.194812059445;3525-004-02;12;HIDIRLIK;;2 NO'LU AFET VE ACİL DURUM TOPLANMA ALANI;26.838490831839;İNÖNÜ
ALİAĞA;;38.758586383807;3502-008-02;3;ÇITAK;;2 NO'LU AFET VE ACİL DURUM TOPLANMA ALANI;27.054717773447;VATAN
ALİAĞA;;38.922273603583;3502-001-02;3;AŞAĞIŞAKRAN;;2 NO'LU AFET VE ACİL DURUM TOPLANMA ALANI;27.097353279182;11/32
ALİAĞA;;38.79728439458;3502-002-02;3;ATATÜRK;;2 NO'LU AFET VE ACİL DURUM TOPLANMA ALANI;26.967534236367;364
ÖDEMİŞ;;38.110945806132;3524-057-02;998;KONAKLI;;2 NO'LU AFET VE ACİL DURUM TOPLANMA ALANI;27.992585747214;MEHMET KUTLU
BALÇOVA;;38.387682271833;3503-004-02;14;FEVZİ ÇAKMAK;;2 NO'LU AFET VE ACİL DURUM TOPLANMA ALANI;27.042863471394;SAKARYA
BALÇOVA;;38.392966245726;3503-006-02;14;KORUTÜRK;;2 NO'LU AFET VE ACİL DURUM TOPLANMA ALANI;27.043696458064;ORTANCA
NARLIDERE;;38.406766102037;3523-010-02;5;SAHİLEVLERİ;;2 NO'LU AFET VE ACİL DURUM TOPLANMA ALANI;27.009040916624;ŞAİR CAN YÜCEL
NARLIDERE;;38.395678557771;3523-006-02;5;HUZUR;;2 NO'LU AFET VE ACİL DURUM TOPLANMA ALANI;26.992020381343;YAPICILAR
ALİAĞA;;38.703009632639;3502-004-02;3;B.HAYRETTİN PAŞA;;2 NO'LU AFET VE ACİL DURUM TOPLANMA ALANI;27.023385023837;2226
NARLIDERE;;38.396819222028;3523-009-02;5;NARLI;;2 NO'LU AFET VE ACİL DURUM TOPLANMA ALANI;27.004120951562;TÜLAY AKTAŞ
BORNOVA;;38.427617303775;3507-018-02;2;GÜRPINAR;;2 NO'LU AFET VE ACİL DURUM TOPLANMA ALANI;27.271631262992;7048
ÖDEMİŞ;;38.228526049916;3524-070-02;998;OCAKLI;;2 NO'LU AFET VE ACİL DURUM TOPLANMA ALANI;28.010436908368;OCAKLI
BALÇOVA;;38.39417825501;3503-003-02;14;EĞİTİM;;2 NO'LU AFET VE ACİL DURUM TOPLANMA ALANI;27.058610381497;ERTUĞRUL GAZİ
ÖDEMİŞ;;38.222221052306;3524-042-02;998;HÜRRİYET;;2 NO'LU AFET VE ACİL DURUM TOPLANMA ALANI;27.97649008408;ŞEHİT ÖZPOLAT
NARLIDERE;;38.392629434943;3523-004-02;5;ÇAMTEPE;;2 NO'LU AFET VE ACİL DURUM TOPLANMA ALANI;27.007495828116;ÇAĞATAY
MENEMEN;;38.556038405945;3522-001-02;17;30 AĞUSTOS;;2 NO'LU AFET VE ACİL DURUM TOPLANMA ALANI;27.044538173855;7112
ÖDEMİŞ;;38.231019022428;3524-099-02;998;ZAFER;;2 NO'LU AFET VE ACİL DURUM TOPLANMA ALANI;27.994827981443;ŞEHİT TURAN EMEKSİZ
GAZİEMİR;;38.305729521472;3513-014-02;15;SEVGİ;;2 NO'LU AFET VE ACİL DURUM TOPLANMA ALANI;27.140356379262;666
BORNOVA;;38.480687058376;3507-001-02;2;ATATÜRK;;2 NO'LU AFET VE ACİL DURUM TOPLANMA ALANI;27.204248133634;BARBAROS
GAZİEMİR;;38.322421712296;3513-006-02;15;DOKUZ EYLÜL;;2 NO'LU AFET VE ACİL DURUM TOPLANMA ALANI;27.138945102148;ORHANGAZİ
ÖDEMİŞ;;38.23557497562;3524-010-02;998;BENGİSU;;2 NO'LU AFET VE ACİL DURUM TOPLANMA ALANI;27.969376099341;BOZDAĞ
ÖDEMİŞ;;38.025786097168;3524-064-02;998;KÜÇÜKÖREN;;2 NO'LU AFET VE ACİL DURUM TOPLANMA ALANI;27.994055282574;KÜÇÜKÖREN
ÖDEMİŞ;;38.271668759133;3524-038-02;998;DEREUZUNYER;;2 NO'LU AFET VE ACİL DURUM TOPLANMA ALANI;27.937652202249;KANAL
SEFERİHİSAR;;38.200772167723;3525-015-02;12;ORHANLI;;2 NO'LU AFET VE ACİL DURUM TOPLANMA ALANI;26.967920168815;KOCAPINAR
BAYINDIR;;38.221812744588;3504-025-02;7;HACI İBRAHİM;;2 NO'LU AFET VE ACİL DURUM TOPLANMA ALANI;27.645196728292;ALBAY ALPAT
TORBALI;;38.153019610922;3528-006-02;9;ATATÜRK;;2 NO'LU AFET VE ACİL DURUM TOPLANMA ALANI;27.377898281645;1601
SELÇUK;;37.943617538201;3526-006-02;10;CUMHURİYET;;2 NO'LU AFET VE ACİL DURUM TOPLANMA ALANI;27.369647561907;5028
ÖDEMİŞ;;38.169492432585;3524-049-02;998;KAYMAKÇI;;2 NO'LU AFET VE ACİL DURUM TOPLANMA ALANI;28.115334315329;SANAT
ÖDEMİŞ;;38.203128016112;3524-048-02;998;KAYAKÖY;;2 NO'LU AFET VE ACİL DURUM TOPLANMA ALANI;27.829333839431;23 NİSAN
BALÇOVA;;38.381876480664;3503-008-02;14;TELEFERİK;;2 NO'LU AFET VE ACİL DURUM TOPLANMA ALANI;27.057261026042;UZUN HASAN
BALÇOVA;;38.390835713891;3503-007-02;14;ONUR;;2 NO'LU AFET VE ACİL DURUM TOPLANMA ALANI;27.057851159515;ATA
BORNOVA;;38.493837904012;3507-015-02;2;EVKA 4;;2 NO'LU AFET VE ACİL DURUM TOPLANMA ALANI;27.21440243767;1030
NARLIDERE;;38.382955170326;3523-008-02;5;LİMANREİS;;2 NO'LU AFET VE ACİL DURUM TOPLANMA ALANI;26.924791069814;TOLGA
NARLIDERE;;38.395288185214;3523-005-02;5;ÇATALKAYA;;2 NO'LU AFET VE ACİL DURUM TOPLANMA ALANI;26.998054682727;ENDER
SEFERİHİSAR;;38.246851790007;3525-021-02;12;ULAMIŞ;;2 NO'LU AFET VE ACİL DURUM TOPLANMA ALANI;26.841830724046;75. YIL CUMHURİYET
NARLIDERE;;38.395137209013;3523-007-02;5;ILICA;;2 NO'LU AFET VE ACİL DURUM TOPLANMA ALANI;27.021844595404;ARDIÇ
SEFERİHİSAR;;38.192562012814;3525-017-02;12;SIĞACIK;;2 NO'LU AFET VE ACİL DURUM TOPLANMA ALANI;26.785481103671;AKKUM
SEFERİHİSAR;;38.226161884392;3525-008-02;12;DÜZCE;;2 NO'LU AFET VE ACİL DURUM TOPLANMA ALANI;26.828820826396;İZMİR
ÖDEMİŞ;;38.228973010282;3524-068-02;998;MİMAR SİNAN;;2 NO'LU AFET VE ACİL DURUM TOPLANMA ALANI;27.969747107506;LOZAN
KİRAZ;;38.22296825165;3519-053-02;994;YENİ;;2 NO'LU AFET VE ACİL DURUM TOPLANMA ALANI;28.20537997065;MENDERES
ÖDEMİŞ;;38.230494012895;3524-005-02;998;ATATÜRK;;2 NO'LU AFET VE ACİL DURUM TOPLANMA ALANI;27.980804050814;NAMIK KEMAL
FOÇA;;38.650609769241;3512-010-02;4;MAREŞAL FEVZİ ÇAKMAK;;2 NO'LU AFET VE ACİL DURUM TOPLANMA ALANI;26.903099708247;85. YIL CUMHURİYET
FOÇA;;38.740809243761;3512-014-02;4;MUSTAFA KEMAL ATATÜRK;;2 NO'LU AFET VE ACİL DURUM TOPLANMA ALANI;26.841999849482;ORHANGAZİ
GAZİEMİR;;38.304859069801;3513-008-02;15;FATİH;;2 NO'LU AFET VE ACİL DURUM TOPLANMA ALANI;27.158857110012;ATATÜRK
GAZİEMİR;;38.318922223166;3513-003-02;15;ATIFBEY;;2 NO'LU AFET VE ACİL DURUM TOPLANMA ALANI;27.133933117836;63
FOÇA;;38.66540962771;3512-015-02;4;YENİBAĞARASI;;2 NO'LU AFET VE ACİL DURUM TOPLANMA ALANI;26.84209998347;YENİFOÇA
ALİAĞA;;38.801555067897;3502-018-02;3;KAZIM DİRİK;;2 NO'LU AFET VE ACİL DURUM TOPLANMA ALANI;26.963290145164;392
KINIK;;39.086708080704;3518-003-02;996;AŞAĞI;;2 NO'LU AFET VE ACİL DURUM TOPLANMA ALANI;27.380796625812;13 EYLÜL
GAZİEMİR;;38.340525690042;3513-004-02;15;BEYAZEVLER;;2 NO'LU AFET VE ACİL DURUM TOPLANMA ALANI;27.143062816102;516
NARLIDERE;;38.401165400701;3523-002-02;5;ALTIEVLER;;2 NO'LU AFET VE ACİL DURUM TOPLANMA ALANI;26.990811555397;DUMLUPINAR
BALÇOVA;;38.394298186284;3503-001-02;14;BAHÇELERARASI;;2 NO'LU AFET VE ACİL DURUM TOPLANMA ALANI;27.051462056708;MİTHATPAŞA
SEFERİHİSAR;;38.102157273828;3525-016-02;12;PAYAMLI;;2 NO'LU AFET VE ACİL DURUM TOPLANMA ALANI;26.942388939277;PAYAMLI
ALİAĞA;;38.80108001556;3502-020-02;3;KÜLTÜR;;2 NO'LU AFET VE ACİL DURUM TOPLANMA ALANI;26.987224535811;720
ÖDEMİŞ;;38.017038933577;3524-037-02;998;GÜNEY;;2 NO'LU AFET VE ACİL DURUM TOPLANMA ALANI;27.973974010851;GÜNEY
ÖDEMİŞ;;38.314012558098;3524-026-02;998;ÇOBANLAR;;2 NO'LU AFET VE ACİL DURUM TOPLANMA ALANI;27.957843040622;ÇOBANLAR YAYLASI
ÖDEMİŞ;;38.281429418561;3524-021-02;998;ÇAĞLAYAN;;2 NO'LU AFET VE ACİL DURUM TOPLANMA ALANI;27.987345140108;30 AĞUSTOS
ALİAĞA;;38.696675660222;3502-010-02;3;FATİH;;2 NO'LU AFET VE ACİL DURUM TOPLANMA ALANI;27.01928505507;MÜNİR NURETTİN BAYRAV
ALİAĞA;;38.718599490055;3502-005-02;3;BOZKÖY;;2 NO'LU AFET VE ACİL DURUM TOPLANMA ALANI;26.964602285977;BOZKÖY OKUL
BORNOVA;;38.46200820487;3507-025-02;2;KAZIMDİRİK;;2 NO'LU AFET VE ACİL DURUM TOPLANMA ALANI;27.203267942496;206
SEFERİHİSAR;;38.197133121092;;12;TURABİYE;;2 NOLU AFET VE ACİL DURUM TOPLANMA ALANI;26.841950035137;32 Sk.
SEFERİHİSAR;;38.1701900925;;12;AKARCA;;2 NOLU AFET VE ACİL DURUM TOPLANMA ALANI;26.814778117518;2132/1 Sk.
SEFERİHİSAR;;38.193768831133;YENİ EKLENEN;12;HIDIRLIK;;2 NOLU TOPLAMA ALANI;26.845340336069;KOCAÇAY Cd.
KEMALPAŞA;;38.407030537352;;6;ARMUTLU HÜRRİYET;;2 NOLU TOPLANMA ALANI;27.535924874435;YARIŞ Sk.
MENDERES;;38.182361819609;;13;ŞAŞAL;;2 NOLU TOPLANMA ALANI;27.109206699316;7910 Sk.
MENDERES;;38.058917812567;;13;GÜMÜLDÜR FEVZİ ÇAKMAK;;2 NOLU TOPLANMA ALANI;27.015713620882;6201 Sk.
MENDERES;;38.242456141267;;13;ALTINTEPE;;2 NOLU TOPLANMA ALANI;27.143203426638;DUMLUPINAR ŞEHİTLİK Sk.
ALİAĞA;;38.88259854083;;3;ŞAKRAN HASBİ EFENDİ;;2 NOLU TOPLANMA ALANI;27.069136178531;3331 Sk.
ALİAĞA;;38.789086239608;;3;YENİ;;2 NOLU TOPLANMA ALANI;26.979969421914;623 Sk.
MENDERES;;38.109797036133;;13;ÇAMÖNÜ;;2 NOLU TOPLANMA ALANI;27.155294984885;12/1 Sk.
ALİAĞA;;38.782983356641;;3;ÖRNEKKENT;;2 NOLU TOPLANMA ALANI;26.985832712833;1042 Sk.
MENDERES;;38.204599283167;;13;DEVELİ;;2 NOLU TOPLANMA ALANI;27.168260560282;9121 Sk.
BAYINDIR;;38.165052848264;;7;NECATİ UZA;;2 NOLU TOPLANMA ALANI;27.487500898337;2 KümeEvleri
KEMALPAŞA;;38.427913386297;;6;YEŞİLYURT;;2 NOLU TOPLANMA ALNI;27.67393990507;YEŞİLYURT YOLU KümeEvleri
BAYRAKLI;;38.464286138809;3530-013-20;11;MANAVKUYU;;20 NO?LU AFET VE ACİL DURUM TOPLANMA ALANI;27.189100785674;YÜZBAŞI İBRAHİM HAKKI Cd.
BAYRAKLI;;38.466621474992;3530-013-21;11;MANAVKUYU;;22 NO?LU AFET VE ACİL DURUM TOPLANMA ALANI;27.197619435226;YÜZBAŞI İBRAHİM HAKKI Cd.
TORBALI;;38.155123680879;3528-033-03;9;KARŞIYAKA;;3 NO LU AFET VE ACİL DURUM  TOPLANMA ALANI;27.381511276393;7318 Sk.
TORBALI;;38.110261608483;3528-001-03;9;19 MAYIS;;3 NO LU AFET VE ACİL DURUM  TOPLANMA ALANI;27.430627711798;126 Sk.
KARABAĞLAR;;38.37650953746;3531-045-03;19;SELVİLİ;;3 NO LU AFET VE ACİL DURUM TOPLANMA ALANI;27.128837361828;4139 Sk.
MENEMEN;;38.64116565729;3522-034-03;17;HAYKIRAN;;3 NO LU AFET VE ACİL DURUM TOPLANMA ALANI;27.117319563113;807 Sk.
MENEMEN;;38.604135347669;3522-060-03;17;VİLLAKENT;;3 NO LU AFET VE ACİL DURUM TOPLANMA ALANI;26.915833081617;5130 Sk.
BAYRAKLI;;38.468805483559;3530-010-03;11;FUAT EDİP BAKSI;;3 NO LU AFET VE ACİL DURUM TOPLANMA ALANI;27.157193378278;ZEKİ YAVAŞ Sk.
BAYRAKLI;;38.469170868687;3530-011-03;11;TURAN;;3 NO LU AFET VE ACİL DURUM TOPLANMA ALANI;27.141041195297;7000 Sk.
BAYRAKLI;;38.458875939221;3530-002-03;11;ADALET;;3 NO LU AFET VE ACİL DURUM TOPLANMA ALANI;27.17551815588;1586/17 Sk.
ÇEŞME;;38.331905126843;3509-025-03;1001;YALI;;3 NO LU AFET VE ACİL DURUM TOPLANMA ALANI;26.424932765266;6191 Sk.
ÇEŞME;;38.298485873599;3509-002-03;1001;ALAÇATI;;3 NO LU AFET VE ACİL DURUM TOPLANMA ALANI;26.364390310023;14000 Sk.
MENEMEN;;38.601320454905;3522-058-05;17;UĞUR MUMCU;;3 NO LU AFET VE ACİL DURUM TOPLANMA ALANI;27.088051511242;1295 Sk.
BAYRAKLI;;38.467226291141;3530-018-04;11;OSMANGAZİ;;3 NO LU AFET VE ACİL DURUM TOPLANMA ALANI;27.193285005991;574/8 Sk.
BAYRAKLI;;38.46252199224;3530-013-03;11;MANAVKUYU;;3 NO LU AFET VE ACİL DURUM TOPLANMA ALANI;27.188864755421;275/4 Sk.
ÇİĞLİ;;38.530234066487;3510-017-03;16;İNÖNÜ;;3 NO LU AFET VE ACİL DURUM TOPLANMA ALANI;27.042212908533;9508 Sk.
ÇEŞME;;38.3215947028;3509-006-03;1001;BOYALIK;;3 NO LU AFET VE ACİL DURUM TOPLANMA ALANI;26.336597356439;3256 Sk.
ÇEŞME;;38.270947523608;3509-022-03;1001;ŞEHİT MEHMET;;3 NO LU AFET VE ACİL DURUM TOPLANMA ALANI;26.235355299115;412 Sk.
ÇEŞME;;38.346109957186;3509-013-03;1001;GERMİYAN;;3 NO LU AFET VE ACİL DURUM TOPLANMA ALANI;26.452012185107;27036 Sk.
KINIK;;39.084708462917;3518-029-03;996;OSMANİYE;;3 NO LU AFET VE ACİL DURUM TOPLANMA ALANI;27.378768540446;DELEZ YOLU Sk.
BAYRAKLI;;38.465714204061;3530-022-03;11;TEPEKULE;;3 NO LU AFET VE ACİL DURUM TOPLANMA ALANI;27.168351317512;ŞEHİT HAKAN UYSAL Sk.
ÇİĞLİ;;38.496209579956;3510-027-03;16;YENİ MAHALLE;;3 NO LU AFET VE ACİL DURUM TOPLANMA ALANI;27.048199627897;8200/5 Sk.
GÜZELBAHÇE;;38.372307928817;3514-009-03;1;SİTELER;;3 NO LU AFET VE ACİL DURUM TOPLANMA ALANI;26.858815373944;MİTHATPAŞA Cd.
ÇEŞME;;38.316047529652;3509-018-03;1001;MUSALLA;;3 NO LU AFET VE ACİL DURUM TOPLANMA ALANI;26.307254147547;1067 Sk.
GÜZELBAHÇE;;38.339732073486;3514-007-03;1;MUSTAFA KEMAL PAŞA;;3 NO LU AFET VE ACİL DURUM TOPLANMA ALANI;26.869812432893;MAREŞAL FEVZİ ÇAKMAK Cd.
BEYDAĞ;;38.08840780717;3506-004-03;993;ATATÜRK;;3 NO LU AFET VE ACİL DURUM TOPLANMA ALANI;28.210379581131;LAVANTA Sk.
BAYINDIR;;38.224312411424;3504-045-01;7;CAMİİ;;3 NO LU AFET VE ACİL DURUM TOPLANMA ALANI;27.647697618217;KALAYCILAR Sk.
ÇEŞME;;38.316569538155;3509-023-03;1001;ŞİFNE;;3 NO LU AFET VE ACİL DURUM TOPLANMA ALANI;26.397177434403;6478 Sk.
ÇEŞME;;38.382707320885;3509-014-03;1001;ILDIR;;3 NO LU AFET VE ACİL DURUM TOPLANMA ALANI;26.475797827497;30001 Sk.
ÇEŞME;;38.358768032661;3509-008-03;1001;CUMHURİYET;;3 NO LU AFET VE ACİL DURUM TOPLANMA ALANI;26.285935976245;3394 Sk.
ÇEŞME;;38.327326586705;3509-004-03;1001;ALTINYUNUS;;3 NO LU AFET VE ACİL DURUM TOPLANMA ALANI;26.341570136208;3400 Sk.
BAYRAKLI;;38.482664244669;3530-017-03;11;ORG.NAFİZ GÜRMAN;;3 NO LU AFET VE ACİL DURUM TOPLANMA ALANI;27.139555236025;7171 Sk.
BAYRAKLI;;38.480287422944;3530-019-03;11;POSTACILAR;;3 NO LU AFET VE ACİL DURUM TOPLANMA ALANI;27.120168329666;1844/16 Sk.
ÇEŞME;;38.33472429031;3509-021-03;1001;SAKARYA;;3 NO LU AFET VE ACİL DURUM TOPLANMA ALANI;26.305993480334;3073 Sk.
ÇEŞME;;38.325070887527;3509-016-03;1001;İSMET İNÖNÜ;;3 NO LU AFET VE ACİL DURUM TOPLANMA ALANI;26.310639061296;2051 Sk.
MENDERES;4;38.267730853257;3521-021-03;13;GAZİPAŞA;;3 NO LU AFET VE ACİL DURUM TOPLANMA ALANI;27.145134565105;752 Sk.
MENDERES;;38.016283138566;3521-014-03;13;ÇUKURALTI;;3 NO LU AFET VE ACİL DURUM TOPLANMA ALANI;27.1046874774;2342 Sk.
ÖDEMİŞ;;38.219247028817;3524-087-03;998;UMURBEY;;3 NO LU AFET VE ACİL DURUM TOPLANMA ALANI;27.973718514849;SANAYİ SİTESİ ŞEREF USTA Cd.
KEMALPAŞA;;38.412621265733;3517-037-03;6;SARILAR;;3 NO LU AFET VE ACİL DURUM TOPLANMA ALANI;27.65653247845;BEYLER YOLU KümeEvleri
KONAK;;38.435146952606;3520-010-03;21;MİMAR SİNAN;;3 NO LU AFET VE ACİL DURUM TOPLANMA ALANI;27.148202715269;1420/1 Sk.
BUCA;;38.377842668279;3508-020-03;8;FIRAT;;3 NO LU AFET VE ACİL DURUM TOPLANMA ALANI;27.157622682914;270/12 Sk.
KARABAĞLAR;;38.39963975444;3531-009-03;19;BAHÇELİEVLER;;3 NO LU AFET VE ACİL DURUM TOPLANMA ALANI;27.118033438759;9165/4 Sk.
KARŞIYAKA;;38.460119256947;3516-002-03;20;ALAYBEY;;3 NO LU AFET VE ACİL DURUM TOPLANMA ALANI;27.125060688831;1680 Sk.
KEMALPAŞA;;38.464269670565;3517-012-03;6;ÇAMBEL;;3 NO LU AFET VE ACİL DURUM TOPLANMA ALANI;27.517498098595;ÇAMBEL MAH. YOLU KümeEvleri
KARABAĞLAR;;38.371761484214;3531-056-03;19;YUNUS EMRE;;3 NO LU AFET VE ACİL DURUM TOPLANMA ALANI;27.13224912266;4163 Sk.
KARŞIYAKA;;38.459262320971;3516-019-03;20;BOSTANLI;;3 NO LU AFET VE ACİL DURUM TOPLANMA ALANI;27.105266086268;1775 Sk.
ÇİĞLİ;;38.50261614045;3510-026-03;16;YAKAKENT;;3 NO LU AFET VE ACİL DURUM TOPLANMA ALANI;27.076684535105;8186/1 Sk.
BORNOVA;;38.464151747396;3507-025-03;2;KAZIMDİRİK;;3 NO LU AFET VE ACİL DURUM TOPLANMA ALANI;27.206653074421;198 Sk.
KARABAĞLAR;;38.397949680047;3531-012-03;19;BASIN SİTESİ;;3 NO LU AFET VE ACİL DURUM TOPLANMA ALANI;27.096264741934;250 Sk.
FOÇA;;38.667209612692;3512-005-04;4;FEVZİPAŞA;;3 NO LU AFET VE ACİL DURUM TOPLANMA ALANI;26.755700518084;211 Sk.
DİKİLİ;;38.941811934367;3511-005-03;995;ÇANDARLI;;3 NO LU AFET VE ACİL DURUM TOPLANMA ALANI;26.931931021956;FERHAT UYSAL Cd.
URLA;;38.335642145666;3529-033-03;18;YENİCE;;3 NO LU AFET VE ACİL DURUM TOPLANMA ALANI;26.793917034639;KEKLİKTEPE Cd.
KEMALPAŞA;;38.482878633486;3517-024-03;6;ULUCAK İSTİKLAL;;3 NO LU AFET VE ACİL DURUM TOPLANMA ALANI;27.361431828183;MUSTAFA İSMET İNÖNÜ Cd.
KARABAĞLAR;;38.387703431956;3531-048-03;19;TAHSİN YAZICI;;3 NO LU AFET VE ACİL DURUM TOPLANMA ALANI;27.105319851737;9313 Sk.
KEMALPAŞA;;38.414790119482;3517-001-03;6;BAĞYURDU 29 EKİM;;3 NO LU AFET VE ACİL DURUM TOPLANMA ALANI;27.637226030104;TURGUTLU Cd.
KARŞIYAKA;;38.466167783844;3516-005-03;20;BAHÇELİEVLER;;3 NO LU AFET VE ACİL DURUM TOPLANMA ALANI;27.128290042154;1851/10 Sk.
KEMALPAŞA;;38.43115942122;3517-038-03;6;SEKİZ EYLÜL;;3 NO LU AFET VE ACİL DURUM TOPLANMA ALANI;27.412313164987;102 Sk.
KARABURUN;;38.500029575592;3515-010-03;1000;MORDOĞAN;;3 NO LU AFET VE ACİL DURUM TOPLANMA ALANI;26.60923147874;ŞEHİT SÜLEYMAN AŞKIN Sk.
DİKİLİ;;39.079332123542;3511-003-03;995;CUMHURİYET;;3 NO LU AFET VE ACİL DURUM TOPLANMA ALANI;26.895173960563;345 Sk.
KARŞIYAKA;;38.482378646704;3516-008-03;20;CUMHURİYET;;3 NO LU AFET VE ACİL DURUM TOPLANMA ALANI;27.091983813898;6705 Sk.
NARLIDERE;;38.394418002003;3523-009-03;5;ÇATALKAYA;;3 NO LU AFET VE ACİL DURUM TOPLANMA ALANI;27.002264520379;KOÇYİĞİT Sk.
TİRE;;38.094837340426;3527-043-03;997;HÜRRİYET;;3 NO LU AFET VE ACİL DURUM TOPLANMA ALANI;27.727857913599;İSTASYON
BUCA;;38.395132911344;3508-006-03;8;BARIŞ;;3 NO LU AFET VE ACİL DURUM TOPLANMA ALANI;27.164725107849;355 Sk.
KEMALPAŞA;;38.461194953409;3517-004-03;6;AKALAN;;3 NO LU AFET VE ACİL DURUM TOPLANMA ALANI;27.483734623702;1518 Sk.
BUCA;;38.39696597346;3508-035-03;8;MENDERES;;3 NO LU AFET VE ACİL DURUM TOPLANMA ALANI;27.165969643539;İSTİKLAL Cd.
KARABAĞLAR;;38.387093709178;3531-020-03;19;ESENTEPE;;3 NO LU AFET VE ACİL DURUM TOPLANMA ALANI;27.07587202711;52/78 Sk.
KARABAĞLAR;;38.360548233094;3531-057-03;19;YURDOĞLU;;3 NO LU AFET VE ACİL DURUM TOPLANMA ALANI;27.09417269284;3945 Sk.
ÇİĞLİ;;38.496184432781;3510-002-03;16;AHMET TANER KIŞLALI;;3 NO LU AFET VE ACİL DURUM TOPLANMA ALANI;27.089247950719;6794/4
KARABAĞLAR;;38.389599716455;3531-053-03;19;ESENTEPE;;3 NO LU AFET VE ACİL DURUM TOPLANMA ALANI;27.072709714213;14/4 Sk.
ÇİĞLİ;;38.511935200329;3510-007-03;16;BALATÇIK;;3 NO LU AFET VE ACİL DURUM TOPLANMA ALANI;27.040034997157;8788/6 Sk.
KEMALPAŞA;;38.497612187341;3517-015-03;6;DAMLACIK;;3 NO LU AFET VE ACİL DURUM TOPLANMA ALANI;27.379193304097;9520 Sk.
URLA;;38.362112679081;3529-017-03;18;KALABAK;;3 NO LU AFET VE ACİL DURUM TOPLANMA ALANI;26.82151141581;3044 Sk.
TORBALI;;38.166916899147;3528-003-03;9;ALPKENT;;3 NO LU AFET VE ACİL DURUM TOPLANMA ALANI;27.353144357822;1006 Sk.
KARŞIYAKA;;38.456825938311;3516-007-03;20;BOSTANLI;;3 NO LU AFET VE ACİL DURUM TOPLANMA ALANI;27.105673784155;1735 Sk.
ÇİĞLİ;;38.48339483041;3510-004-03;16;ATAŞEHİR;;3 NO LU AFET VE ACİL DURUM TOPLANMA ALANI;27.067404170965;8273 Sk.
BUCA;;38.365545252375;3508-015-03;8;ÇAMLIPINAR;;3 NO LU AFET VE ACİL DURUM TOPLANMA ALANI;27.161012998835;293/31 Sk.
BUCA;;38.370306344734;3508-014-03;8;ÇAMLIKULE;;3 NO LU AFET VE ACİL DURUM TOPLANMA ALANI;27.170990758514;220/46 Sk.
KARŞIYAKA;;38.468536631528;3516-009-03;20;DEDEBAŞI;;3 NO LU AFET VE ACİL DURUM TOPLANMA ALANI;27.110083293908;ANADOLU Cd.
BUCA;;38.4010271525;3508-027-02;8;ŞİRİNKAPI;;3 NO LU AFET VE ACİL DURUM TOPLANMA ALANI;27.186906855829;1060/1 Sk.
KEMALPAŞA;;38.43128127502;3517-013-03;6;ÇINARKÖY;;3 NO LU AFET VE ACİL DURUM TOPLANMA ALANI;27.401723856219;5003 Sk.
KEMALPAŞA;;38.47550863179;3517-011-03;6;ULUCAK CUMHURİYET;;3 NO LU AFET VE ACİL DURUM TOPLANMA ALANI;27.357220793006;107 Sk.
KEMALPAŞA;;38.41707663879;3517-039-03;6;SİNANCILAR;;3 NO LU AFET VE ACİL DURUM TOPLANMA ALANI;27.664793634412;SİNANCILAR KÖY YOLU KümeEvleri
KİRAZ;;38.248035284105;3519-027-03;994;KARABURÇ;;3 NO LU AFET VE ACİL DURUM TOPLANMA ALANI;28.302319684673;BAĞARASI KümeEvleri
KARABAĞLAR;;38.397445214328;3531-016-03;19;ÇALIKUŞU;;3 NO LU AFET VE ACİL DURUM TOPLANMA ALANI;27.129556154883;3205 Sk.
KARABAĞLAR;;38.371139020488;3531-017-03;19;DEVRİM;;3 NO LU AFET VE ACİL DURUM TOPLANMA ALANI;27.112744197249;3771/14 Sk.
BUCA;;38.386320116166;3508-032-03;8;KOZAĞAÇ;;3 NO LU AFET VE ACİL DURUM TOPLANMA ALANI;27.163888277628;HAYRETTİN PAŞA Cd.
TORBALI;;38.239338447605;3528-027-03;9;İNÖNÜ;;3 NO LU AFET VE ACİL DURUM TOPLANMA ALANI;27.268837470422;144
TORBALI;;38.246180642221;3528-007-03;9;AYRANCILAR;;3 NO LU AFET VE ACİL DURUM TOPLANMA ALANI;27.28058547566;90/7 Sk.
URLA;;38.349206622976;3529-023-03;18;ÖZBEK;;3 NO LU AFET VE ACİL DURUM TOPLANMA ALANI;26.676780166343;6213 Sk.
TORBALI;;38.142906615015;3528-037-03;9;MURATBEY;;3 NO LU AFET VE ACİL DURUM TOPLANMA ALANI;27.363293824262;3570 Sk.
ÖDEMİŞ;;38.231059392619;3524-045-02;998;AKINCILAR;;3 NO LU AFET VE ACİL DURUM TOPLANMA ALANI;27.971427902308;GAZİ Cd.
KARABAĞLAR;;38.391870200645;3531-040-03;19;POLİGON;;3 NO LU AFET VE ACİL DURUM TOPLANMA ALANI;27.084699124753;123 Sk.
KONAK;;38.405710154648;3520-079-03;21;MURAT REİS;;3 NO LU AFET VE ACİL DURUM TOPLANMA ALANI;27.112025310266;188 Sk.
KARŞIYAKA;;38.467091799363;3516-013-03;20;GONCALAR;;3 NO LU AFET VE ACİL DURUM TOPLANMA ALANI;27.109439569405;GİRNE Blv.
TİRE;;38.088496030656;3527-046-03;997;İBNİ MELEK;;3 NO LU AFET VE ACİL DURUM TOPLANMA ALANI;27.724253052358;ŞHT. YZB. GÜLTEKİN BAŞARGAN Cd.
KEMALPAŞA;;38.415958494587;3517-003-04;6;ARMUTLU 85.YIL CUMHURİYET;;3 NO LU AFET VE ACİL DURUM TOPLANMA ALANI;27.5358873095;SANAYİ Cd.
MENEMEN;;38.600163369771;3522-058-03;17;UĞUR MUMCU;;3 NO LU AFET VE ACİL DURUM TOPLANMA ALANI;27.088282182066;1265 Sk.
KEMALPAŞA;;38.406181398902;3517-023-02;6;ARMUTLU HÜRRİYET;;3 NO LU AFET VE ACİL DURUM TOPLANMA ALANI;27.535592283518;DERELİ Sk.
KEMALPAŞA;;38.41598380752;3517-043-03;6;BAĞYURDU YENİ;;3 NO LU AFET VE ACİL DURUM TOPLANMA ALANI;27.632414169079;GARDELYA Sk.
BUCA;;38.372493317059;3508-045-03;8;YILDIZ;;3 NO LU AFET VE ACİL DURUM TOPLANMA ALANI;27.178543817696;242/16 Sk.
KARABAĞLAR;;38.377049915803;3531-027-02;19;GÜNALTAY;;3 NO LU AFET VE ACİL DURUM TOPLANMA ALANI;27.115429065052;4858 Sk.
URLA;;38.322226416136;3529-027-03;18;TORASAN;;3 NO LU AFET VE ACİL DURUM TOPLANMA ALANI;26.711503918245;607
KARABAĞLAR;;38.389524078063;3531-031-03;19;KAZIM KARABEKİR;;3 NO LU AFET VE ACİL DURUM TOPLANMA ALANI;27.115694581304;9184 Sk.
KARŞIYAKA;;38.461547386738;3516-003-03;20;ATAKENT;;3 NO LU AFET VE ACİL DURUM TOPLANMA ALANI;27.087456303159;CENGİZ TOPEL Cd.
KARABAĞLAR;;38.393627671016;3531-021-03;19;ESENYALI;;3 NO LU AFET VE ACİL DURUM TOPLANMA ALANI;27.090546308213;119/2 Sk.
URLA;;38.325618492582;3529-013-03;18;HACI İSA;;3 NO LU AFET VE ACİL DURUM TOPLANMA ALANI;26.764627477036;YAVUZ Sk.
KEMALPAŞA;;38.458422539719;3517-051-03;6;AŞAĞI YENMİŞ;;3 NO LU AFET VE ACİL DURUM TOPLANMA ALANI;27.438062199513;KOCATEPE Cd.
URLA;;38.399286211663;3529-012-03;18;GÜVENDİK;;3 NO LU AFET VE ACİL DURUM TOPLANMA ALANI;26.745873434449;168 Sk.
KEMALPAŞA;;38.481035146728;3517-032-03;6;ULUCAK MUSTAFA KEMAL ATATÜRK;;3 NO LU AFET VE ACİL DURUM TOPLANMA ALANI;27.353331600159;200/1 Sk.
ÇİĞLİ;;38.49400118373;3510-020-03;16;KÖYİÇİ;;3 NO LU AFET VE ACİL DURUM TOPLANMA ALANI;27.062908792821;8072 Sk.
BUCA;;38.376446518102;3508-004-03;8;ATATÜRK;;3 NO LU AFET VE ACİL DURUM TOPLANMA ALANI;27.18809242747;202/42 Sk.
ÇEŞME;;38.369068888296;3509-024-03;1001;ÜNİVERSİTE;;3 NO LU AFET VE ACİL DURUM TOPLANMA ALANI;26.311223696745;4403 Sk.
GÜZELBAHÇE;;38.364110681589;3514-003-03;1;ÇELEBİ;;3 NO LU AFET VE ACİL DURUM TOPLANMA ALANI;26.881952007384;488 Sk.
URLA;;38.320521997205;3529-033-02;18;YELALTI;;3 NO LU AFET VE ACİL DURUM TOPLANMA ALANI;26.771912329166;TOPALTI Sk.
GÜZELBAHÇE;;38.335802117952;3514-012-03;1;YELKİ;;3 NO LU AFET VE ACİL DURUM TOPLANMA ALANI;26.864340760833;2362 Sk.
BAYRAKLI;;38.47355973721;3530-009-03;11;ORG.NAFİZ GÜRMAN;;3 NO LU AFET VE ACİL DURUM TOPLANMA ALANI;27.130543073979;1660 Sk.
KINIK;;39.092015766719;3518-037-03;996;YENİ;;3 NO LU AFET VE ACİL DURUM TOPLANMA ALANI;27.381472181779;KIYI Sk.
BAYRAKLI;;38.475995604274;3530-020-03;11;R.ŞEVKET İNCE;;3 NO LU AFET VE ACİL DURUM TOPLANMA ALANI;27.177642426015;2166 Sk.
KEMALPAŞA;;38.408695210797;3517-002-03;6;ÖREN 75.YIL CUMHURİYET;;3 NO LU AFET VE ACİL DURUM TOPLANMA ALANI;27.592460192957;BİLGE Sk.
KARŞIYAKA;;38.497141678535;3516-018-03;20;MUSTAFA KEMAL;;3 NO LU AFET VE ACİL DURUM TOPLANMA ALANI;27.096919028754;6753/21 Sk.
ÇEŞME;;38.350842702003;3509-011-03;1001;DALYAN;;3 NO LU AFET VE ACİL DURUM TOPLANMA ALANI;26.30828940926;4004 Sk.
KARŞIYAKA;;38.457628277479;3516-006-03;20;AKSOY;;3 NO LU AFET VE ACİL DURUM TOPLANMA ALANI;27.109407399155;1671 Sk.
ÇEŞME;;38.290183346961;3509-019-03;1001;OVACIK;;3 NO LU AFET VE ACİL DURUM TOPLANMA ALANI;26.313117475823;7047 Sk.
BUCA;;38.370684848858;3508-044-03;8;YEŞİLBAĞLAR;;3 NO LU AFET VE ACİL DURUM TOPLANMA ALANI;27.157837270597;292/34 Sk.
BAYRAKLI;;38.481589222463;3530-016-03;11;ONUR;;3 NO LU AFET VE ACİL DURUM TOPLANMA ALANI;27.127914508583;7334 Sk.
ÇİĞLİ;;38.504511522841;3510-009-03;16;ÇAĞDAŞ;;3 NO LU AFET VE ACİL DURUM TOPLANMA ALANI;27.059220755711;8823 Sk.
ÇİĞLİ;;38.511607804251;3510-011-03;16;ESENTEPE;;3 NO LU AFET VE ACİL DURUM TOPLANMA ALANI;27.050645763886;8809 Sk.
GÜZELBAHÇE;;38.382077055266;3514-006-03;1;MALTEPE;;3 NO LU AFET VE ACİL DURUM TOPLANMA ALANI;26.919234494675;20 Sk.
BORNOVA;;38.438138847746;3507-026-03;2;KEMALPAŞA;;3 NO LU AFET VE ACİL DURUM TOPLANMA ALANI;27.281389818071;7420 Sk.
KEMALPAŞA;;38.44060956297;3517-029-03;6;KIZILÜZÜM;;3 NO LU AFET VE ACİL DURUM TOPLANMA ALANI;27.36759558311;KIZILÜZÜM KÖY YOLU KümeEvleri
KARŞIYAKA;;38.473895696205;3516-014-03;20;İMBATLI;;3 NO LU AFET VE ACİL DURUM TOPLANMA ALANI;27.110759198098;6072 Sk.
KARŞIYAKA;;38.472198937711;3516-017-03;20;MAVİŞEHİR;;3 NO LU AFET VE ACİL DURUM TOPLANMA ALANI;27.068423424497;OPERA Cd.
ÇİĞLİ;;38.492842393536;3510-006-03;16;AYDINLIKEVLER;;3 NO LU AFET VE ACİL DURUM TOPLANMA ALANI;27.084956443333;6796/1 Sk.
TORBALI;;38.144712303752;3528-051-03;9;TEPEKÖY;;3 NO LU AFET VE ACİL DURUM TOPLANMA ALANI;27.365031884031;4541 Sk.
MENDERES;;38.25858242611;3521-022-03;13;GÖLCÜKLER;;3 NO LU AFET VE ACİL DURUM TOPLANMA ALANI;27.147730945704;1025 Sk.
MENDERES;;38.263552690296;3521-032-03;13;KASIMPAŞA;;3 NO LU AFET VE ACİL DURUM TOPLANMA ALANI;27.128354756823;260 Sk.
BEYDAĞ;;38.088663242522;3506-007-03;993;CUMHURİYET;;3 NO LU AFET VE ACİL DURUM TOPLANMA ALANI;28.209167228123;2 EYLÜL KURTULUŞ PARKI Sk.
BAYRAKLI;;38.454456775183;3530-014-03;11;MANSUROĞLU;;3 NO LU AFET VE ACİL DURUM TOPLANMA ALANI;27.190146858508;269/12
KEMALPAŞA;;38.396680440389;3517-006-03;6;AŞAĞIKIZILCA;;3 NO LU AFET VE ACİL DURUM TOPLANMA ALANI;27.515170060632;2002 Sk.
BUCA;;38.388733633109;3508-025-03;8;İNKILAP;;3 NO LU AFET VE ACİL DURUM TOPLANMA ALANI;27.147301575837;531 Sk.
KARŞIYAKA;;38.489105537889;3516-027-03;20;ZÜBEYDE HANIM;;3 NO LU AFET VE ACİL DURUM TOPLANMA ALANI;27.108699245919;7448/18 Sk.
URLA;;38.366726799238;3529-035-03;18;ZEYTİNALANI;;3 NO LU AFET VE ACİL DURUM TOPLANMA ALANI;26.841043155848;4171
KEMALPAŞA;;38.424708730185;3517-040-03;6;SOĞUKPINAR;;3 NO LU AFET VE ACİL DURUM TOPLANMA ALANI;27.425573950916;271 Sk.
KEMALPAŞA;;38.457901670234;3517-041-03;6;SÜTÇÜLER;;3 NO LU AFET VE ACİL DURUM TOPLANMA ALANI;27.449638557047;AKEVLER Cd.
MENEMEN;;38.613129185851;3522-048-03;17;MERMERLİ;;3 NO LU AFET VE ACİL DURUM TOPLANMA ALANI;27.069876932437;1417 Sk.
BAYRAKLI;;38.495143261559;3530-012-03;11;KÖRFEZ;;3 NO LU AFET VE ACİL DURUM TOPLANMA ALANI;27.135928886286;7383/3 Sk.
KEMALPAŞA;;38.427717710148;3517-007-03;6;ATATÜRK;;3 NO LU AFET VE ACİL DURUM TOPLANMA ALANI;27.406015375104;TEPEEVLER 1.ÇIKMAZI Sk.
GÜZELBAHÇE;;38.376576574046;3514-011-03;1;YALI;;3 NO LU AFET VE ACİL DURUM TOPLANMA ALANI;26.894129153537;85 Sk.
BUCA;;38.37708570652;3508-043-03;8;YENİGÜN;;3 NO LU AFET VE ACİL DURUM TOPLANMA ALANI;27.158545359478;292/42 Sk.
MENDERES;;38.246197336211;3521-006-03;13;BARBAROS;;3 NO LU AFET VE ACİL DURUM TOPLANMA ALANI;27.12749648338;415 Sk.
ÇİĞLİ;;38.536830601133;3510-008-03;16;CUMHURİYET;;3 NO LU AFET VE ACİL DURUM TOPLANMA ALANI;27.053488847929;9600 Sk.
ÇEŞME;;38.343051204023;3509-005-03;1001;ARDIÇ;;3 NO LU AFET VE ACİL DURUM TOPLANMA ALANI;26.38637886564;5415 Sk.
KONAK;;38.42943203847;3520-045-03;21;HALKAPINAR;;3 NO LU AFET VE ACİL DURUM TOPLANMA ALANI;27.17036838978;1443 Sk.
URLA;;38.328522208458;3529-034-03;18;YENİKENT;;3 NO LU AFET VE ACİL DURUM TOPLANMA ALANI;26.76960562681;YAĞMUR Sk.
KARŞIYAKA;;38.485385257185;3516-020-03;20;ÖRNEKKÖY;;3 NO LU AFET VE ACİL DURUM TOPLANMA ALANI;27.106317462489;7532 Sk.
ÇİĞLİ;;38.498359183482;3510-012-03;16;EVKA-2;;3 NO LU AFET VE ACİL DURUM TOPLANMA ALANI;27.081941645945;6851 Sk.
URLA;;38.383123921734;3529-010-03;18;DENİZLİ;;3 NO LU AFET VE ACİL DURUM TOPLANMA ALANI;26.744457264043;HARBİYE Cd.
URLA;;38.320850259263;3529-025-03;18;SIRA;;3 NO LU AFET VE ACİL DURUM TOPLANMA ALANI;26.760673929277;1.ONDEĞİRMENLER Sk.
BAYINDIR;;38.213860353349;3504-048-01;7;SADIKPAŞA;;3 NO LU AFET VE ACİL DURUM TOPLANMA ALANI;27.644419991327;BAHADIR Cd.
URLA;;38.369712982706;3529-008-03;18;ÇAMLIÇAY;;3 NO LU AFET VE ACİL DURUM TOPLANMA ALANI;26.845302477171;5172 Sk.
BAYRAKLI;;38.479388754532;3530-021-03;11;SOĞUKKUYU;;3 NO LU AFET VE ACİL DURUM TOPLANMA ALANI;27.121402141207;1844/7 Sk.
SELÇUK;;37.956212137928;3526-013-03;10;ZAFER;;3 NO LU AFET VE ACİL DURUM TOPLANMA ALANI;27.375197706194;3032 Sk.
SEFERİHİSAR;;38.202558654004;3525-004-04;12;CAMİKEBİR;;3 NO LU AFET VE ACİL DURUM TOPLANMA ALANI;26.831199786241;84/17 Sk.
KINIK;;39.09188254313;3518-016-03;996;FATİH;;3 NO LU AFET VE ACİL DURUM TOPLANMA ALANI;27.389438304484;LALE Sk.
KARABAĞLAR;;38.393198797497;3531-022-03;19;FAHRETTİN ALTAY;;3 NO LU AFET VE ACİL DURUM TOPLANMA ALANI;27.069153116691;2/2 Sk.
KARABAĞLAR;;38.381829154624;3531-003-03;19;ALİ FUAT CEBESOY;;3 NO LU AFET VE ACİL DURUM TOPLANMA ALANI;27.106682417067;9593 Sk.
KONAK;;38.440037909705;3520-100-03;21;UMURBEY;;3 NO LU AFET VE ACİL DURUM TOPLANMA ALANI;27.15049866649;LİMAN Cd.
MENDERES;;38.046752306075;3521-041-03;13;ORTA;;3 NO LU AFET VE ACİL DURUM TOPLANMA ALANI;27.059326138319;1208 Sk.
MENDERES;;38.255018772735;3521-038-03;13;MİTHATPAŞA;;3 NO LU AFET VE ACİL DURUM TOPLANMA ALANI;27.14492001075;537/2 Sk.
KARŞIYAKA;;38.46862901921;3516-010-03;20;DEMİRKÖPRÜ;;3 NO LU AFET VE ACİL DURUM TOPLANMA ALANI;27.097401872617;6179/1 Sk.
SELÇUK;;37.951580445313;3526-010-06;10;İSA BEY;;3 NO LU AFET VE ACİL DURUM TOPLANMA ALANI;27.372231205493;TABAK Cd.
URLA;;38.306720410879;3529-014-03;18;İÇMELER;;3 NO LU AFET VE ACİL DURUM TOPLANMA ALANI;26.691006607769;1084 Sk.
URLA;;38.352218898336;3529-002-03;18;ATATÜRK;;3 NO LU AFET VE ACİL DURUM TOPLANMA ALANI;26.79689960677;2220 Sk.
KINIK;;39.080277843543;3518-035-03;996;YAYAKENT;;3 NO LU AFET VE ACİL DURUM TOPLANMA ALANI;27.311493705182;ŞEHİT Sk.
KEMALPAŞA;;38.387388477758;3517-049-03;6;YUKARIKIZILCA MERKEZ;;3 NO LU AFET VE ACİL DURUM TOPLANMA ALANI;27.500557473378;ULU ÖNDER ATATÜRK Cd.
TORBALI;;38.153318232427;3528-022-03;9;ERTUĞRUL;;3 NO LU AFET VE ACİL DURUM TOPLANMA ALANI;27.362392589816;3035 Sk.
DİKİLİ;;39.167608523575;3511-024-03;995;SALİHLER;;3 NO LU AFET VE ACİL DURUM TOPLANMA ALANI;26.809558100784;HALK EĞİTİMCİLER 3 Sk.
KARŞIYAKA;;38.462051471217;3516-004-03;20;BAHARİYE;;3 NO LU AFET VE ACİL DURUM TOPLANMA ALANI;27.117346690808;1872 Sk.
BUCA;;38.370541885652;3508-033-03;8;KURUÇEŞME;;3 NO LU AFET VE ACİL DURUM TOPLANMA ALANI;27.188800536995;203/28 Sk.
ÇİĞLİ;;38.508514167666;3510-018-03;16;İZKENT;;3 NO LU AFET VE ACİL DURUM TOPLANMA ALANI;27.066325885229;8843/2 Sk.
ÇİĞLİ;;38.493169877846;3510-022-03;16;MALTEPE;;3 NO LU AFET VE ACİL DURUM TOPLANMA ALANI;27.077049329893;8114/1 Sk.
MENEMEN;;38.558353205455;3522-002-03;17;30 AĞUSTOS;;3 NO LU AFET VE ACİL DURUM TOPLANMA ALANI;27.045823095473;7106 Sk.
KEMALPAŞA;;38.426894052884;3517-031-03;6;MEHMET AKİF ERSOY;;3 NO LU AFET VE ACİL DURUM TOPLANMA ALANI;27.428846226117;244/1 Sk.
KARŞIYAKA;;38.487199215667;3516-015-03;20;İNÖNÜ;;3 NO LU AFET VE ACİL DURUM TOPLANMA ALANI;27.091082587918;6718 Sk.
KEMALPAŞA;;38.432827952459;3517-018-03;6;GÖKÇEYURT;;3 NO LU AFET VE ACİL DURUM TOPLANMA ALANI;27.683955216421;GÖKÇEYURT KÖY YOLU KümeEvleri
GÜZELBAHÇE;;38.349749543501;3514-004-03;1;KAHRAMANDERE;;3 NO LU AFET VE ACİL DURUM TOPLANMA ALANI;26.877472765898;802 Sk.
MENEMEN;;38.686951555842;3522-024-03;17;FATİH;;3 NO LU AFET VE ACİL DURUM TOPLANMA ALANI;27.029279089117;HANIMELİ Sk.
BUCA;;38.366285497655;3508-022-03;8;GÖKSU;;3 NO LU AFET VE ACİL DURUM TOPLANMA ALANI;27.147408901467;679/27 Sk.
BAYRAKLI;;38.497343253194;3530-024-03;11;YAMANLAR;;3 NO LU AFET VE ACİL DURUM TOPLANMA ALANI;27.146958071247;7355 Sk.
ÇİĞLİ;;38.498854440545;3510-023-03;16;SASALI MERKEZ;;3 NO LU AFET VE ACİL DURUM TOPLANMA ALANI;26.948797451431;1 Sk.
ÇEŞME;;38.287665428882;3509-010-03;1001;ÇİFTLİK;;3 NO LU AFET VE ACİL DURUM TOPLANMA ALANI;26.274611881397;135 Sk.
BUCA;;38.396057866525;3508-042-03;8;YAYLACIK;;3 NO LU AFET VE ACİL DURUM TOPLANMA ALANI;27.174745789166;190/8 Sk.
BERGAMA;;39.108026536574;3505-049-01;999;FEVZİPAŞA;;3 NO LU AFET VE ACİL DURUM TOPLANMA ALANI;27.199485148127;YENİ Cd.
DİKİLİ;;39.074817940949;3511-014-03;995;İSMETPAŞA;;3 NO LU AFET VE ACİL DURUM TOPLANMA ALANI;26.890582049087;GÜL Sk.
ÇİĞLİ;;38.516224948123;3510-013-03;16;EVKA-5;;3 NO LU AFET VE ACİL DURUM TOPLANMA ALANI;27.049004252177;8927 Sk.
TORBALI;;38.179315466671;3528-052-03;9;TORBALI;;3 NO LU AFET VE ACİL DURUM TOPLANMA ALANI;27.353895352546;5004 Sk.
FOÇA;;38.730393984791;3512-002-03;4;CUMHURİYET;;3 NO LU AFET VE ACİL DURUM TOPLANMA ALANI;26.889123552477;ZAFER Cd.
MENEMEN;;38.609038053339;3522-042-03;17;KASIMPAŞA;;3 NO LU AFET VE ACİL DURUM TOPLANMA ALANI;27.069919854622;DİYEM KAHYA Cd.
MENEMEN;;38.580448004707;3522-027-03;17;GAZİ MUSTAFA KEMAL;;3 NO LU AFET VE ACİL DURUM TOPLANMA ALANI;26.97154769301;4123 Sk.
TİRE;;38.092743328734;3527-038-03;997;FATİH;;3 NO LU AFET VE ACİL DURUM TOPLANMA ALANI;27.721527935238;TURGUT ÖZAL Blv.
FOÇA;;38.751409176833;3512-004-03;4;FEVZİ ÇAKMAK;;3 NO'LU AFET VE ACİL DURUM TOPLANMA ALANI;26.830399886561;SARDUNYA
GAZİEMİR;;38.329437656737;3513-012-03;15;IRMAK;;3 NO'LU AFET VE ACİL DURUM TOPLANMA ALANI;27.120816180188;38/6
ÖDEMİŞ;;38.162284488118;3524-049-03;998;KAYMAKÇI;;3 NO'LU AFET VE ACİL DURUM TOPLANMA ALANI;28.114216497088;BİLGE
ÖDEMİŞ;;38.223522035139;3524-089-03;998;ÜÇ EYLÜL;;3 NO'LU AFET VE ACİL DURUM TOPLANMA ALANI;27.965041138747;KIBRIS
BORNOVA;;38.434340219728;3507-042-03;2;YEŞİLOVA;;3 NO'LU AFET VE ACİL DURUM TOPLANMA ALANI;27.209038595837;4088
BORNOVA;;38.429585207989;3507-038-03;2;TUNA;;3 NO'LU AFET VE ACİL DURUM TOPLANMA ALANI;27.188816672646;5639
KARABAĞLAR;;38.389393327678;3531-054-03;19;TAHSİN YAZICI;;3 NO'LU AFET VE ACİL DURUM TOPLANMA ALANI;27.104097162814;9243
BORNOVA;;38.503221724368;3507-022-03;2;KARAÇAM;;3 NO'LU AFET VE ACİL DURUM TOPLANMA ALANI;27.275074139284;ÇAMLIK
SELÇUK;;37.945013930985;3526-003-03;10;ATATÜRK;;3 NO'LU AFET VE ACİL DURUM TOPLANMA ALANI;27.367698563858;ATATÜRK
ÖDEMİŞ;;38.079798870824;3524-006-03;998;BADEMLİ;;3 NO'LU AFET VE ACİL DURUM TOPLANMA ALANI;28.058171888067;HACIAHMETLER
FOÇA;;38.690709378356;3512-008-03;4;İSMETPAŞA;;3 NO'LU AFET VE ACİL DURUM TOPLANMA ALANI;26.733700472628;342
FOÇA;;38.747709224774;3512-014-03;4;MUSTAFA KEMAL ATATÜRK;;3 NO'LU AFET VE ACİL DURUM TOPLANMA ALANI;26.857299761996;BARBAROS
ALİAĞA;;38.78484414677;3502-023-03;3;SİTELER;;3 NO'LU AFET VE ACİL DURUM TOPLANMA ALANI;26.958449198654;EMEK
FOÇA;;38.66070965782;3512-006-03;4;HACIVELİ;;3 NO'LU AFET VE ACİL DURUM TOPLANMA ALANI;26.847899962792;422
GAZİEMİR;;38.307704790441;3513-014-03;15;SEVGİ;;3 NO'LU AFET VE ACİL DURUM TOPLANMA ALANI;27.140904116256;667
ÖDEMİŞ;;38.226978030463;3524-020-03;998;CUMHURİYET;;3 NO'LU AFET VE ACİL DURUM TOPLANMA ALANI;27.980503057105;POLAT
FOÇA;;38.658909670081;3512-009-03;4;KAZIM DİRİK;;3 NO'LU AFET VE ACİL DURUM TOPLANMA ALANI;26.85129995002;401
BORNOVA;;38.48312927121;3507-001-03;2;ATATÜRK;;3 NO'LU AFET VE ACİL DURUM TOPLANMA ALANI;27.194480233794;TÜRKAY
GAZİEMİR;;38.29117691394;3513-002-03;15;ATATÜRK;;3 NO'LU AFET VE ACİL DURUM TOPLANMA ALANI;27.176138967759;İSTİKLAL
ÖDEMİŞ;;38.229637999676;3524-085-03;998;TÜRKMEN;;3 NO'LU AFET VE ACİL DURUM TOPLANMA ALANI;27.961666145599;PROF. DR. MUZAFFER ŞERİF
SELÇUK;;37.942696048983;3526-006-03;10;CUMHURİYET;;3 NO'LU AFET VE ACİL DURUM TOPLANMA ALANI;27.37030028294;5016
BALÇOVA;;38.383900309065;3503-002-03;14;ÇETİN EMEÇ;;3 NO'LU AFET VE ACİL DURUM TOPLANMA ALANI;27.058888398215;FEVZİ ÇAKMAK
NARLIDERE;;38.396573381085;3523-011-03;5;YENİKALE;;3 NO'LU AFET VE ACİL DURUM TOPLANMA ALANI;27.010238148136;MUSTAFA KEMAL SAHİL
ÖDEMİŞ;;38.22883502194;3524-005-03;998;ATATÜRK;;3 NO'LU AFET VE ACİL DURUM TOPLANMA ALANI;27.98163904852;BAŞOĞLU
KARŞIYAKA;;38.482072976566;3516-025-03;20;ATAŞEHİR;;3 NO'LU AFET VE ACİL DURUM TOPLANMA ALANI;27.080590639425;FLAMİNGO
NARLIDERE;;38.396196257125;3523-006-03;5;HUZUR;;3 NO'LU AFET VE ACİL DURUM TOPLANMA ALANI;26.98972490028;AÇELYA
NARLIDERE;;38.394128932512;3523-005-03;5;ÇATALKAYA;;3 NO'LU AFET VE ACİL DURUM TOPLANMA ALANI;26.997721364723;ZAKKUM
NARLIDERE;;38.394388095509;3523-007-03;5;ILICA;;3 NO'LU AFET VE ACİL DURUM TOPLANMA ALANI;27.021829888767;ARDIÇ
NARLIDERE;;38.408627710787;3523-010-03;5;SAHİLEVLERİ;;3 NO'LU AFET VE ACİL DURUM TOPLANMA ALANI;27.013006092587;MÜFİT SOYLU
NARLIDERE;;38.405443915074;3523-002-03;5;ALTIEVLER;;3 NO'LU AFET VE ACİL DURUM TOPLANMA ALANI;26.996785757353;EKİN
ALİAĞA;;38.890325726398;3502-028-03;3;ŞAKRAN SAYFİYE;;3 NO'LU AFET VE ACİL DURUM TOPLANMA ALANI;27.062106506302;3162
BALÇOVA;;38.390289271529;3503-007-03;14;ONUR;;3 NO'LU AFET VE ACİL DURUM TOPLANMA ALANI;27.055277404996;EREN
GAZİEMİR;;38.301669263021;3513-008-03;15;FATİH;;3 NO'LU AFET VE ACİL DURUM TOPLANMA ALANI;27.169868535373;1099
GAZİEMİR;;38.315916907121;3513-003-03;15;ATIFBEY;;3 NO'LU AFET VE ACİL DURUM TOPLANMA ALANI;27.136555390516;GAZİ ATATÜRK
ALİAĞA;;38.819270001568;3502-026-03;3;YALI;;3 NO'LU AFET VE ACİL DURUM TOPLANMA ALANI;26.984550010071;176
ÖDEMİŞ;;38.225822041195;3524-042-03;998;HÜRRİYET;;3 NO'LU AFET VE ACİL DURUM TOPLANMA ALANI;27.985340035083;MENDERES
KARŞIYAKA;;38.475518814352;3516-022-03;20;ŞEMİKLER;;3 NO'LU AFET VE ACİL DURUM TOPLANMA ALANI;27.098104013828;6276/7
ÖDEMİŞ;;38.231407000604;3524-045-03;998;İNÖNÜ;;3 NO'LU AFET VE ACİL DURUM TOPLANMA ALANI;27.972955088232;LİSE
BERGAMA;;39.107533775558;3505-047-03;999;GAZİOSMANPAŞA;;3 NO'LU AFET VE ACİL DURUM TOPLANMA ALANI;27.186556525217;FATİH
GAZİEMİR;;38.324728698127;3513-006-03;15;DOKUZ EYLÜL;;3 NO'LU AFET VE ACİL DURUM TOPLANMA ALANI;27.137125106774;AKÇAY
BALÇOVA;;38.382980308454;3503-008-03;14;TELEFERİK;;3 NO'LU AFET VE ACİL DURUM TOPLANMA ALANI;27.054161423415;METİN OKTAY
ÖDEMİŞ;;38.234657977971;3524-068-03;998;MİMAR SİNAN;;3 NO'LU AFET VE ACİL DURUM TOPLANMA ALANI;27.96616511607;BARBAROS
BORNOVA;;38.49112091279;3507-015-03;2;EVKA 4;;3 NO'LU AFET VE ACİL DURUM TOPLANMA ALANI;27.210064463433;1024
FOÇA;;38.667309518429;3512-001-03;4;ATATÜRK;;3 NO'LU AFET VE ACİL DURUM TOPLANMA ALANI;26.752700421352;AŞIKLAR
ALİAĞA;;38.702373638555;3502-004-03;3;B.HAYRETTİN PAŞA;;3 NO'LU AFET VE ACİL DURUM TOPLANMA ALANI;27.026116011795;MİTHAT PAŞA
ÖDEMİŞ;;38.231282030128;3524-099-03;998;ZAFER;;3 NO'LU AFET VE ACİL DURUM TOPLANMA ALANI;28.003973935527;1347
ÖDEMİŞ;;38.242482952231;3524-080-03;998;SÜLEYMAN DEMİREL;;3 NO'LU AFET VE ACİL DURUM TOPLANMA ALANI;27.983174021807;1020
ÖDEMİŞ;;38.234967991973;3524-003-03;998;ANAFARTALAR;;3 NO'LU AFET VE ACİL DURUM TOPLANMA ALANI;27.983830028905;ÖZEN
FOÇA;;38.662009642647;3512-015-03;4;YENİBAĞARASI;;3 NO'LU AFET VE ACİL DURUM TOPLANMA ALANI;26.839999999451;1003
GAZİEMİR;;38.341375617571;3513-004-03;15;BEYAZEVLER;;3 NO'LU AFET VE ACİL DURUM TOPLANMA ALANI;27.142439052279;516
SELÇUK;;37.946380593999;3526-001-03;10;14 MAYIS;;3 NO'LU AFET VE ACİL DURUM TOPLANMA ALANI;27.377398694347;4044
SEFERİHİSAR;;38.066539796966;3525-001-03;12;ATATÜRK;;3 NO'LU AFET VE ACİL DURUM TOPLANMA ALANI;26.89563776541;KUŞADASI SEFERİHİSAR YOLU
BALÇOVA;;38.390289282336;3503-003-03;14;EĞİTİM;;3 NO'LU AFET VE ACİL DURUM TOPLANMA ALANI;27.064999357138;MOLLA GÜRANİ
KONAK;;38.397716588202;3520-040-03;21;GÜNEŞLİ;;3 NO'LU AFET VE ACİL DURUM TOPLANMA ALANI;27.131675400636;HALİDE EDİP ADIVAR
NARLIDERE;;38.392911243248;3523-004-03;5;ÇAMTEPE;;3 NO'LU AFET VE ACİL DURUM TOPLANMA ALANI;27.008615686324;ULUDAĞ
NARLIDERE;;38.380412989242;3523-008-03;5;LİMANREİS;;3 NO'LU AFET VE ACİL DURUM TOPLANMA ALANI;26.926252633829;BAŞAK
KEMALPAŞA;;38.415802183428;3517-035-03;6;ÖRNEKKÖY;;3 NO'LU AFET VE ACİL DURUM TOPLANMA ALANI;27.469370473181;BAYKAL
BALÇOVA;;38.389733268403;3503-006-03;14;KORUTÜRK;;3 NO'LU AFET VE ACİL DURUM TOPLANMA ALANI;27.049166436465;MURAT
MENDERES;;38.2489925962;;13;CÜNEYTBEY;;3 NOLU TOPLANMA ALANI;27.136967311096;612 Sk.
ALİAĞA;;38.786761382496;;3;YENİ;;3 NOLU TOPLANMA ALANI;26.972094498936;CENGİZ TOPEL Cd.
ALİAĞA;;38.784934070135;;3;ÖRNEKKENT;;3 NOLU TOPLANMA ALANI;26.976681057094;VUSLAT Cd.
ALİAĞA;;38.800523293346;;3;KAZIM DİRİK;;3 NOLU TOPLANMA ALANI;26.96728261525;384 Sk.
ALİAĞA;;38.795182324007;;3;ATATÜRK;;3 NOLU TOPLANMA ALANI;26.96972878732;354 Sk.
ALİAĞA;;38.88521882094;;3;ŞAKRAN HASBİ EFENDİ;;3 NOLU TOPLANMA ALANI;27.068068659964;3294 Sk.
ALİAĞA;;38.804076765074;;3;KÜLTÜR;;3 NOLU TOPLANMA ALANI;26.979778959583;213 Sk.
ALİAĞA;;38.883166452843;;3;ŞAKRAN HASBİ EFENDİ;;4 MOLU TOPLANMA ALANI;27.071212197198;MUHTAR EMİR ALİ Cd.
ÇEŞME;;38.335102994049;3509-021-04;1001;SAKARYA;;4 NO LU AFET VE ACİL DURUM TOPLANMA ALANI;26.30590764936;3168 Sk.
BAYRAKLI;;38.473576533378;3530-009-04;11;EMEK;;4 NO LU AFET VE ACİL DURUM TOPLANMA ALANI;27.127817963142;7243/1 Sk.
BAYRAKLI;;38.477809812716;3530-020-04;11;R.ŞEVKET İNCE;;4 NO LU AFET VE ACİL DURUM TOPLANMA ALANI;27.175325005885;2165 Sk.
BAYRAKLI;;38.480027070752;3530-024-04;11;YAMANLAR;;4 NO LU AFET VE ACİL DURUM TOPLANMA ALANI;27.128654797244;7323/7 Sk.
BAYRAKLI;;38.464302929485;3530-002-04;11;ADALET;;4 NO LU AFET VE ACİL DURUM TOPLANMA ALANI;27.178994272334;1643/34 Sk.
BAYRAKLI;;38.474399669214;3530-021-04;11;SOĞUKKUYU;;4 NO LU AFET VE ACİL DURUM TOPLANMA ALANI;27.11674585799;1847/15 Sk.
KINIK;;39.088280939197;3518-035-04;996;YAYAKENT;;4 NO LU AFET VE ACİL DURUM TOPLANMA ALANI;27.30458435435;POYRAZ Sk.
MENDERES;;38.254429026681;3521-038-04;13;MİTHATPAŞA;;4 NO LU AFET VE ACİL DURUM TOPLANMA ALANI;27.145102401033;537 Sk.
MENEMEN;;38.605751579854;3522-058-04;17;UĞUR MUMCU;;4 NO LU AFET VE ACİL DURUM TOPLANMA ALANI;27.08413818001;GAFFAR OKKAN Cd.
ÇEŞME;;38.364732512139;3509-008-04;1001;CUMHURİYET;;4 NO LU AFET VE ACİL DURUM TOPLANMA ALANI;26.286472404043;4309 Sk.
ÇEŞME;;38.316981901754;3509-018-04;1001;MUSALLA;;4 NO LU AFET VE ACİL DURUM TOPLANMA ALANI;26.306245640253;1057 Sk.
ÇEŞME;;38.350830082254;3509-011-04;1001;DALYAN;;4 NO LU AFET VE ACİL DURUM TOPLANMA ALANI;26.309088703567;4173 Sk.
BAYRAKLI;;38.469987760429;3530-011-04;11;GÜMÜŞPALA;;4 NO LU AFET VE ACİL DURUM TOPLANMA ALANI;27.135247651254;7075 Sk.
GÜZELBAHÇE;;38.357410019565;3514-001-04;1;ATATÜRK;;4 NO LU AFET VE ACİL DURUM TOPLANMA ALANI;26.885975312465;627 Sk.
GÜZELBAHÇE;;38.362783640471;3514-003-04;1;ÇELEBİ;;4 NO LU AFET VE ACİL DURUM TOPLANMA ALANI;26.885009712664;ESKİ SEFERİHİSAR Cd.
TORBALI;;38.146906069756;3528-051-04;9;TEPEKÖY;;4 NO LU AFET VE ACİL DURUM TOPLANMA ALANI;27.365847267929;4555 Sk.
KARABAĞLAR;;38.401035484799;3531-009-04;19;BAHÇELİEVLER;;4 NO LU AFET VE ACİL DURUM TOPLANMA ALANI;27.114407107907;GAZETECİ HASAN TAHSİN Cd.
KEMALPAŞA;;38.431903211345;3517-038-04;6;SEKİZ EYLÜL;;4 NO LU AFET VE ACİL DURUM TOPLANMA ALANI;27.412345350129;KİRAZLI Cd.
KONAK;;38.429423634622;3520-045-04;21;HALKAPINAR;;4 NO LU AFET VE ACİL DURUM TOPLANMA ALANI;27.171140862142;1443 Sk.
URLA;;38.354524190555;3529-002-04;18;ATATÜRK;;4 NO LU AFET VE ACİL DURUM TOPLANMA ALANI;26.791513753998;2203 Sk.
BAYRAKLI;;38.45849160452;3530-014-14;11;MANSUROĞLU;;4 NO LU AFET VE ACİL DURUM TOPLANMA ALANI;27.19699717948;258 Sk.
KONAK;;38.436844551575;3520-100-04;21;UMURBEY;;4 NO LU AFET VE ACİL DURUM TOPLANMA ALANI;27.161205996939;ŞEHİTLER Cd.
NARLIDERE;;38.392277972138;3523-007-04;5;ILICA;;4 NO LU AFET VE ACİL DURUM TOPLANMA ALANI;27.023357310346;PALANDÖKEN Sk.
KARŞIYAKA;;38.468335020112;3516-010-04;20;DEMİRKÖPRÜ;;4 NO LU AFET VE ACİL DURUM TOPLANMA ALANI;27.101757758887;CAHER DUDAYEV Blv.
KEMALPAŞA;;38.395486425768;3517-006-04;6;AŞAĞIKIZILCA;;4 NO LU AFET VE ACİL DURUM TOPLANMA ALANI;27.51205871554;2001 Sk.
MENEMEN;;38.605533415215;3522-060-04;17;VİLLAKENT;;4 NO LU AFET VE ACİL DURUM TOPLANMA ALANI;26.91809148797;5104 Sk.
KEMALPAŞA;;38.418875325491;3517-035-04;6;ÖRNEKKÖY;;4 NO LU AFET VE ACİL DURUM TOPLANMA ALANI;27.466590096787;1005 Sk.
KEMALPAŞA;;38.483670180938;3517-024-04;6;ULUCAK İSTİKLAL;;4 NO LU AFET VE ACİL DURUM TOPLANMA ALANI;27.361380865166;9232 Sk.
URLA;;38.365275704818;3529-017-04;18;KALABAK;;4 NO LU AFET VE ACİL DURUM TOPLANMA ALANI;26.82329238809;3058 Sk.
KEMALPAŞA;;38.463866440964;3517-012-04;6;ÇAMBEL;;4 NO LU AFET VE ACİL DURUM TOPLANMA ALANI;27.517637573417;ÇAMBEL MAH. YOLU KümeEvleri
KEMALPAŞA;;38.413697287127;3517-001-04;6;BAĞYURDU 29 EKİM;;4 NO LU AFET VE ACİL DURUM TOPLANMA ALANI;27.639495169409;ZEYTİNCİK Sk.
KARABAĞLAR;;38.386950782786;3531-048-04;19;TAHSİN YAZICI;;4 NO LU AFET VE ACİL DURUM TOPLANMA ALANI;27.110625235943;9323 Sk.
KEMALPAŞA;;38.429331430299;3517-007-04;6;ATATÜRK;;4 NO LU AFET VE ACİL DURUM TOPLANMA ALANI;27.412645760218;İZMİR Cd.
KARŞIYAKA;;38.474198061773;3516-022-04;20;ŞEMİKLER;;4 NO LU AFET VE ACİL DURUM TOPLANMA ALANI;27.096618661985;ORDU Blv.
KARŞIYAKA;;38.463849211524;3516-007-04;20;BOSTANLI;;4 NO LU AFET VE ACİL DURUM TOPLANMA ALANI;27.098227997029;1813/5 Sk.
URLA;;38.311670572661;3529-014-04;18;İÇMELER;;4 NO LU AFET VE ACİL DURUM TOPLANMA ALANI;26.699139015735;1034 Sk.
NARLIDERE;;38.393343779709;3523-009-04;5;NARLI;;4 NO LU AFET VE ACİL DURUM TOPLANMA ALANI;27.002615889854;KOÇYİĞİT Sk.
BUCA;;38.372779312658;3508-033-04;8;KURUÇEŞME;;4 NO LU AFET VE ACİL DURUM TOPLANMA ALANI;27.190903374614;HACI BEKTAŞ VELİ Sk.
URLA;;38.320113757611;3529-033-01;18;YELALTI;;4 NO LU AFET VE ACİL DURUM TOPLANMA ALANI;26.773001301279;TOPALTI Sk.
ÇİĞLİ;;38.507997817755;3510-007-04;16;BALATÇIK;;4 NO LU AFET VE ACİL DURUM TOPLANMA ALANI;27.039477107236;8914/5 Sk.
KARABAĞLAR;;38.390264049853;3531-020-04;19;ESENTEPE;;4 NO LU AFET VE ACİL DURUM TOPLANMA ALANI;27.075424095044;75 Sk.
KARŞIYAKA;;38.47930472508;3516-025-04;20;YALI;;4 NO LU AFET VE ACİL DURUM TOPLANMA ALANI;27.082413744971;6523 Sk.
TORBALI;;38.17525031759;3528-052-04;9;TORBALI;;4 NO LU AFET VE ACİL DURUM TOPLANMA ALANI;27.352801023344;5024 Sk.
KARŞIYAKA;;38.466621378835;3516-009-04;20;DEDEBAŞI;;4 NO LU AFET VE ACİL DURUM TOPLANMA ALANI;27.105609394788;6133 Sk.
KEMALPAŞA;;38.400245556665;3517-023-04;6;ARMUTLU HÜRRİYET;;4 NO LU AFET VE ACİL DURUM TOPLANMA ALANI;27.531434889625;SELVİ Sk.
KEMALPAŞA;;38.458724999181;3517-041-04;6;SÜTÇÜLER;;4 NO LU AFET VE ACİL DURUM TOPLANMA ALANI;27.452192006036;TIĞTEPE Sk.
KEMALPAŞA;;38.385336519043;3517-049-04;6;YUKARIKIZILCA MERKEZ;;4 NO LU AFET VE ACİL DURUM TOPLANMA ALANI;27.49946850521;YUKARIKIZILCA BELEDİYE Cd.
KARABAĞLAR;;38.368817423493;3531-017-04;19;DEVRİM;;4 NO LU AFET VE ACİL DURUM TOPLANMA ALANI;27.108463416992;ESKİİZMİR Cd.
KARABAĞLAR;;38.372270350709;3531-027-03;19;GÜNALTAY;;4 NO LU AFET VE ACİL DURUM TOPLANMA ALANI;27.114120161681;4906 Sk.
ÇEŞME;;38.327402389292;3509-005-04;1001;ARDIÇ;;4 NO LU AFET VE ACİL DURUM TOPLANMA ALANI;26.387902381986;5461 Sk.
TORBALI;;38.242843876298;3528-027-04;9;İNÖNÜ;;4 NO LU AFET VE ACİL DURUM TOPLANMA ALANI;27.262571855889;187/8 Sk.
URLA;;38.329532163043;3529-013-01;18;HACI İSA;;4 NO LU AFET VE ACİL DURUM TOPLANMA ALANI;26.765635975612;TUTKU Sk.
ÇİĞLİ;;38.498888151276;3510-020-04;16;KÖYİÇİ;;4 NO LU AFET VE ACİL DURUM TOPLANMA ALANI;27.065333489338;8089/1 Sk.
KARŞIYAKA;;38.452436041744;3516-001-04;20;AKSOY;;4 NO LU AFET VE ACİL DURUM TOPLANMA ALANI;27.106939787976;HALİM ERKER Sk.
BUCA;;38.365831246282;3508-022-04;8;GÖKSU;;4 NO LU AFET VE ACİL DURUM TOPLANMA ALANI;27.145348976006;693/18 Sk.
KARŞIYAKA;;38.462958727988;3516-003-04;20;ATAKENT;;4 NO LU AFET VE ACİL DURUM TOPLANMA ALANI;27.089044160584;2031 Sk.
TİRE;;38.095436824237;3527-043-04;997;HÜRRİYET;;4 NO LU AFET VE ACİL DURUM TOPLANMA ALANI;27.72922046804;TÜRKİSTAN Cd.
KEMALPAŞA;;38.461077340829;3517-004-04;6;AKALAN;;4 NO LU AFET VE ACİL DURUM TOPLANMA ALANI;27.484614384088;1521 Sk.
URLA;;38.36963307436;3529-008-04;18;ÇAMLIÇAY;;4 NO LU AFET VE ACİL DURUM TOPLANMA ALANI;26.847024446873;5182 Sk.
BAYRAKLI;;38.483898785026;3530-019-04;11;POSTACILAR;;4 NO LU AFET VE ACİL DURUM TOPLANMA ALANI;27.118902327164;7651/1 Sk.
ÇEŞME;;38.403002226552;3509-014-04;1001;ILDIR;;4 NO LU AFET VE ACİL DURUM TOPLANMA ALANI;26.483136277009;30015 Sk.
ÇİĞLİ;;38.504410771304;3510-009-04;16;ÇAĞDAŞ;;4 NO LU AFET VE ACİL DURUM TOPLANMA ALANI;27.058668223572;8819 Sk.
KARŞIYAKA;;38.463840825722;3516-006-04;20;BAHRİYE ÜÇOK;;4 NO LU AFET VE ACİL DURUM TOPLANMA ALANI;27.112336346258;1834/3 Sk.
URLA;;38.383073474597;3529-010-04;18;DENİZLİ;;4 NO LU AFET VE ACİL DURUM TOPLANMA ALANI;26.756323297375;49 Sk.
URLA;;38.396746884071;3529-012-04;18;GÜVENDİK;;4 NO LU AFET VE ACİL DURUM TOPLANMA ALANI;26.72881467505;259 Sk.
URLA;;38.364466957352;3529-023-04;18;ÖZBEK;;4 NO LU AFET VE ACİL DURUM TOPLANMA ALANI;26.706696007079;6040 Sk.
URLA;;38.327857313787;3529-034-04;18;YENİKENT;;4 NO LU AFET VE ACİL DURUM TOPLANMA ALANI;26.772019603979;KOLYOZ Sk.
KARŞIYAKA;;38.469385002569;3516-017-04;20;MAVİŞEHİR;;4 NO LU AFET VE ACİL DURUM TOPLANMA ALANI;27.077864758067;OPERA Cd.
MENEMEN;;38.556058605779;3522-002-04;17;30 AĞUSTOS;;4 NO LU AFET VE ACİL DURUM TOPLANMA ALANI;27.045581701817;7123 Sk.
MENEMEN;;38.611339345474;3522-048-04;17;MERMERLİ;;4 NO LU AFET VE ACİL DURUM TOPLANMA ALANI;27.071207304621;ŞEHİT AYCAN AKSOY Cd.
TORBALI;;38.151040283954;3528-037-04;9;MURATBEY;;4 NO LU AFET VE ACİL DURUM TOPLANMA ALANI;27.355783663798;ATİLLA SUNAR Cd.
KARABAĞLAR;;38.392904510473;3531-021-04;19;ESENYALI;;4 NO LU AFET VE ACİL DURUM TOPLANMA ALANI;27.091855220904;119/1 Sk.
ÇİĞLİ;;38.502611939799;3510-026-04;16;YAKAKENT;;4 NO LU AFET VE ACİL DURUM TOPLANMA ALANI;27.074238372642;8087/1 Sk.
KEMALPAŞA;;38.427196617384;3517-007-05;6;ATATÜRK;;4 NO LU AFET VE ACİL DURUM TOPLANMA ALANI;27.415896584852;30 Sk.
KEMALPAŞA;;38.426532637162;3517-031-04;6;MEHMET AKİF ERSOY;;4 NO LU AFET VE ACİL DURUM TOPLANMA ALANI;27.426775571631;229 Sk.
ÇEŞME;;38.324835225957;3509-016-04;1001;İSMET İNÖNÜ;;4 NO LU AFET VE ACİL DURUM TOPLANMA ALANI;26.31811702296;2163 Sk.
ÇİĞLİ;;38.499433945352;3510-012-04;16;EVKA-2;;4 NO LU AFET VE ACİL DURUM TOPLANMA ALANI;27.08386209622;6858 Sk.
ÇİĞLİ;;38.484822543655;3510-004-04;16;ATAŞEHİR;;4 NO LU AFET VE ACİL DURUM TOPLANMA ALANI;27.071985358737;8273/3 Sk.
ÇİĞLİ;;38.518785245886;3510-013-04;16;EVKA-5;;4 NO LU AFET VE ACİL DURUM TOPLANMA ALANI;27.056804072865;8930 Sk.
ÇİĞLİ;;38.497024079175;3510-027-04;16;YENİ MAHALLE;;4 NO LU AFET VE ACİL DURUM TOPLANMA ALANI;27.054797827882;1671/1 Sk.
ÇEŞME;;38.355230536202;3509-013-04;1001;GERMİYAN;;4 NO LU AFET VE ACİL DURUM TOPLANMA ALANI;26.459286282529;27068/4 Sk.
BUCA;;38.378565975152;3508-020-04;8;FIRAT;;4 NO LU AFET VE ACİL DURUM TOPLANMA ALANI;27.152193917769;272/3 Sk.
BUCA;;38.380870444829;3508-043-04;8;YENİGÜN;;4 NO LU AFET VE ACİL DURUM TOPLANMA ALANI;27.16230042698;271/3 Sk.
GÜZELBAHÇE;;38.381564032451;3514-006-04;1;MALTEPE;;4 NO LU AFET VE ACİL DURUM TOPLANMA ALANI;26.918118702202;26 Sk.
BUCA;;38.37084468812;3508-045-04;8;YILDIZ;;4 NO LU AFET VE ACİL DURUM TOPLANMA ALANI;27.17824341455;206/5 Sk.
BAYRAKLI;;38.481723609949;3530-017-04;11;ORG.NAFİZ GÜRMAN;;4 NO LU AFET VE ACİL DURUM TOPLANMA ALANI;27.137795717251;7171 Sk.
GÜZELBAHÇE;;38.376559748575;3514-011-04;1;YALI;;4 NO LU AFET VE ACİL DURUM TOPLANMA ALANI;26.890556469044;196 Sk.
GÜZELBAHÇE;;38.33922926637;3514-012-04;1;YELKİ;;4 NO LU AFET VE ACİL DURUM TOPLANMA ALANI;26.865891063864;İNÖNÜ Cd.
BUCA;;38.369246460698;3508-044-04;8;YEŞİLBAĞLAR;;4 NO LU AFET VE ACİL DURUM TOPLANMA ALANI;27.148299385425;637/48 Sk.
KARABAĞLAR;;38.396024121107;3531-022-04;19;FAHRETTİN ALTAY;;4 NO LU AFET VE ACİL DURUM TOPLANMA ALANI;27.068563028837;65/17 Sk.
KARŞIYAKA;;38.464126436227;3516-013-04;20;GONCALAR;;4 NO LU AFET VE ACİL DURUM TOPLANMA ALANI;27.101983070492;6007/3 Sk.
MENEMEN;;38.601446226354;3522-023-04;17;UĞUR MUMCU;;4 NO LU AFET VE ACİL DURUM TOPLANMA ALANI;27.090342106203;1311 Sk.
BAYRAKLI;;38.460186535309;3530-013-04;11;MANAVKUYU;;4 NO LU AFET VE ACİL DURUM TOPLANMA ALANI;27.191890276068;274/5 Sk.
BUCA;;38.383872867328;3508-032-04;8;KOZAĞAÇ;;4 NO LU AFET VE ACİL DURUM TOPLANMA ALANI;27.169402875939;ÖZMEN Cd.
ÇİĞLİ;;38.491935338479;3510-023-04;16;SASALI MERKEZ;;4 NO LU AFET VE ACİL DURUM TOPLANMA ALANI;26.949430461676;10 Sk.
KARŞIYAKA;;38.464638889846;3516-005-04;20;BAHÇELİEVLER;;4 NO LU AFET VE ACİL DURUM TOPLANMA ALANI;27.119170579468;YAŞAR AKSOY Sk.
KARŞIYAKA;;38.494857716168;3516-018-04;20;MUSTAFA KEMAL;;4 NO LU AFET VE ACİL DURUM TOPLANMA ALANI;27.091361523188;6753/17 Sk.
KEMALPAŞA;;38.417631407124;3517-043-04;6;BAĞYURDU YENİ;;4 NO LU AFET VE ACİL DURUM TOPLANMA ALANI;27.632231777188;DOĞAN Sk.
KEMALPAŞA;;38.479439390615;3517-032-04;6;ULUCAK MUSTAFA KEMAL ATATÜRK;;4 NO LU AFET VE ACİL DURUM TOPLANMA ALANI;27.356984753335;9173 Sk.
TORBALI;;38.163509031643;3528-022-04;9;ERTUĞRUL;;4 NO LU AFET VE ACİL DURUM TOPLANMA ALANI;27.352393348583;3001 Sk.
GÜZELBAHÇE;;38.352993030135;3514-004-04;1;KAHRAMANDERE;;4 NO LU AFET VE ACİL DURUM TOPLANMA ALANI;26.871947437349;731 Sk.
URLA;;38.363412335247;3529-015-04;18;İSKELE;;4 NO LU AFET VE ACİL DURUM TOPLANMA ALANI;26.766408387733;2108 Sk.
DİKİLİ;;39.082013833634;3511-003-04;995;CUMHURİYET;;4 NO LU AFET VE ACİL DURUM TOPLANMA ALANI;26.88815733083;BAHRİYE ÜÇOK Cd.
KEMALPAŞA;;38.427028520212;3517-040-04;6;SOĞUKPINAR;;4 NO LU AFET VE ACİL DURUM TOPLANMA ALANI;27.417162581488;ATATÜRK Blv.
KARABAĞLAR;;38.379945250954;3531-003-04;19;ALİ FUAT CEBESOY;;4 NO LU AFET VE ACİL DURUM TOPLANMA ALANI;27.109815224735;9520 Sk.
NARLIDERE;;38.395288305738;3523-011-04;5;YENİKALE;;4 NO LU AFET VE ACİL DURUM TOPLANMA ALANI;27.007779113058;UTKU Sk.
NARLIDERE;;38.389755217495;3523-009-09;5;NARLI;;4 NO LU AFET VE ACİL DURUM TOPLANMA ALANI;27.006153712038;KAZANÇOĞLU Sk.
KARŞIYAKA;;38.49081025145;3516-027-04;20;ZÜBEYDE HANIM;;4 NO LU AFET VE ACİL DURUM TOPLANMA ALANI;27.108827988407;7448/10 Sk.
KINIK;;39.091749262694;3518-031-04;996;POYRACIK;;4 NO LU AFET VE ACİL DURUM TOPLANMA ALANI;27.342371127235;KIZILBEY Cd.
GÜZELBAHÇE;;38.367277804508;3514-009-04;1;SİTELER;;4 NO LU AFET VE ACİL DURUM TOPLANMA ALANI;26.863981291459;462 Sk.
KEMALPAŞA;;38.408812900535;3517-002-04;6;ÖREN 75.YIL CUMHURİYET;;4 NO LU AFET VE ACİL DURUM TOPLANMA ALANI;27.583158338024;1.BAHÇECİLER Sk.
KEMALPAŞA;;38.413814970241;3517-026-04;6;BAĞYURDU KAZIMPAŞA;;4 NO LU AFET VE ACİL DURUM TOPLANMA ALANI;27.631695344018;OKUL ÖNÜ Sk.
ÇİĞLİ;;38.49107893021;3510-022-04;16;MALTEPE;;4 NO LU AFET VE ACİL DURUM TOPLANMA ALANI;27.070107811045;8108 Sk.
KARABAĞLAR;;38.360733308758;3531-057-04;19;YURDOĞLU;;4 NO LU AFET VE ACİL DURUM TOPLANMA ALANI;27.091619242317;3948/4 Sk.
BAYINDIR;;38.215714860786;3504-048-04;7;SADIKPAŞA;;4 NO LU AFET VE ACİL DURUM TOPLANMA ALANI;27.645498231097;YILDIRIM BEYAZIT Cd.
BAYRAKLI;;38.468385509072;3530-018-05;11;OSMANGAZİ;;4 NO LU AFET VE ACİL DURUM TOPLANMA ALANI;27.186096719619;YAVUZ Cd.
BUCA;;38.377590375518;3508-004-04;8;ATATÜRK;;4 NO LU AFET VE ACİL DURUM TOPLANMA ALANI;27.183843827695;202/14 Sk.
BAYRAKLI;;38.49260732146;3530-012-04;11;KÖRFEZ;;4 NO LU AFET VE ACİL DURUM TOPLANMA ALANI;27.134169370217;7383/5 Sk.
ÇEŞME;;38.289661253438;3509-019-04;1001;OVACIK;;4 NO LU AFET VE ACİL DURUM TOPLANMA ALANI;26.313138934372;7000 Sk.
ÇEŞME;;38.325887427862;3509-023-04;1001;ŞİFNE;;4 NO LU AFET VE ACİL DURUM TOPLANMA ALANI;26.411017546002;6364 Sk.
ÇEŞME;;38.272766909256;3509-022-04;1001;ALTINKUM;;4 NO LU AFET VE ACİL DURUM TOPLANMA ALANI;26.257735535289;457 Sk.
BAYRAKLI;;38.463605674213;3530-002-05;11;TEPEKULE;;4 NO LU AFET VE ACİL DURUM TOPLANMA ALANI;27.176344264181;YÜZBAŞI İBRAHİM HAKKI Cd.
ÇEŞME;;38.292970649609;3509-002-04;1001;ALAÇATI;;4 NO LU AFET VE ACİL DURUM TOPLANMA ALANI;26.364787285291;14000 Sk.
KARABAĞLAR;;38.391954322641;3531-031-04;19;KAZIM KARABEKİR;;4 NO LU AFET VE ACİL DURUM TOPLANMA ALANI;27.114975748763;9009/6 Sk.
ÇİĞLİ;;38.49013002073;3510-006-04;16;AYDINLIKEVLER;;4 NO LU AFET VE ACİL DURUM TOPLANMA ALANI;27.080654206094;6792/1 Sk.
MENDERES;50;38.256257220201;3521-022-04;13;GÖLCÜKLER;;4 NO LU AFET VE ACİL DURUM TOPLANMA ALANI;27.141014731981;536 Sk.
BORNOVA;;38.461859070269;3507-025-04;2;KAZIMDİRİK;;4 NO'LU AFET VE ACİL DURUM TOPLANMA ALANI;27.216350481102;156
FOÇA;;38.673109494017;3512-008-04;4;İSMETPAŞA;;4 NO'LU AFET VE ACİL DURUM TOPLANMA ALANI;26.756600391053;202
KINIK;;39.090308073005;3518-016-04;996;FATİH;;4 NO'LU AFET VE ACİL DURUM TOPLANMA ALANI;27.390296574112;ATATÜRK
GAZİEMİR;;38.310127772038;3513-014-04;15;SEVGİ;;4 NO'LU AFET VE ACİL DURUM TOPLANMA ALANI;27.13457214445;NEVVAR SALİH İŞGÖREN
SELÇUK;;37.94701392458;3526-003-04;10;ATATÜRK;;4 NO'LU AFET VE ACİL DURUM TOPLANMA ALANI;27.372198537335;1021
GAZİEMİR;;38.31829873029;3513-003-04;15;ATIFBEY;;4 NO'LU AFET VE ACİL DURUM TOPLANMA ALANI;27.135510125939;64
SELÇUK;;37.942533779038;3526-006-04;10;CUMHURİYET;;4 NO'LU AFET VE ACİL DURUM TOPLANMA ALANI;27.370161097579;5028
ÖDEMİŞ;;38.233479992511;3524-045-04;998;İNÖNÜ;;4 NO'LU AFET VE ACİL DURUM TOPLANMA ALANI;27.975563071586;KUNURİ
SELÇUK;;37.956400752477;3526-010-04;10;İSA BEY;;4 NO'LU AFET VE ACİL DURUM TOPLANMA ALANI;27.372111643004;ATATÜRK
ALİAĞA;;38.789628161879;3502-023-04;3;SİTELER;;4 NO'LU AFET VE ACİL DURUM TOPLANMA ALANI;26.960427094736;440
FOÇA;;38.658909574984;3512-001-04;4;ATATÜRK;;4 NO'LU AFET VE ACİL DURUM TOPLANMA ALANI;26.764500377755;101
NARLIDERE;;38.394509732894;3523-005-04;5;ÇATALKAYA;;4 NO'LU AFET VE ACİL DURUM TOPLANMA ALANI;26.999129632592;HACI BEKTAŞ
NARLIDERE;;38.392141659205;3523-004-04;5;ÇAMTEPE;;4 NO'LU AFET VE ACİL DURUM TOPLANMA ALANI;27.008991245571;UYANIŞ
BORNOVA;;38.489643846853;3507-015-04;2;EVKA 4;;4 NO'LU AFET VE ACİL DURUM TOPLANMA ALANI;27.213000941305;İSA YUSUF ALPTEKİN
ÖDEMİŞ;;38.234665988782;3524-003-04;998;ANAFARTALAR;;4 NO'LU AFET VE ACİL DURUM TOPLANMA ALANI;27.978113057507;SARACOĞLU
SELÇUK;;37.94288193826;3526-001-04;10;14 MAYIS;;4 NO'LU AFET VE ACİL DURUM TOPLANMA ALANI;27.379356600992;4118
ALİAĞA;;38.915975314477;3502-028-04;3;ŞAKRAN SAYFİYE;;4 NO'LU AFET VE ACİL DURUM TOPLANMA ALANI;27.059922948093;İNCİRLİK
ÖDEMİŞ;;38.251902911289;3524-080-04;998;SÜLEYMAN DEMİREL;;4 NO'LU AFET VE ACİL DURUM TOPLANMA ALANI;27.991933965018;ŞEHİT ADNAN MENDERES
BAYRAKLI;;38.458618603627;3530-014-04;11;MANSUROĞLU;;4 NO'LU AFET VE ACİL DURUM TOPLANMA ALANI;27.194933162178;258
ÖDEMİŞ;;38.220621048895;3524-089-04;998;ÜÇ EYLÜL;;4 NO'LU AFET VE ACİL DURUM TOPLANMA ALANI;27.96400914766;FAKÜLTE
BORNOVA;;38.436182234198;3507-026-04;2;KEMALPAŞA;;4 NO'LU AFET VE ACİL DURUM TOPLANMA ALANI;27.247044372021;7401
ALİAĞA;;38.821212992975;3502-026-04;3;YALI;;4 NO'LU AFET VE ACİL DURUM TOPLANMA ALANI;26.985880999902;23 NİSAN
ÖDEMİŞ;;38.234014004353;3524-099-04;998;ZAFER;;4 NO'LU AFET VE ACİL DURUM TOPLANMA ALANI;27.992184989573;ŞEHİT ERDAL BODUR
KINIK;;39.089008069195;3518-037-04;996;YENİ;;4 NO'LU AFET VE ACİL DURUM TOPLANMA ALANI;27.381096621315;BAYRAK
FOÇA;;38.657809665415;3512-015-04;4;YENİBAĞARASI;;4 NO'LU AFET VE ACİL DURUM TOPLANMA ALANI;26.841300000502;1052
FOÇA;;38.749409220183;3512-014-04;4;MUSTAFA KEMAL ATATÜRK;;4 NO'LU AFET VE ACİL DURUM TOPLANMA ALANI;26.860899741144;VOLKAN
GAZİEMİR;;38.343201609657;3513-004-04;15;BEYAZEVLER;;4 NO'LU AFET VE ACİL DURUM TOPLANMA ALANI;27.14379304264;544
BALÇOVA;;38.38890028313;3503-003-04;14;EĞİTİM;;4 NO'LU AFET VE ACİL DURUM TOPLANMA ALANI;27.059443386392;3. SELİM
BALÇOVA;;38.391122267714;3503-007-04;14;ONUR;;4 NO'LU AFET VE ACİL DURUM TOPLANMA ALANI;27.055277403587;DALYA
NARLIDERE;;38.379029971069;3523-008-04;5;LİMANREİS;;4 NO'LU AFET VE ACİL DURUM TOPLANMA ALANI;26.927932643927;BUĞDAY
BORNOVA;;38.479068953931;3507-001-04;2;ATATÜRK;;4 NO'LU AFET VE ACİL DURUM TOPLANMA ALANI;27.189825584644;909
NARLIDERE;;38.395644577817;3523-006-04;5;HUZUR;;4 NO'LU AFET VE ACİL DURUM TOPLANMA ALANI;26.990297348948;İLHAN SELÇUK
ÖDEMİŞ;;38.224474044118;3524-042-04;998;HÜRRİYET;;4 NO'LU AFET VE ACİL DURUM TOPLANMA ALANI;27.981281057519;MENDERES
BALÇOVA;;38.38890027102;3503-006-04;14;KORUTÜRK;;4 NO'LU AFET VE ACİL DURUM TOPLANMA ALANI ;27.047777445464;DEMİRCİ EFE
BALÇOVA;;38.363749343133;3503-002-04;14;ÇETİN EMEÇ;;4 NO'LU AFET VE ACİL DURUM TOPLANMA ALANI ;27.082512258128;YAZAR
ALİAĞA;;38.796877673586;;3;ATATÜRK;;4 NOLU TOPLANAMA ALANI;26.962167674154;AYHAN BAYRAK Sk.
MENDERES;;38.242479297657;;13;BARBAROS;;4 NOLU TOPLANMA ALANI;27.127732522823;439 Sk.
ALİAĞA;;38.792849325822;;3;YENİ;;4 NOLU TOPLANMA ALANI;26.982512136972;661 Sk.
ALİAĞA;;38.781967197347;;3;ÖRNEKKENT;;4 NOLU TOPLANMA ALANI;26.980524648999;1424 Sk.
ALİAĞA;;38.802960562259;;3;KAZIM DİRİK;;4 NOLU TOPLANMA ALANI;26.963154711487;EGE Sk.
ALİAĞA;;38.80083476267;;3;KÜLTÜR;;4 NOLU TOPLANMA ALANI;26.978459324927;226 Sk.
MENDERES;;38.017246717166;;13;ÇUKURALTI;;4 NOLU TOPLANMA ALANI;27.10272276769;2328 Sk.
KEMALPAŞA;;38.408569048695;3517-023-05;6;ARMUTLU HÜRRİYET;;5 NO LU AFET VE ACİL DURUM TOPLANMA ALANI;27.535281145021;FULYA Sk.
BAYRAKLI;;38.462488392379;3530-013-05;11;MANAVKUYU;;5 NO LU AFET VE ACİL DURUM TOPLANMA ALANI;27.192083390289;248 Sk.
GÜZELBAHÇE;;38.362720549149;3514-003-05;1;ÇELEBİ;;5 NO LU AFET VE ACİL DURUM TOPLANMA ALANI;26.886605619143;İSTİKBAL Cd.
BAYRAKLI;;38.46114423457;3530-002-05;11;ADALET;;5 NO LU AFET VE ACİL DURUM TOPLANMA ALANI;27.175990218498;1643/10 Sk.
BAYINDIR;;38.218665114105;3504-055-01;7;SADIKPAŞA;;5 NO LU AFET VE ACİL DURUM TOPLANMA ALANI;27.645111990371;HANİFE ÖĞRETMEN Cd.
ÇİĞLİ;;38.503216440018;3510-009-05;16;ÇAĞDAŞ;;5 NO LU AFET VE ACİL DURUM TOPLANMA ALANI;27.056798735227;8713 Sk.
BAYRAKLI;;38.481320472734;3530-024-05;11;YAMANLAR;;5 NO LU AFET VE ACİL DURUM TOPLANMA ALANI;27.13294630814;KUBİLAY Cd.
ÇEŞME;;38.321636763741;3509-016-05;1001;İSMET İNÖNÜ;;5 NO LU AFET VE ACİL DURUM TOPLANMA ALANI;26.315241715359;2149 Sk.
BAYRAKLI;;38.455431369698;3530-014-05;11;MANSUROĞLU;;5 NO LU AFET VE ACİL DURUM TOPLANMA ALANI;27.189567502605;273/8 Sk.
BAYRAKLI;;38.474097306225;3530-017-05;11;ORG.NAFİZ GÜRMAN;;5 NO LU AFET VE ACİL DURUM TOPLANMA ALANI;27.132581541782;7103 Sk.
ÇEŞME;;38.398478728329;3509-014-05;1001;ILDIR;;5 NO LU AFET VE ACİL DURUM TOPLANMA ALANI;26.483511792768;TINAZTEPE KümeEvleri
ÇEŞME;;38.318842194038;3509-018-05;1001;MUSALLA;;5 NO LU AFET VE ACİL DURUM TOPLANMA ALANI;26.305687740062;1041 Sk.
BAYRAKLI;;38.474903703785;3530-018-06;11;OSMANGAZİ;;5 NO LU AFET VE ACİL DURUM TOPLANMA ALANI;27.185023830377;592 Sk.
GÜZELBAHÇE;;38.379516108117;3514-006-05;1;MALTEPE;;5 NO LU AFET VE ACİL DURUM TOPLANMA ALANI;26.911879918821;31 Sk.
GÜZELBAHÇE;;38.356248995637;3514-004-05;1;KAHRAMANDERE;;5 NO LU AFET VE ACİL DURUM TOPLANMA ALANI;26.870477588474;828 Sk.
ÇEŞME;;38.292873816606;3509-002-05;1001;ALAÇATI;;5 NO LU AFET VE ACİL DURUM TOPLANMA ALANI;26.367303184876;11500 Sk.
ÇEŞME;;38.33598241865;3509-021-05;1001;SAKARYA;;5 NO LU AFET VE ACİL DURUM TOPLANMA ALANI;26.304003288843;3118 Sk.
MENDERES;;38.255086174658;3521-038-05;13;MİTHATPAŞA;;5 NO LU AFET VE ACİL DURUM TOPLANMA ALANI;27.147473460784;548/1 Sk.
TİRE;;38.098814102491;3527-043-05;997;HÜRRİYET;;5 NO LU AFET VE ACİL DURUM TOPLANMA ALANI;27.733254485068;MAHMUT AŞIK Cd.
SELÇUK;;37.957383758052;3526-010-05;10;İSA BEY;;5 NO LU AFET VE ACİL DURUM TOPLANMA ALANI;27.372156094792;ATATÜRK Cd.
KARŞIYAKA;;38.473324483741;3516-017-07;20;MAVİŞEHİR;;5 NO LU AFET VE ACİL DURUM TOPLANMA ALANI;27.067221798909;AZİZ NESİN Blv.
KEMALPAŞA;;38.39780716365;3517-006-05;6;AŞAĞIKIZILCA;;5 NO LU AFET VE ACİL DURUM TOPLANMA ALANI;27.51319596281;2001 Sk.
ÇİĞLİ;66;38.497309596012;3510-012-05;16;ŞİRİNTEPE;;5 NO LU AFET VE ACİL DURUM TOPLANMA ALANI;27.080203584935;6845 Sk.
KEMALPAŞA;;38.483705867987;3517-024-06;6;ULUCAK MUSTAFA KEMAL ATATÜRK;;5 NO LU AFET VE ACİL DURUM TOPLANMA ALANI;27.355590004563;9217 Sk.
TİRE;;38.09436449632;3527-038-05;997;FATİH;;5 NO LU AFET VE ACİL DURUM TOPLANMA ALANI;27.717965977077;MEHMET HÜSNÜ TÜKEL Sk.
KARABAĞLAR;;38.385647275883;3531-048-05;19;TAHSİN YAZICI;;5 NO LU AFET VE ACİL DURUM TOPLANMA ALANI;27.10291124356;İHSAN ALYANAK Blv.
BUCA;;38.369246454775;3508-022-05;8;GÖKSU;;5 NO LU AFET VE ACİL DURUM TOPLANMA ALANI;27.142623859516;649/11 Sk.
KARŞIYAKA;;38.466402981096;3516-005-05;20;BAHÇELİEVLER;;5 NO LU AFET VE ACİL DURUM TOPLANMA ALANI;27.116037771927;CEVDET BİLSAY Cd.
SELÇUK;;37.947614728105;3526-001-05;10;14 MAYIS;;5 NO LU AFET VE ACİL DURUM TOPLANMA ALANI;27.374798072753;4005 Sk.
KEMALPAŞA;;38.426188033807;3517-031-05;6;MEHMET AKİF ERSOY;;5 NO LU AFET VE ACİL DURUM TOPLANMA ALANI;27.428814040911;243 Sk.
KEMALPAŞA;;38.380786679359;3517-049-05;6;YUKARIKIZILCA MERKEZ;;5 NO LU AFET VE ACİL DURUM TOPLANMA ALANI;27.494753212483;MAŞATLIK Cd.
ÇEŞME;;38.231449575053;3509-019-05;1001;OVACIK;;5 NO LU AFET VE ACİL DURUM TOPLANMA ALANI;26.331356515786;ÖZPAMİR SİTESİ KümeEvleri
KINIK;;39.091299615805;3518-031-05;996;POYRACIK;;5 NO LU AFET VE ACİL DURUM TOPLANMA ALANI;27.354988178523;CAMİ Sk.
KARŞIYAKA;;38.463009134702;3516-003-05;20;ATAKENT;;5 NO LU AFET VE ACİL DURUM TOPLANMA ALANI;27.091168459466;BESTEKAR SADİ HOŞSES Sk.
KARŞIYAKA;;38.471308606616;3516-009-05;20;DEDEBAŞI;;5 NO LU AFET VE ACİL DURUM TOPLANMA ALANI;27.10601708055;6117/1 Sk.
ÇEŞME;;38.358683912094;3509-008-05;1001;CUMHURİYET;;5 NO LU AFET VE ACİL DURUM TOPLANMA ALANI;26.292888227372;4508 Sk.
ÇİĞLİ;;38.51544005413;3510-013-05;16;BALATÇIK;;5 NO LU AFET VE ACİL DURUM TOPLANMA ALANI;27.048883554721;8926 Sk.
KARŞIYAKA;;38.453045179517;3516-007-05;20;BOSTANLI;;5 NO LU AFET VE ACİL DURUM TOPLANMA ALANI;27.104300506409;1783 Sk.
SELÇUK;;37.940725494818;3526-006-05;10;CUMHURİYET;;5 NO LU AFET VE ACİL DURUM TOPLANMA ALANI;27.369967449876;5031 Sk.
URLA;;38.385916009393;3529-010-05;18;DENİZLİ;;5 NO LU AFET VE ACİL DURUM TOPLANMA ALANI;26.752310727719;68 Sk.
ÇEŞME;;38.331753598995;3509-005-05;1001;ARDIÇ;;5 NO LU AFET VE ACİL DURUM TOPLANMA ALANI;26.390488010357;5448/1 Sk.
URLA;;38.323716302762;3529-033-03;18;YELALTI;;5 NO LU AFET VE ACİL DURUM TOPLANMA ALANI;26.777314265322;MEZBAHA
KARABAĞLAR;;38.391256368984;3531-031-05;19;KAZIM KARABEKİR;;5 NO LU AFET VE ACİL DURUM TOPLANMA ALANI;27.112797807101;9028 Sk.
NARLIDERE;;38.391907950375;3523-005-05;5;ÇATALKAYA;;5 NO LU AFET VE ACİL DURUM TOPLANMA ALANI;26.998997610449;ZEYTİNDALI Sk.
KEMALPAŞA;;38.417253138833;3517-043-05;6;BAĞYURDU 29 EKİM;;5 NO LU AFET VE ACİL DURUM TOPLANMA ALANI;27.636201427476;M.ALİ SEVİNÇ Cd.
ÇEŞME;;38.289391692796;3509-022-05;1001;ŞEHİT MEHMET;;5 NO LU AFET VE ACİL DURUM TOPLANMA ALANI;26.235398179123;342 Sk.
GÜZELBAHÇE;;38.376261162892;3514-011-05;1;YALI;;5 NO LU AFET VE ACİL DURUM TOPLANMA ALANI;26.889081261993;101 Sk.
GÜZELBAHÇE;;38.338945255326;3514-012-05;1;YELKİ;;5 NO LU AFET VE ACİL DURUM TOPLANMA ALANI;26.866333626629;2265 Sk.
KARŞIYAKA;;38.48973536415;3516-027-05;20;ZÜBEYDE HANIM;;5 NO LU AFET VE ACİL DURUM TOPLANMA ALANI;27.10996524121;7448/17 Sk.
URLA;;38.311266495659;3529-014-05;18;İÇMELER;;5 NO LU AFET VE ACİL DURUM TOPLANMA ALANI;26.703130123403;1132 Sk.
URLA;;38.350409816188;3529-023-05;18;ÖZBEK;;5 NO LU AFET VE ACİL DURUM TOPLANMA ALANI;26.68033675548;EĞRİLİMAN Cd.
BUCA;;38.375655857898;3508-020-05;8;FIRAT;;5 NO LU AFET VE ACİL DURUM TOPLANMA ALANI;27.150348572084;289 Sk.
URLA;;38.352740547071;3529-002-05;18;ATATÜRK;;5 NO LU AFET VE ACİL DURUM TOPLANMA ALANI;26.801920675941;2239 Sk.
URLA;;38.333622357991;3529-034-05;18;YENİKENT;;5 NO LU AFET VE ACİL DURUM TOPLANMA ALANI;26.770270802255;ÖĞRETMENLER Sk.
TORBALI;;38.15070280396;3528-037-05;9;MURATBEY;;5 NO LU AFET VE ACİL DURUM TOPLANMA ALANI;27.354710786146;ATİLLA SUNAR Cd.
ÇİĞLİ;;38.492220993185;3510-006-05;16;AYDINLIKEVLER;;5 NO LU AFET VE ACİL DURUM TOPLANMA ALANI;27.085031545875;6796 Sk.
BUCA;;38.37753991379;3508-004-05;8;ATATÜRK;;5 NO LU AFET VE ACİL DURUM TOPLANMA ALANI;27.186139787229;202/12 Sk.
BAYRAKLI;;38.491801171205;3530-012-05;11;KÖRFEZ;;5 NO LU AFET VE ACİL DURUM TOPLANMA ALANI;27.128933725599;7368/5 Sk.
KARABAĞLAR;;38.38529403901;3531-020-05;19;ESENTEPE;;5 NO LU AFET VE ACİL DURUM TOPLANMA ALANI;27.077543038042;10 Sk.
ÇEŞME;;38.299340390739;3509-010-05;1001;ÇİFTLİK;;5 NO LU AFET VE ACİL DURUM TOPLANMA ALANI;26.283495290938;22 Sk.
ÇEŞME;;38.357148745211;3509-013-05;1001;GERMİYAN;;5 NO LU AFET VE ACİL DURUM TOPLANMA ALANI;26.464865245729;27085 Sk.
GAZİEMİR;;38.318801021641;3513-003-05;15;ATIFBEY;;5 NO LU AFET VE ACİL DURUM TOPLANMA ALANI;27.131117325371;6 Sk.
BUCA;;38.369936238232;3508-014-05;8;ÇAMLIKULE;;5 NO LU AFET VE ACİL DURUM TOPLANMA ALANI;27.172642991632;242/36 Sk.
BUCA;;38.37108859372;3508-044-05;8;YEŞİLBAĞLAR;;5 NO LU AFET VE ACİL DURUM TOPLANMA ALANI;27.152762555821;647/56 Sk.
KARŞIYAKA;;38.453125005398;3516-001-05;20;AKSOY;;5 NO LU AFET VE ACİL DURUM TOPLANMA ALANI;27.111762374603;1743 Sk.
KEMALPAŞA;;38.46077490227;3517-004-05;6;AKALAN;;5 NO LU AFET VE ACİL DURUM TOPLANMA ALANI;27.48151376632;1509 Sk.
URLA;;38.363214648087;3529-015-05;18;İSKELE;;5 NO LU AFET VE ACİL DURUM TOPLANMA ALANI;26.769010117785;NEYZEN TEVFİK Cd.
KARŞIYAKA;;38.475004399466;3516-022-05;20;ŞEMİKLER;;5 NO LU AFET VE ACİL DURUM TOPLANMA ALANI;27.092842129101;6287
BAYRAKLI;;38.472618976795;3530-009-05;11;EMEK;;5 NO LU AFET VE ACİL DURUM TOPLANMA ALANI;27.122217540196;7285 Sk.
ÇİĞLİ;;38.484377425266;3510-004-05;16;ATAŞEHİR;;5 NO LU AFET VE ACİL DURUM TOPLANMA ALANI;27.060333901475;8019/12 Sk.
ÇEŞME;;38.35523876846;3509-011-05;1001;CUMHURİYET;;5 NO LU AFET VE ACİL DURUM TOPLANMA ALANI;26.303482906461;4207 Sk.
GAZİEMİR;;38.312916940066;3513-014-05;15;SEVGİ;;5 NO LU AFET VE ACİL DURUM TOPLANMA ALANI;27.129363179371;651/1 Sk.
TORBALI;;38.179956419451;3528-052-05;9;TORBALI;;5 NO LU AFET VE ACİL DURUM TOPLANMA ALANI;27.349711126519;5023 Sk.
KARABAĞLAR;;38.403910953696;3531-009-05;19;BAHÇELİEVLER;;5 NO LU AFET VE ACİL DURUM TOPLANMA ALANI;27.119320885427;490 Sk.
KARŞIYAKA;;38.464605260809;3516-025-05;20;YALI;;5 NO LU AFET VE ACİL DURUM TOPLANMA ALANI;27.093678991888;6340 Sk.
MENEMEN;;38.606707178181;3522-060-05;17;VİLLAKENT;;5 NO LU AFET VE ACİL DURUM TOPLANMA ALANI;26.914599267044;5119 Sk.
MENEMEN;;38.554485484943;3522-002-05;17;30 AĞUSTOS;;5 NO LU AFET VE ACİL DURUM TOPLANMA ALANI;27.047013997047;7129 Sk.
BAYRAKLI;;38.482328290726;3530-019-05;11;ONUR;;5 NO LU AFET VE ACİL DURUM TOPLANMA ALANI;27.12521085408;7368/5 Sk.
KEMALPAŞA;;38.424851618852;3517-040-05;6;SOĞUKPINAR;;5 NO LU AFET VE ACİL DURUM TOPLANMA ALANI;27.425949458081;271 Sk.
KEMALPAŞA;;38.433588269836;3517-038-05;6;SEKİZ EYLÜL;;5 NO LU AFET VE ACİL DURUM TOPLANMA ALANI;27.415395003893;148/1 Sk.
KARABAĞLAR;;38.393980843605;3531-021-05;19;ESENYALI;;5 NO LU AFET VE ACİL DURUM TOPLANMA ALANI;27.093507451577;108/26 Sk.
BUCA;;38.371265266675;3508-045-05;8;YILDIZ;;5 NO LU AFET VE ACİL DURUM TOPLANMA ALANI;27.18446610767;206/69 Sk.
KEMALPAŞA;;38.479997911779;3517-024-05;6;ULUCAK MUSTAFA KEMAL ATATÜRK;;5 NO LU AFET VE ACİL DURUM TOPLANMA ALANI;27.35817832951;SITKI AYDINEL Cd.
ÇİĞLİ;;38.509374670254;3510-007-05;16;BALATÇIK;;5 NO LU AFET VE ACİL DURUM TOPLANMA ALANI;27.042878129002;8950/1 Sk.
FOÇA;;38.67051003981;3512-008-05;4;İSMETPAŞA;;5 NO LU AFET VE ACİL DURUM TOPLANMA ALANI;26.75771752334;MERSİNAKİ Cd.
NARLIDERE;;38.381424752125;3523-008-05;5;LİMANREİS;;5 NO'LU AFET VE ACİL DURUM TOPLANMA ALANI;26.927173686983;DİLEK
ÖDEMİŞ;;38.223809044693;3524-042-05;998;HÜRRİYET;;5 NO'LU AFET VE ACİL DURUM TOPLANMA ALANI;27.977787074757;KÖKNAR
FOÇA;;38.736909259142;3512-014-05;4;MUSTAFA KEMAL ATATÜRK;;5 NO'LU AFET VE ACİL DURUM TOPLANMA ALANI;26.83789987593;MEHMETÇİK
BORNOVA;;38.429582081631;3507-026-05;2;KEMALPAŞA;;5 NO'LU AFET VE ACİL DURUM TOPLANMA ALANI;27.265356824247;7057
NARLIDERE;;38.395068304974;3523-011-05;5;YENİKALE;;5 NO'LU AFET VE ACİL DURUM TOPLANMA ALANI;27.009039992619;DİLMAÇ
NARLIDERE;;38.393551539909;3523-009-05;5;NARLI;;5 NO'LU AFET VE ACİL DURUM TOPLANMA ALANI;27.004317144354;NAZIM
NARLIDERE;;38.393945960152;3523-004-05;5;ÇAMTEPE;;5 NO'LU AFET VE ACİL DURUM TOPLANMA ALANI;27.009905311025;GÜNGÖREN
ALİAĞA;;38.82138670801;3502-026-05;3;YALI;;5 NO'LU AFET VE ACİL DURUM TOPLANMA ALANI;26.985031796436;19 MAYIS
NARLIDERE;;38.391884508023;3523-007-05;5;ILICA;;5 NO'LU AFET VE ACİL DURUM TOPLANMA ALANI;27.0247085708;PALANDÖKEN
FOÇA;;38.665809529637;3512-001-05;4;ATATÜRK;;5 NO'LU AFET VE ACİL DURUM TOPLANMA ALANI;26.755400410638;DEĞİRMENLİK
ÖDEMİŞ;;38.24226195447;3524-080-05;998;SÜLEYMAN DEMİREL;;5 NO'LU AFET VE ACİL DURUM TOPLANMA ALANI;27.984191016351;ŞEHİT ŞERİF ALİ ÖREN
SELÇUK;;37.944813929605;3526-003-05;10;ATATÜRK;;5 NO'LU AFET VE ACİL DURUM TOPLANMA ALANI;27.364698579392;1084
FOÇA;;38.663309639462;3512-015-05;4;YENİBAĞARASI;;5 NO'LU AFET VE ACİL DURUM TOPLANMA ALANI;26.843699979593;1012
GAZİEMİR;;38.34419660624;3513-004-05;15;BEYAZEVLER;;5 NO'LU AFET VE ACİL DURUM TOPLANMA ALANI;27.146173029458;556
NARLIDERE;;38.395618416191;3523-006-05;5;HUZUR;;5 NO'LU AFET VE ACİL DURUM TOPLANMA ALANI;26.988115477915;SUZAN
ALİAĞA;;38.78956412935;3502-023-05;3;SİTELER;;5 NO'LU AFET VE ACİL DURUM TOPLANMA ALANI;26.964429161478;448
BORNOVA;;38.487635909283;3507-015-05;2;EVKA 4;;5 NO'LU AFET VE ACİL DURUM TOPLANMA ALANI;27.201027816546;BARBAROS
BALÇOVA;;38.36960061954;3503-002-05;14;ÇETİN EMEÇ;;5 NO'LU AFET VE ACİL DURUM TOPLANMA ALANI ;27.086404011337;FUTBOL
ALİAĞA;;38.795583685032;;3;ATATÜRK;;5 NOLU TOPLANMA ALANI;26.960775616782;SANAT Cd.
ALİAĞA;;38.795955813701;;3;KURTULUŞ;;5 NOLU TOPLANMA ALANI;26.98539280987;689 Sk.
ALİAĞA;;38.791122511698;;3;YENİ;;5 NOLU TOPLANMA ALANI;26.981034250087;632 Sk.
ÇİĞLİ;;38.49505909903;3510-023-06;16;SASALI MERKEZ;;6 NO LU AFET VE ACİL DURUM TOPLANMA ALANI;26.954698288531;145 Sk.
BAYRAKLI;;38.453469560805;3530-014-06;11;MANSUROĞLU;;6 NO LU AFET VE ACİL DURUM TOPLANMA ALANI;27.186955047319;283/1 Sk.
GÜZELBAHÇE;;38.340817606675;3514-012-06;1;YELKİ;;6 NO LU AFET VE ACİL DURUM TOPLANMA ALANI;26.865966162558;2356 Sk.
GÜZELBAHÇE;;38.363988707797;3514-003-06;1;ÇELEBİ;;6 NO LU AFET VE ACİL DURUM TOPLANMA ALANI;26.885567607237;351 Sk.
BAYRAKLI;;38.46107702496;3530-002-06;11;ADALET;;6 NO LU AFET VE ACİL DURUM TOPLANMA ALANI;27.174166325553;1643/7 Sk.
GÜZELBAHÇE;;38.379760012212;3514-006-06;1;MALTEPE;;6 NO LU AFET VE ACİL DURUM TOPLANMA ALANI;26.913006440545;29 Sk.
GÜZELBAHÇE;;38.365822549168;3514-004-06;1;KAHRAMANDERE;;6 NO LU AFET VE ACİL DURUM TOPLANMA ALANI;26.877494195336;882 Sk.
ÇEŞME;;38.241191258512;3509-019-06;1001;OVACIK;;6 NO LU AFET VE ACİL DURUM TOPLANMA ALANI;26.314104616045;SAĞLIKÇILAR SİTESİ KümeEvleri
BAYRAKLI;;38.473912575341;3530-018-07;11;OSMANGAZİ;;6 NO LU AFET VE ACİL DURUM TOPLANMA ALANI;27.187448536943;590 Sk.
KINIK;;39.086861158057;3518-031-06;996;POYRACIK;;6 NO LU AFET VE ACİL DURUM TOPLANMA ALANI;27.360642255461;DUMLUPINAR Cd.
BAYRAKLI;;38.480707363715;3530-019-06;11;POSTACILAR;;6 NO LU AFET VE ACİL DURUM TOPLANMA ALANI;27.125403974922;6067/10 Sk.
BAYRAKLI;;38.470099037569;3530-021-06;11;SOĞUKKUYU;;6 NO LU AFET VE ACİL DURUM TOPLANMA ALANI;27.11442844824;6063/2 Sk.
MENDERES;;38.253316921112;3521-038-06;13;MİTHATPAŞA;;6 NO LU AFET VE ACİL DURUM TOPLANMA ALANI;27.145456452705;537/1 Sk.
KEMALPAŞA;;38.407413119978;3517-002-06;6;ÖREN 75.YIL CUMHURİYET;;6 NO LU AFET VE ACİL DURUM TOPLANMA ALANI;27.590394904274;KIRMAN Sk.
KARABAĞLAR;;38.392324318171;3531-031-06;19;KAZIM KARABEKİR;;6 NO LU AFET VE ACİL DURUM TOPLANMA ALANI;27.114922104223;9009 Sk.
KEMALPAŞA;;38.407560191071;3517-023-06;6;ARMUTLU HÜRRİYET;;6 NO LU AFET VE ACİL DURUM TOPLANMA ALANI;27.534256547867;ŞEHİTLER Cd.
URLA;;38.327529066697;3529-031-06;18;YELALTI;;6 NO LU AFET VE ACİL DURUM TOPLANMA ALANI;26.768033861984;YAKUT Sk.
BAYRAKLI;;38.464437347849;3530-013-06;11;MANAVKUYU;;6 NO LU AFET VE ACİL DURUM TOPLANMA ALANI;27.187663128537;YÜZBAŞI İBRAHİM HAKKI Cd.
KEMALPAŞA;;38.425154205327;3517-031-06;6;MEHMET AKİF ERSOY;;6 NO LU AFET VE ACİL DURUM TOPLANMA ALANI;27.426389337684;231 Sk.
KARABAĞLAR;;38.386580750198;3531-048-06;19;TAHSİN YAZICI;;6 NO LU AFET VE ACİL DURUM TOPLANMA ALANI;27.101570144169;9313 Sk.
KARŞIYAKA;;38.471925960524;3516-017-06;20;MAVİŞEHİR;;6 NO LU AFET VE ACİL DURUM TOPLANMA ALANI;27.080418204002;AZİZ NESİN Blv.
BUCA;;38.367193985176;3508-022-06;8;GÖKSU;;6 NO LU AFET VE ACİL DURUM TOPLANMA ALANI;27.145134398062;693/24 Sk.
NARLIDERE;;38.391680908344;3523-005-06;5;ÇATALKAYA;;6 NO LU AFET VE ACİL DURUM TOPLANMA ALANI;27.000682029682;EĞİTİM Sk.
ÇİĞLİ;;38.488819963097;3510-004-06;16;ATAŞEHİR;;6 NO LU AFET VE ACİL DURUM TOPLANMA ALANI;27.05913227019;8211/11 Sk.
BUCA;;38.376631554931;3508-004-06;8;ATATÜRK;;6 NO LU AFET VE ACİL DURUM TOPLANMA ALANI;27.187255582128;202/51 Sk.
TİRE;;38.094685349448;3527-038-06;997;FATİH;;6 NO LU AFET VE ACİL DURUM TOPLANMA ALANI;27.718641889872;MEHMET HÜSNÜ TÜKEL Sk.
KARŞIYAKA;;38.458157559736;3516-001-06;20;AKSOY;;6 NO LU AFET VE ACİL DURUM TOPLANMA ALANI;27.107433302245;GİRNE Blv.
BAYRAKLI;;38.472820569591;3530-009-06;11;EMEK;;6 NO LU AFET VE ACİL DURUM TOPLANMA ALANI;27.124234551002;7267 Sk.
KARŞIYAKA;;38.458959876601;3516-007-06;20;BOSTANLI;;6 NO LU AFET VE ACİL DURUM TOPLANMA ALANI;27.10404300556;MUHARREM CANDAŞ
ÇEŞME;;38.334278265833;3509-021-06;1001;SAKARYA;;6 NO LU AFET VE ACİL DURUM TOPLANMA ALANI;26.311985506074;3139 Sk.
KARŞIYAKA;;38.489512823781;3516-027-06;20;ZÜBEYDE HANIM;;6 NO LU AFET VE ACİL DURUM TOPLANMA ALANI;27.107250859555;7563/10 Sk.
KARŞIYAKA;;38.466856608321;3516-005-06;20;BAHÇELİEVLER;;6 NO LU AFET VE ACİL DURUM TOPLANMA ALANI;27.125457642355;1851/11 Sk.
TORBALI;;38.178505823544;3528-052-06;9;TORBALI;;6 NO LU AFET VE ACİL DURUM TOPLANMA ALANI;27.34874553848;5104 Sk.
FOÇA;;38.661911027304;3512-001-06;4;ATATÜRK;;6 NO LU AFET VE ACİL DURUM TOPLANMA ALANI;26.758999628448;126 Sk.
KARŞIYAKA;;38.465663721169;3516-025-06;20;YALI;;6 NO LU AFET VE ACİL DURUM TOPLANMA ALANI;27.091747809202;6403/1 Sk.
URLA;;38.392391189919;3529-010-06;18;DENİZLİ;;6 NO LU AFET VE ACİL DURUM TOPLANMA ALANI;26.74374914786;140 Sk.
URLA;;38.306568884145;3529-014-06;18;İÇMELER;;6 NO LU AFET VE ACİL DURUM TOPLANMA ALANI;26.7034949104;1153 Sk.
KARŞIYAKA;;38.464420447259;3516-003-06;20;YALI;;6 NO LU AFET VE ACİL DURUM TOPLANMA ALANI;27.092670486632;AŞIK VEYSEL Sk.
ÇEŞME;;38.319334616173;3509-018-06;1001;MUSALLA;;6 NO LU AFET VE ACİL DURUM TOPLANMA ALANI;26.305381968838;1025 Sk.
ÇEŞME;;38.293139063975;3509-002-06;1001;ALAÇATI;;6 NO LU AFET VE ACİL DURUM TOPLANMA ALANI;26.368536994321;15022 Sk.
MENEMEN;;38.554263144254;3522-002-06;17;30 AĞUSTOS;;6 NO LU AFET VE ACİL DURUM TOPLANMA ALANI;27.043924107958;7208 Sk.
BAYRAKLI;;38.480363024724;3530-024-06;11;YAMANLAR;;6 NO LU AFET VE ACİL DURUM TOPLANMA ALANI;27.132796106806;7349/5 Sk.
ÇİĞLİ;;38.509580353012;3510-007-06;16;BALATÇIK;;6 NO LU AFET VE ACİL DURUM TOPLANMA ALANI;27.040271034435;8914 Sk.
ÇEŞME;;38.284591612865;3509-022-06;1001;ŞEHİT MEHMET;;6 NO LU AFET VE ACİL DURUM TOPLANMA ALANI;26.240612376429;364 Sk.
ÇEŞME;;38.36609969247;3509-013-06;1001;GERMİYAN;;6 NO LU AFET VE ACİL DURUM TOPLANMA ALANI;26.471045007714;27163 Sk.
KEMALPAŞA;;38.416332670454;3517-001-05;6;BAĞYURDU 29 EKİM;;6 NO LU AFET VE ACİL DURUM TOPLANMA ALANI;27.638363278684;KEMAL ATATÜRK Cd.
GÜZELBAHÇE;;38.375462127545;3514-011-06;1;YALI;;6 NO LU AFET VE ACİL DURUM TOPLANMA ALANI;26.887740165597;121 Sk.
KEMALPAŞA;;38.434710213594;3517-038-06;6;SEKİZ EYLÜL;;6 NO LU AFET VE ACİL DURUM TOPLANMA ALANI;27.41140121269;134/2 Sk.
KONAK;;38.429566505737;3520-045-06;21;HALKAPINAR;;6 NO LU AFET VE ACİL DURUM TOPLANMA ALANI;27.163609256511;PAKİSTAN Blv.
NARLIDERE;;38.392034091416;3523-009-06;5;NARLI;;6 NO LU AFET VE ACİL DURUM TOPLANMA ALANI;27.004520250991;SAYGIN Sk.
ÇEŞME;;38.342676652457;3509-011-06;1001;DALYAN;;6 NO LU AFET VE ACİL DURUM TOPLANMA ALANI;26.30359021806;4010 Sk.
BUCA;;38.373384910808;3508-045-06;8;YILDIZ;;6 NO LU AFET VE ACİL DURUM TOPLANMA ALANI;27.182513465713;206/43 Sk.
BAYRAKLI;;38.477994550766;3530-017-06;11;ORG.NAFİZ GÜRMAN;;6 NO LU AFET VE ACİL DURUM TOPLANMA ALANI;27.136915963391;7168 Sk.
ÇEŞME;;38.326266069249;3509-016-06;1001;İSMET İNÖNÜ;;6 NO LU AFET VE ACİL DURUM TOPLANMA ALANI;26.31768786897;2095 Sk.
FOÇA;;38.674609482448;3512-008-06;4;İSMETPAŞA;;6 NO'LU AFET VE ACİL DURUM TOPLANMA ALANI;26.753800402683;198
ÖDEMİŞ;;38.221306060288;3524-042-06;998;HÜRRİYET;;6 NO'LU AFET VE ACİL DURUM TOPLANMA ALANI;27.98069006502;1629
BORNOVA;;38.429432827189;3507-026-06;2;KEMALPAŞA;;6 NO'LU AFET VE ACİL DURUM TOPLANMA ALANI;27.265452963444;PINAR
FOÇA;;38.650409678002;3512-015-06;4;YENİBAĞARASI;;6 NO'LU AFET VE ACİL DURUM TOPLANMA ALANI;26.818500126244;PALMİYE
GAZİEMİR;;38.303087522436;3513-014-06;15;SEVGİ;;6 NO'LU AFET VE ACİL DURUM TOPLANMA ALANI;27.131287966636;951
SELÇUK;;37.940013966848;3526-006-07;10;CUMHURİYET;;6 NO'LU AFET VE ACİL DURUM TOPLANMA ALANI;27.37719852257;5112
NARLIDERE;;38.395011176262;3523-006-06;5;HUZUR;;6 NO'LU AFET VE ACİL DURUM TOPLANMA ALANI;26.98805473337;MANDALİNLİK
NARLIDERE;;38.392523232494;3523-007-06;5;ILICA;;6 NO'LU AFET VE ACİL DURUM TOPLANMA ALANI;27.020890481953;TOPRAK
ALİAĞA;;38.792338118352;3502-023-06;3;SİTELER;;6 NO'LU AFET VE ACİL DURUM TOPLANMA ALANI;26.966467146633;ŞEHİT BİNBAŞI YAVUZ BAŞAYAR
FOÇA;;38.728009300464;3512-014-06;4;MUSTAFA KEMAL ATATÜRK;;6 NO'LU AFET VE ACİL DURUM TOPLANMA ALANI;26.834599907845;CENNET
NARLIDERE;;38.382725700404;3523-008-06;5;LİMANREİS;;6 NO'LU AFET VE ACİL DURUM TOPLANMA ALANI;26.934774245673;KIBRIS
GAZİEMİR;;38.319800719195;3513-003-06;15;ATIFBEY;;6 NO'LU AFET VE ACİL DURUM TOPLANMA ALANI;27.13236313938;PROF. DR. TÜRKAN SAYLAN
NARLIDERE;;38.391892298214;3523-004-06;5;ÇAMTEPE;;6 NO'LU AFET VE ACİL DURUM TOPLANMA ALANI;27.010298782585;ACAR
SELÇUK;;37.942513940592;3526-003-06;10;ATATÜRK;;6 NO'LU AFET VE ACİL DURUM TOPLANMA ALANI;27.364198584751;1088
NARLIDERE;;38.395678984064;3523-011-06;5;YENİKALE;;6 NO'LU AFET VE ACİL DURUM TOPLANMA ALANI;27.011766978405;SÜTÇÜLER
ALİAĞA;;38.825327971646;3502-026-06;3;YALI;;6 NO'LU AFET VE ACİL DURUM TOPLANMA ALANI;26.985406995177;145
BALÇOVA;;38.371629873008;3503-002-06;14;ÇETİN EMEÇ;;6 NO'LU AFET VE ACİL DURUM TOPLANMA ALANI ;27.088125504355;UNIVERSIADE
ALİAĞA;;38.787376059301;;3;YENİ;;6 NOLU TOPLANMA ALANI;26.977855854581;600 Sk.
FOÇA;;38.681209184528;3512-008-01;4;İSMETPAŞA;;7 NO LU AFET VE ACİL DURUM TOPLANMA ALANI;26.746300737676;278 Sk.
ÇEŞME;;38.27731510779;3509-022-07;1001;ŞEHİT MEHMET;;7 NO LU AFET VE ACİL DURUM TOPLANMA ALANI;26.257671153963;302 Sk.
BAYRAKLI;;38.4710062228;3530-021-07;11;SOĞUKKUYU;;7 NO LU AFET VE ACİL DURUM TOPLANMA ALANI;27.114342616435;1845/1 Sk.
MENDERES;;38.253165270859;3521-038-07;13;MİTHATPAŞA;;7 NO LU AFET VE ACİL DURUM TOPLANMA ALANI;27.147258888356;548 Sk.
GÜZELBAHÇE;;38.378952602595;3514-006-07;1;MALTEPE;;7 NO LU AFET VE ACİL DURUM TOPLANMA ALANI;26.909449850598;72 Sk.
ÇEŞME;;38.319944881988;3509-018-07;1001;MUSALLA;;7 NO LU AFET VE ACİL DURUM TOPLANMA ALANI;26.308163404478;1031 Sk.
GÜZELBAHÇE;;38.361856172515;3514-003-07;1;ÇELEBİ;;7 NO LU AFET VE ACİL DURUM TOPLANMA ALANI;26.890025420016;592 Sk.
ÇEŞME;;38.344132394819;3509-011-07;1001;DALYAN;;7 NO LU AFET VE ACİL DURUM TOPLANMA ALANI;26.309651977304;4041 Sk.
ÇEŞME;;38.315075448759;3509-013-07;1001;GERMİYAN;;7 NO LU AFET VE ACİL DURUM TOPLANMA ALANI;26.466852830504;ÇÜMEN KümeEvleri
GÜZELBAHÇE;;38.363012874541;3514-004-07;1;KAHRAMANDERE;;7 NO LU AFET VE ACİL DURUM TOPLANMA ALANI;26.881732069267;ŞEHİT KEMAL Cd.
KEMALPAŞA;;38.426978098271;3517-031-07;6;MEHMET AKİF ERSOY;;7 NO LU AFET VE ACİL DURUM TOPLANMA ALANI;27.424812203667;229 Sk.
NARLIDERE;;38.391367673271;3523-005-07;5;ÇATALKAYA;;7 NO LU AFET VE ACİL DURUM TOPLANMA ALANI;27.003015540401;ARAS Sk.
TİRE;;38.09664420596;3527-038-07;997;FATİH;;7 NO LU AFET VE ACİL DURUM TOPLANMA ALANI;27.716721434881;SARAYBOSNA Cd.
KARŞIYAKA;;38.452225995634;3516-001-07;20;AKSOY;;7 NO LU AFET VE ACİL DURUM TOPLANMA ALANI;27.110313990474;1746 Sk.
KARŞIYAKA;;38.492485532781;3516-027-07;20;ZÜBEYDE HANIM;;7 NO LU AFET VE ACİL DURUM TOPLANMA ALANI;27.107696098973;7448/8 Sk.
KARŞIYAKA;;38.460858517134;3516-007-07;20;BOSTANLI;;7 NO LU AFET VE ACİL DURUM TOPLANMA ALANI;27.095567264025;BESTEKAR SADİ HOŞSES Sk.
KEMALPAŞA;;38.404819391008;3517-003-01;6;ARMUTLU 85.YIL CUMHURİYET;;7 NO LU AFET VE ACİL DURUM TOPLANMA ALANI;27.532400472802;KAZIM DİRİK Cd.
KEMALPAŞA;;38.435248065162;3517-038-07;6;SEKİZ EYLÜL;;7 NO LU AFET VE ACİL DURUM TOPLANMA ALANI;27.406573259576;100 Sk.
BAYRAKLI;;38.452095840794;3530-014-07;11;MANSUROĞLU;;7 NO LU AFET VE ACİL DURUM TOPLANMA ALANI;27.183253619605;İSLAM KERİMOV Cd.
BAYRAKLI;;38.461530701269;3530-013-07;11;MANAVKUYU;;7 NO LU AFET VE ACİL DURUM TOPLANMA ALANI;27.19867086448;243 Sk.
BUCA;;38.370760578286;3508-045-07;8;YILDIZ;;7 NO LU AFET VE ACİL DURUM TOPLANMA ALANI;27.182942621406;200/25 Sk.
ÇEŞME;;38.324220791831;3509-016-07;1001;İSMET İNÖNÜ;;7 NO LU AFET VE ACİL DURUM TOPLANMA ALANI;26.314447780596;2123 Sk.
BAYRAKLI;;38.458544096915;3530-002-07;11;MANAVKUYU;;7 NO LU AFET VE ACİL DURUM TOPLANMA ALANI;27.18206271388;ŞEHİT PİLOT ÜSTEĞMEN TÜRKER AYDIN Sk.
GÜZELBAHÇE;;38.341406647857;3514-012-07;1;YELKİ;;7 NO LU AFET VE ACİL DURUM TOPLANMA ALANI;26.862935280542;2487 Sk.
GÜZELBAHÇE;;38.375167741209;3514-011-07;1;YALI;;7 NO LU AFET VE ACİL DURUM TOPLANMA ALANI;26.884784386575;125 Sk.
ÇEŞME;;38.243078767742;3509-019-07;1001;OVACIK;;7 NO LU AFET VE ACİL DURUM TOPLANMA ALANI;26.309341033277;YUVAMKENT SİTESİ KümeEvleri
ÇİĞLİ;;38.492309131752;3510-004-07;16;ATAŞEHİR;;7 NO LU AFET VE ACİL DURUM TOPLANMA ALANI;27.053435280573;8220 Sk.
BAYRAKLI;;38.47510108798;3530-018-01;11;OSMANGAZİ;;7 NO LU AFET VE ACİL DURUM TOPLANMA ALANI;27.184610771909;592/18 Sk.
SELÇUK;;37.948255595451;3526-003-07;10;ATATÜRK;;7 NO LU AFET VE ACİL DURUM TOPLANMA ALANI;27.36730670011;UĞUR MUMCU SEVGİ YOLU Sk.
NARLIDERE;;38.391062847648;3523-009-10;5;NARLI;;7 NO LU AFET VE ACİL DURUM TOPLANMA ALANI;27.006936910906;ÖZYUVA
MENEMEN;;38.552253685135;3522-002-07;17;30 AĞUSTOS;;7 NO LU AFET VE ACİL DURUM TOPLANMA ALANI;27.042786860439;7207 Sk.
BAYRAKLI;;38.476583509441;3530-017-07;11;ORG.NAFİZ GÜRMAN;;7 NO LU AFET VE ACİL DURUM TOPLANMA ALANI;27.140735412432;7128 Sk.
KARŞIYAKA;;38.466923801862;3516-005-07;20;BAHÇELİEVLER;;7 NO LU AFET VE ACİL DURUM TOPLANMA ALANI;27.117089191745;ANADOLU Cd.
KARŞIYAKA;;38.466906974144;3516-025-07;20;YALI;;7 NO LU AFET VE ACİL DURUM TOPLANMA ALANI;27.091297198209;6399 Sk.
BUCA;;38.374158739776;3508-004-07;8;ATATÜRK;;7 NO LU AFET VE ACİL DURUM TOPLANMA ALANI;27.187684737566;202/6 Sk.
ÇEŞME;;38.27871334069;3509-002-07;1001;ALAÇATI;;7 NO LU AFET VE ACİL DURUM TOPLANMA ALANI;26.377458003598;12055 Sk.
BAYRAKLI;;38.476919456673;3530-024-07;11;YAMANLAR;;7 NO LU AFET VE ACİL DURUM TOPLANMA ALANI;27.123140208203;7303/6
BAYRAKLI;;38.485477650385;3530-019-07;11;POSTACILAR;;7 NO LU AFET VE ACİL DURUM TOPLANMA ALANI;27.119406577268;7599/2 Sk.
ALİAĞA;;38.815377021249;3502-026-07;3;YALI;;7 NO'LU AFET VE ACİL DURUM TOPLANMA ALANI;26.984563016648;188
GAZİEMİR;;38.311870257447;3513-014-07;15;SEVGİ;;7 NO'LU AFET VE ACİL DURUM TOPLANMA ALANI;27.130465326945;NEVVAR SALİH İŞGÖREN
NARLIDERE;;38.381722565452;3523-008-07;5;LİMANREİS;;7 NO'LU AFET VE ACİL DURUM TOPLANMA ALANI;26.937031953189;ÖKSÜZ
NARLIDERE;;38.394515957985;3523-011-07;5;YENİKALE;;7 NO'LU AFET VE ACİL DURUM TOPLANMA ALANI;27.012348986629;BARAN
FOÇA;;38.73437382903;3512-014-07;4;MUSTAFA KEMAL ATATÜRK;;7 NO'LU AFET VE ACİL DURUM TOPLANMA ALANI;26.838007720424;ASLI
NARLIDERE;;38.393777437005;3523-006-07;5;HUZUR;;7 NO'LU AFET VE ACİL DURUM TOPLANMA ALANI;26.988753454697;BAHAR
NARLIDERE;;38.390533730418;3523-007-07;5;ILICA;;7 NO'LU AFET VE ACİL DURUM TOPLANMA ALANI;27.025609268682;BODUR
GAZİEMİR;;38.316803735716;3513-003-07;15;ATIFBEY;;7 NO'LU AFET VE ACİL DURUM TOPLANMA ALANI;27.133535138229;PROF. DR. TÜRKAN SAYLAN
KARŞIYAKA;;38.455078406548;3516-007-08;20;BOSTANLI;;8 NO LU AFET VE ACİL DURUM TOPLANMA ALANI;27.099665668845;CEMAL GÜRSEL Cd.
BAYRAKLI;;38.454011480059;3530-014-08;11;MANSUROĞLU;;8 NO LU AFET VE ACİL DURUM TOPLANMA ALANI;27.188612643333;ALİJA İZETBEGOVİC Cd.
GÜZELBAHÇE;;38.361885606834;3514-004-08;1;KAHRAMANDERE;;8 NO LU AFET VE ACİL DURUM TOPLANMA ALANI;26.881292191164;518 Sk.
BAYRAKLI;;38.475928354142;3530-024-08;11;YAMANLAR;;8 NO LU AFET VE ACİL DURUM TOPLANMA ALANI;27.12382685198;7303/3 Sk.
ÇEŞME;;38.318181420845;3509-018-08;1001;MUSALLA;;8 NO LU AFET VE ACİL DURUM TOPLANMA ALANI;26.309206781881;2122 Sk.
BAYRAKLI;;38.469259042405;3530-021-08;11;SOĞUKKUYU;;8 NO LU AFET VE ACİL DURUM TOPLANMA ALANI;27.115780276287;6062/1 Sk.
KEMALPAŞA;;38.425843422427;3517-031-08;6;MEHMET AKİF ERSOY;;8 NO LU AFET VE ACİL DURUM TOPLANMA ALANI;27.424479613239;227 Sk.
KARŞIYAKA;;38.453196417203;3516-001-03;20;AKSOY;;8 NO LU AFET VE ACİL DURUM TOPLANMA ALANI;27.107712259033;1750 Sk.
ÇİĞLİ;;38.522327502784;3510-007-08;16;BALATÇIK;;8 NO LU AFET VE ACİL DURUM TOPLANMA ALANI;27.032095679978;HAVAALANI ŞOSESİ
KARŞIYAKA;;38.469040615536;3516-025-08;20;YALI;;8 NO LU AFET VE ACİL DURUM TOPLANMA ALANI;27.090932415958;6434 Sk.
KEMALPAŞA;;38.434306812206;3517-038-08;6;SEKİZ EYLÜL;;8 NO LU AFET VE ACİL DURUM TOPLANMA ALANI;27.404985401258;KİRAZLI Cd.
GÜZELBAHÇE;;38.343617629634;3514-012-08;1;YELKİ;;8 NO LU AFET VE ACİL DURUM TOPLANMA ALANI;26.866609884589;2185 Sk.
BAYRAKLI;;38.485200509568;3530-019-08;11;POSTACILAR;;8 NO LU AFET VE ACİL DURUM TOPLANMA ALANI;27.117357380236;7651/2 Sk.
BAYRAKLI;;38.478263321543;3530-017-08;11;ORG.NAFİZ GÜRMAN;;8 NO LU AFET VE ACİL DURUM TOPLANMA ALANI;27.140134597752;7020/3 Sk.
GÜZELBAHÇE;;38.377943326053;3514-006-08;1;MALTEPE;;8 NO LU AFET VE ACİL DURUM TOPLANMA ALANI;26.903296895674;MEHMETÇİK Cd.
TİRE;;38.091139010197;3527-038-08;997;FATİH;;8 NO LU AFET VE ACİL DURUM TOPLANMA ALANI;27.722182393384;FAHRETTİN ALTAY
ÇİĞLİ;;38.48552379003;3510-004-08;16;ATAŞEHİR;;8 NO LU AFET VE ACİL DURUM TOPLANMA ALANI;27.071947806797;8250 Sk.
ÇEŞME;;38.319978553129;3509-016-08;1001;İSMET İNÖNÜ;;8 NO LU AFET VE ACİL DURUM TOPLANMA ALANI;26.309555463909;2122 Sk.
ÇEŞME;;38.351461302286;3509-013-08;1001;GERMİYAN;;8 NO LU AFET VE ACİL DURUM TOPLANMA ALANI;26.471431270978;27228 Sk.
GÜZELBAHÇE;;38.37612237832;3514-011-08;1;YALI;;8 NO LU AFET VE ACİL DURUM TOPLANMA ALANI;26.883883167188;139 Sk.
ÇEŞME;;38.27721417466;3509-002-08;1001;ALAÇATI;;8 NO LU AFET VE ACİL DURUM TOPLANMA ALANI;26.372855358898;12500 Sk.
ÇEŞME;;38.249650976887;3509-019-08;1001;OVACIK;;8 NO LU AFET VE ACİL DURUM TOPLANMA ALANI;26.305392829111;ÖZBERİL SİTESİ KümeEvleri
NARLIDERE;;38.38901098886;3523-009-07;5;ÇATALKAYA;;8 NO LU AFET VE ACİL DURUM TOPLANMA ALANI;27.001832696195;ÇİLEK Sk.
BAYRAKLI;;38.459497647253;3530-013-08;11;MANAVKUYU;;8 NO LU AFET VE ACİL DURUM TOPLANMA ALANI;27.194872878816;MUSTAFA KEMAL Cd.
MENEMEN;;38.553873009376;3522-002-08;17;30 AĞUSTOS;;8 NO LU AFET VE ACİL DURUM TOPLANMA ALANI;27.049567448431;7127 Sk.
ÇEŞME;;38.352731581715;3509-011-08;1001;DALYAN;;8 NO LU AFET VE ACİL DURUM TOPLANMA ALANI;26.315434774708;4146 Sk.
BAYRAKLI;;38.468956725905;3530-018-03;11;OSMANGAZİ;;8 NO LU AFET VE ACİL DURUM TOPLANMA ALANI;27.196846958948;567/8 Sk.
FOÇA;;38.736909253129;3512-014-08;4;MUSTAFA KEMAL ATATÜRK;;8 NO'LU AFET VE ACİL DURUM TOPLANMA ALANI;26.833099899748;ORUÇ REİS
NARLIDERE;;38.395813866916;3523-011-08;5;YENİKALE;;8 NO'LU AFET VE ACİL DURUM TOPLANMA ALANI;27.016762262789;BURAK
NARLIDERE;;38.389675014191;3523-007-08;5;ILICA;;8 NO'LU AFET VE ACİL DURUM TOPLANMA ALANI;27.027676917766;ALKAN
NARLIDERE;;38.393336896298;3523-006-08;5;HUZUR;;8 NO'LU AFET VE ACİL DURUM TOPLANMA ALANI;26.988855457371;MANDALİNLİK
BAYRAKLI;;38.470955825809;3530-021-09;11;SOĞUKKUYU;;9 NO LU AFET VE ACİL DURUM TOPLANMA ALANI;27.116145052014;1845/2 Sk.
ÇEŞME;;38.356534421272;3509-011-09;1001;DALYAN;;9 NO LU AFET VE ACİL DURUM TOPLANMA ALANI;26.319962313659;4112 Sk.
KARŞIYAKA;;38.459648758153;3516-007-09;20;BOSTANLI;;9 NO LU AFET VE ACİL DURUM TOPLANMA ALANI;27.090052671801;AŞIK VEYSEL Sk.
GÜZELBAHÇE;;38.343655494882;3514-012-09;1;YELKİ;;9 NO LU AFET VE ACİL DURUM TOPLANMA ALANI;26.866078809801;2185 Sk.
KEMALPAŞA;;38.432710019326;3517-038-09;6;SEKİZ EYLÜL;;9 NO LU AFET VE ACİL DURUM TOPLANMA ALANI;27.405865164038;103/1 Sk.
GÜZELBAHÇE;;38.374557937682;3514-011-09;1;YALI;;9 NO LU AFET VE ACİL DURUM TOPLANMA ALANI;26.879173234477;135 Sk.
ÇEŞME;;38.286916056195;3509-002-09;1001;ALAÇATI;;9 NO LU AFET VE ACİL DURUM TOPLANMA ALANI;26.369797637863;ALAÇATI ATATÜRK Blv.
NARLIDERE;;38.390835797747;3523-009-08;5;ÇATALKAYA;;9 NO LU AFET VE ACİL DURUM TOPLANMA ALANI;27.003729005349;TUNA Cd.
ÇEŞME;;38.314953197349;3509-018-09;1001;MUSALLA;;9 NO LU AFET VE ACİL DURUM TOPLANMA ALANI;26.302190164406;1077 Sk.
ÇİĞLİ;;38.492355315328;3510-004-09;16;ATAŞEHİR;;9 NO LU AFET VE ACİL DURUM TOPLANMA ALANI;27.051815234302;8220 Sk.
BAYRAKLI;;38.457491847285;3530-014-09;11;MANSUROĞLU;;9 NO LU AFET VE ACİL DURUM TOPLANMA ALANI;27.197665047882;261 Sk.
BAYRAKLI;;38.459716071764;3530-013-09;11;MANAVKUYU;;9 NO LU AFET VE ACİL DURUM TOPLANMA ALANI;27.189959095973;274/5 Sk.
BAYRAKLI;;38.459514451225;3530-013-09;11;MANSUROĞLU;;9 NO LU AFET VE ACİL DURUM TOPLANMA ALANI;27.196482196193;SAKARYA Cd.
KARŞIYAKA;;38.471560583974;3516-025-09;20;YALI;;9 NO LU AFET VE ACİL DURUM TOPLANMA ALANI;27.091318647835;6485 Sk.
GÜZELBAHÇE;;38.379204914535;3514-006-09;1;MALTEPE;;9 NO LU AFET VE ACİL DURUM TOPLANMA ALANI;26.906365325228;94 Sk.
KEMALPAŞA;;38.427314293236;3517-031-09;6;MEHMET AKİF ERSOY;;9 NO LU AFET VE ACİL DURUM TOPLANMA ALANI;27.423052682752;213 Sk.
ÇİĞLİ;;38.504396065069;3510-007-09;16;BALATÇIK;;9 NO LU AFET VE ACİL DURUM TOPLANMA ALANI;27.046064586051;8786
GÜZELBAHÇE;;38.359828720164;3514-004-09;1;KAHRAMANDERE;;9 NO LU AFET VE ACİL DURUM TOPLANMA ALANI;26.881882277789;ATA Cd.
NARLIDERE;;38.393305038933;3523-006-09;5;HUZUR;;9 NO'LU AFET VE ACİL DURUM TOPLANMA ALANI;26.992984117186;ÖĞRETMENLER
FOÇA;;38.73410927081;3512-014-09;4;MUSTAFA KEMAL ATATÜRK;;9 NO'LU AFET VE ACİL DURUM TOPLANMA ALANI;26.836299888764;MALİYECİLER
