ilce_adi,ilce_id,mahalle_adi,lat,lon,alan_m2,adres,tabela_no
ÇEŞME,1001,ÜNİVERSİTE,38.359739740429,26.30963585461,2.496,4261/1 Sk.,3509-024-01
KINIK,996,KALEMKÖY,39.044441364998,27.501204154956,550.0,29 EKİM Cd.,3518-020-01
ÇİĞLİ,16,SASALI MERKEZ,38.494252973057,26.946667796092,9.2,39 Sk.,3510-023-01
KINIK,996,ÇANKÖY,39.016924849555,27.435947710772,937.0,SERİN KUYU KümeEvleri,3518-011-01
MENDERES,13,BARBAROS,38.253342172883,27.122861637517,3.678,321 Sk.,3521-006-01
KINIK,996,DÜNDARLI,39.101779432817,27.30441267072,2.65,YAYAKENT Cd.,3518-014-01
MENDERES,13,ALTINTEPE,38.249382283723,27.140875269327,7.916,9504 Sk.,3521-003-01
MENDERES,13,ÇİLEME,38.136594626074,27.194937789239,24.349,KARAKUYU YOLU Cd.,3521-013-01
ÇEŞME,1001,MUSALLA,38.318896910846,26.308273376476,940.0,1049 Sk.,3509-018-01
BAYINDIR,7,ALANKÖY,38.24506889888,27.779270012113,9.554,TERS DERE Sk.,3504-002-01
MENDERES,13,ORTA,38.052700154702,27.052288047645,3.353,1150/1 Sk.,3521-041-01
KINIK,996,YAYLAKÖY,39.032391422406,27.513562393481,4.57,UYGAR Sk.,3518-036-01
BAYINDIR,7,ÇİFTÇİGEDİĞİ,38.20022814358,27.50289664516,728.0,ÇİFTÇİGEDİĞİ KümeEvleri,3504-015-01
MENDERES,13,OĞLANANASI ATATÜRK,38.242978648396,27.214850232709,3.072,İKİNCİ İNÖNÜ ZAFERİ Cd.,3521-039-01
GÜZELBAHÇE,1,KÜÇÜKKAYA,38.333336358164,26.896409095239,10.042,ESKİ KÜÇÜKKAYA Sk.,3514-005-01
ÇEŞME,1001,ÇAKABEY,38.31212895716,26.336291603959,2.1,2250 Sk.,3509-009-01
ÇEŞME,1001,YALI,38.335582829961,26.43245363473,3820.0,6267 Sk.,3509-025-01
BAYINDIR,7,BURUNCUK,38.198002461252,27.714511151552,500.0,BURUNCUK KümeEvleri,3504-007-01
KINIK,996,SUCAHLI,39.07606562283,27.287010626394,2.5,YAYAKENT YOLU Sk.,3518-032-01
BEYDAĞ,993,SARIKAYA,38.117150382321,28.17816636571,768.0,UYGAR KümeEvleri,3506-019-01
BEYDAĞ,993,ATATÜRK,38.085167281018,28.216001468743,1.0,NAZİLLİ Cd.,3506-004-01
MENDERES,13,ATA,38.292019971734,27.131444598272,15.658,5101 Sk.,3521-004-01
ÇEŞME,1001,16 EYLÜL,38.335557433066,26.303370291492,7.3,3011 Sk.,3509-001-01
BEYDAĞ,993,ÇOMAKLAR,38.063244038052,28.249963467023,1.6,ÇOMAKLAR KümeEvleri,3506-010-01
ÇEŞME,1001,ILDIR,38.376092499599,26.488570455041,2.9,37208 Sk.,3509-014-01
ÇEŞME,1001,ALTINYUNUS,38.315643513463,26.342170969985,1.06,3436/1 Sk.,3509-004-01
ÇEŞME,1001,MUSALLA,38.314380775988,26.303965778946,3.04,1066 Sk.,3509-018-11
BAYINDIR,7,CAMİİ,38.223282022404,27.646525500325,4.985,PAMUK PAZARI Sk.,3504-008-01
BEYDAĞ,993,MUTAFLAR,38.085000540529,28.26228008216,1.0,YUKARI KümeEvleri,3506-017-01
MENDERES,13,AKÇAKÖY,38.256627868305,27.101983421993,4.209,AKÇAKÖY Sk.,3521-002-01
KINIK,996,MUSACALI,39.037360121072,27.238886730766,400.0,MİMOZA Cd.,3518-028-01
MENDERES,13,TEKELİ ATATÜRK,38.184307864149,27.186097194023,7.573,9028/6 Sk.,3521-045-01
MENDERES,13,KEMALPAŞA,38.261109713445,27.130071366066,2.462,ATATÜRK Cd.,3521-032-01
ÇİĞLİ,16,EVKA-2,38.49921143988,27.085836192628,7.1,6853 Sk.,3510-012-01
BEYDAĞ,993,ALAKEÇİLİ,38.078987684302,28.189281439624,352.0,BAŞAK KümeEvleri,3506-003-01
ÇEŞME,1001,ALAÇATI,38.288541347399,26.383047680696,16.3,İNÖNÜ Cd.,3509-002-01
KINIK,996,AŞAĞI,39.086353195731,27.382276850186,1.2,CUMHURİYET Cd.,3518-003-01
BEYDAĞ,993,CUMHURİYET,38.083818240107,28.20587349801,1.916,ÇAYAĞZI Sk.,3506-007-02
BAYINDIR,7,YAKACIK,38.201240079687,27.701164541168,7.44,ŞİRİNKIR Sk.,3504-053-01
MENDERES,13,YENİKÖY,38.222145666382,27.056407614052,91.979,7969 Sk.,3521-047-01
BEYDAĞ,993,BAKIRKÖY,38.12373403156,28.253868661315,1.012,TUNA KümeEvleri,3506-005-01
BEYDAĞ,993,KURUDERE,38.14381872552,28.245328520655,1.008,DOĞA KümeEvleri,3506-015-01
MENDERES,13,ÇUKURALTI,38.021164296206,27.096442400712,8.159,MUSTAFA KEMAL PAŞA Blv.,3521-014-01
BAYINDIR,7,ELİFLİ,38.200430568704,27.579800556014,2.3,ELİFLİ KümeEvleri,3504-019-01
GÜZELBAHÇE,1,PAYAMLI,38.316275503681,26.923370554625,604.0,GAZİ Cd.,3514-008-01
BAYINDIR,7,HİSARLIK,38.268792707046,27.652756170394,2.0,HİSARLIK B KümeEvleri,3504-029-01
MENDERES,13,BULGURCA,38.215031656917,27.229141016639,19.176,ATAM Blv.,3521-007-01
ÇEŞME,1001,SAKARYA,38.327604295084,26.310531768688,2.7,3104 Sk.,3509-021-01
ÇEŞME,1001,İSMET İNÖNÜ,38.326392312304,26.312130359531,3.07,2051 Sk.,3509-016-01
BAYINDIR,7,ÇENİKLER,38.242776928502,27.732320862354,750.0,HAŞMET ÖZBEY Sk.,3504-011-01
BAYINDIR,7,TURAN,38.225517702758,27.678934466582,1.5,BAŞÖĞRETMEN ATATÜRK Sk.,3504-052-01
MENDERES,13,GÖLOVA,38.031339893178,27.242316261917,2.61,GÖLOVA Sk.,3521-023-01
MENDERES,13,ATAKÖY,38.091417108512,27.16712886157,4.46,5603 Sk.,3521-005-01
BAYINDIR,7,ÇAMLIBEL,38.248203141013,27.5840061641,800.0,ÇAMLIBEL KümeEvleri,3504-010-01
MENDERES,13,KEMALPAŞA,38.255667478755,27.135972205368,27.073,İNÖNÜ Cd.,3521-034-03
KINIK,996,HAMZAHOCALI,39.123654385337,27.462954565057,3.758,KANAL Sk.,3518-017-01
BAYINDIR,7,SÖĞÜTÖREN,38.225214181271,27.574296651974,2.0,KÖY İÇİ KümeEvleri,3504-050-01
BAYINDIR,7,SARIYURT,38.283346794957,27.713180651943,1.576,SARIYURT KümeEvleri,3504-049-01
MENDERES,13,ÇATALCA,38.259492184743,27.069797070818,3.786,7419 Sk.,3521-011-01
KINIK,996,YENİ,39.087527381396,27.37972876189,3.0,ŞEHİT HALİL BALYA Cd.,3518-037-01
BEYDAĞ,993,PALAMUTÇUK,38.073042039212,28.275798367742,1.088,ÇAĞLAR KümeEvleri,3506-018-01
MENDERES,13,SANCAKLI,38.14361519735,27.169617852489,3.968,AŞAĞI SANCAKLI Cd.,3521-043-01
BEYDAĞ,993,KARAOBA,38.129675622295,28.247130976117,18.0,KULLAR KümeEvleri,3506-014-01
BAYINDIR,7,SADIKPAŞA,38.216650524555,27.644387800669,3.4,AĞUSTOSLU Sk.,3504-048-02
BAYINDIR,7,KIZILCAOVA,38.205817864637,27.51285831063,2.3,KIZILCAOVA ATATÜRK Sk.,3504-037-01
BAYINDIR,7,YENİ,38.223149267306,27.641662679883,750.0,ER Myd.,3504-055-01
BAYINDIR,7,KARAPINAR,38.229630679859,27.750044831353,500.0,KARAPINAR KümeEvleri,3504-034-01
BEYDAĞ,993,YENİYURT,38.066757921337,28.220266186132,304.0,ZAFER,3506-022-01
BEYDAĞ,993,YAĞCILAR,38.09168825316,28.153576027941,2.0,YASEMİN KümeEvleri,3506-021-01
MENDERES,13,AHMETBEYLİ,37.993944093013,27.235449902677,25.371,4116 Sk.,3521-001-01
ÇEŞME,1001,REİSDERE,38.317781708238,26.415488781065,14.7,6002/2 Sk.,3509-020-01
MENDERES,13,GAZİPAŞA,38.264765738496,27.141272208496,4.688,19 MAYIS Cd.,3521-021-01
MENDERES,13,DEREKÖY,38.24596139455,27.113034085513,1.364,DEREKÖY Cd.,3521-018-01
BEYDAĞ,993,MENDERES,38.103035903902,28.205331667658,568.0,MENDERES KümeEvleri,3506-016-01
BAYINDIR,7,YEŞİLOVA,38.167642522245,27.562033743795,1.07,ORTA,3504-057-01
BEYDAĞ,993,TABAKLAR,38.063987360222,28.228162575432,296.0,TABAKLAR KümeEvleri,3506-020-01
TORBALI,9,SAİPLER,38.26661075648,27.368995972282,644.0,SAİPLER KümeEvleri,3528-047-01
KARŞIYAKA,20,BAHRİYE ÜÇOK,38.461597814041,27.108195039962,15.5,GİRNE Blv.,3516-006-01
BERGAMA,999,KAPUKAYA,39.174163202058,27.14485406197,280.0,KAPIKAYA KümeEvleri,3505-074-01
TİRE,997,EĞRİDERE,38.058734948797,27.899561401576,1.7,ŞEHİT ASTSUBAY TEVFİK TURSUN Sk.,3527-035-01
TİRE,997,OSMANCIK,38.067825070386,27.890368162593,1.225,AKASYA Sk.,3527-070-01
TİRE,997,DUMLUPINAR,38.082320962981,27.72628214264,610.0,YAVUKLUOĞLU Sk.,3527-033-01
TİRE,997,AKKOYUNLU,38.122843050088,27.655248154993,2.092,CAMİLİ KümeEvleri,3527-004-01
URLA,18,YENİKENT,38.3353728342,26.781932985397,8.302,KIRMIZI Sk.,3529-034-01
KARŞIYAKA,20,YALI,38.467679800797,27.095309761612,7.0,6415/1 Sk.,3516-025-01
ÖDEMİŞ,998,BADEMLİ,38.078649755532,28.05675950169,886.0,YENİKAHVE Sk.,3524-006-01
TİRE,997,AKMESCİT,37.999611361531,27.704927967983,1.923,KUZYAKA Sk.,3527-005-01
KONAK,21,GÜNEŞLİ,38.402279864772,27.127002696471,4.899,520/2 Sk.,3520-040-01
BERGAMA,999,EĞRİGÖL,39.050260006473,27.122238001672,4.2,EĞRİGÖL Sk.,3505-045-01
KARABAĞLAR,19,GÜLYAKA,38.392376878064,27.118599394332,1.309,SAİM ÇIKRIKÇI Cd.,3531-031-01
BUCA,8,ADATEPE,38.393468009027,27.191729456241,15.8,1251 Sk.,3508-010-01
TİRE,997,İBNİ MELEK,38.084463819398,27.721413954463,6.487,SELÇUK Cd.,3527-079-01
TİRE,997,YEĞENLİ,38.124829891201,27.925431082211,1.256,YEĞENLİ ATATÜRK Myd.,3527-083-01
KİRAZ,994,CERİTLER,38.245979293431,28.203700692405,1.9,KOCACERİTLER KümeEvleri,3519-009-01
KARABURUN,1000,SAİP,38.623317670197,26.519624457643,1.6,3222 Sk.,3515-012-01
KİRAZ,994,TEKBIÇAKLAR,38.184916113216,28.318498780551,600.0,TEKBIÇAKLAR KümeEvleri,3519-046-01
KEMALPAŞA,6,ULUCAK CUMHURİYET,38.472031241322,27.355375448065,2.017,77 Sk.,3517-011-01
KİRAZ,994,SULUDERE,38.249113708792,28.233140474205,1.7,SULUDERE KümeEvleri,3519-043-01
KİRAZ,994,MAVİDERE,38.137270787627,28.338969369084,1.6,MAVİDERE KümeEvleri,3519-031-01
KARABAĞLAR,19,LİMONTEPE,38.378262088007,27.099929995662,1.275,9693 Sk.,3531-033-01
BERGAMA,999,İKİZLER,39.349571413404,27.309948297177,350.0,İKİZLER KümeEvleri,3505-065-01
BERGAMA,999,PAŞAKÖY,39.217832098676,27.304884538134,1.17,PAŞAKÖY KümeEvleri,3505-102-01
KİRAZ,994,YENİKÖY,38.19058284265,28.261550378996,800.0,YENİKÖY KümeEvleri,3519-054-01
KARABAĞLAR,19,REİS,38.398702242091,27.117003477226,1.017,9165/1 Sk.,3531-042-01
KARABAĞLAR,19,BOZYAKA,38.386353713159,27.123985253326,9.368,5714/1 Sk.,3531-013-01
KARABAĞLAR,19,CENNETÇEŞME,38.359794238619,27.088823055001,4.39,3994 Sk.,3531-014-01
BERGAMA,999,KAPLAN (YUKARIBEY BUCAĞI),39.235185251741,26.958473506976,800.0,KAPLAN (YUKARIBEY BUCAĞI) KümeEvleri,3505-076-01
BERGAMA,999,TAVUKÇUKURU,38.950874036871,27.265574729512,1.45,TAVUKÇUKURU MERKEZ KümeEvleri,3505-115-01
BERGAMA,999,AZİZİYE,39.191860323364,27.335418704071,1.9,AYASPAŞA Cd.,3505-018-01
BERGAMA,999,BALABAN,38.953210144661,27.201974493788,200.0,BALABAN KümeEvleri,3505-020-01
ÇİĞLİ,16,İZKENT,38.508526759115,27.0647112034,6.5,8831 Sk.,3510-018-01
TİRE,997,İSTİKLAL,38.086071478424,27.749724526214,10.143,KANLIKAVAK Sk.,3527-032-01
KİRAZ,994,AYDOĞDU,38.240653933035,28.25159399666,950.0,AYDOĞDU KümeEvleri,3519-006-01
ÇİĞLİ,16,CUMHURİYET,38.537703377432,27.052802204324,5.5,MİMAR SİNAN Cd.,3510-008-01
URLA,18,NAİPLİ,38.32012953591,26.769140280773,1.024,SARGIN Sk.,3529-020-01
KONAK,21,HUZUR,38.419749230738,27.17086193007,1.488,BOĞAZİÇİ Cd.,3520-020-01
BERGAMA,999,TEPEKÖY,39.091241065363,27.106187668492,6.7,MERKEZ KümeEvleri,3505-117-01
TİRE,997,KARACA ALİ,38.085643982932,27.756851120499,1.224,KARACAALİ Cd.,3527-052-01
TİRE,997,YENİOBA,38.098578606286,27.579024218835,1.468,BAYAR Sk.,3527-087-01
URLA,18,BARBAROS,38.322356731962,26.578196117887,12.804,BARBAROS Cd.,3529-005-01
FOÇA,4,FEVZİ ÇAKMAK,38.74510600309,26.831703077952,14.5,ALİ STAİR Cd.,3512-004-01
KEMALPAŞA,6,DEREKÖY,38.338285274171,27.455475207373,1.205,DEREKÖY YOLU KümeEvleri,3517-016-01
BUCA,8,EFELER,38.387850656721,27.161302638475,3.0,330 Sk.,3508-041-01
KEMALPAŞA,6,ÖRNEKKÖY,38.418505470789,27.471611167714,6.782,1057/1 Sk.,3517-035-01
TORBALI,9,KIRBAŞ,38.118196360705,27.445948399775,1.275,86. YIL CUMHURİYET Cd.,3528-035-01
KARŞIYAKA,20,YAMANLAR,38.542436414307,27.132667255915,1.6,YAMANLAR KümeEvleri,3516-026-01
KEMALPAŞA,6,BAYRAMLI,38.321873759944,27.537314386816,739.0,BAYRAMLI YOLU KümeEvleri,3517-008-01
KARŞIYAKA,20,GONCALAR,38.466335769703,27.10787316842,1.3,6038 Sk.,3516-013-01
KEMALPAŞA,6,KIZILÜZÜM,38.439449890987,27.367381009351,777.0,KIZILÜZÜM KÖY YOLU KümeEvleri,3517-029-01
KONAK,21,EGE,38.434499849862,27.15504767967,17.0,İŞÇİLER Cd.,3520-100-02
TİRE,997,ÜZÜMLER,38.018299449183,27.514060228387,1.679,SELVİLİ Sk.,3527-081-01
KEMALPAŞA,6,ARMUTLU HÜRRİYET,38.405508808189,27.536627612127,2.163,ALİ FEHMİ Cd.,3517-023-01
KARABAĞLAR,19,MALİYECİLER,38.38783271552,27.093445771522,1.298,52/1 Sk.,3531-035-01
KARABAĞLAR,19,ADNAN SÜVARİ,38.394401284307,27.096457866046,8.3,108/24 Sk.,3531-002-01
URLA,18,YENİ,38.32123956207,26.765143807451,3.735,ARSALI Sk.,3529-032-01
BERGAMA,999,HACILAR (İSMAİLLİ BUCAĞI),38.964889901614,27.240941417362,250.0,HACILAR (İSMAİLLİ BUCAĞI) KümeEvleri,3505-060-01
ÖDEMİŞ,998,YEŞİLKÖY,38.13787821695,28.172458623361,1.66,YEŞİLKÖY KümeEvleri,3524-095-01
TİRE,997,TOPARLAR,37.984422484376,27.747159158908,436.0,YURT Sk.,3527-078-01
KİRAZ,994,CEVİZLİ,38.230642644825,28.458015861307,1.7,CEVİZLİ KümeEvleri,3519-010-01
KONAK,21,ZEYTİNLİK,38.419513860567,27.163201579703,2.025,1140 Sk.,3520-113-01
KARABAĞLAR,19,BARIŞ,38.380992353656,27.123580250852,1.1,ŞEHİT PİLOT VOLKAN KOÇYİĞİT Blv.,3531-011-01
KEMALPAŞA,6,HALİLBEYLİ,38.43985775474,27.666864254023,772.0,MUSTAFA KEMAL ATATÜRK Cd.,3517-020-01
ÖDEMİŞ,998,KÖSELER,38.256190556223,27.887974024438,535.0,KÖSELER KümeEvleri,3524-059-01
DİKİLİ,995,CUMHURİYET,39.076633640987,26.890410385254,12.0,304 Sk.,3511-003-01
KEMALPAŞA,6,SARILAR,38.414537946986,27.656489560328,2.352,SAZ MAH. YOLU KümeEvleri,3517-037-01
KARABAĞLAR,19,ALİ FUAT CEBESOY,38.381862799788,27.110888099732,3.282,9125/24 Sk.,3531-003-01
ÖDEMİŞ,998,ANAFARTALAR,38.23515935388,27.97790271712,1.29,SAĞLIK Cd.,3524-003-01
URLA,18,TORASAN,38.323480552908,26.709331337618,1.372,566 Sk.,3529-027-01
KEMALPAŞA,6,YUKARIKIZILCA MERKEZ,38.385601425693,27.4984680458,2.5,YUKARIKIZILCA BELEDİYE Cd.,3517-049-01
KİRAZ,994,ÇANAKÇI,38.255179899329,28.249019067928,1.98,ÇANAKÇI KümeEvleri,3519-012-01
KARABURUN,1000,EĞLENHOCA,38.542805022542,26.569062837969,1.7,EĞLENHOCA KümeEvleri,3515-003-01
URLA,18,RÜSTEM,38.328934601666,26.761980144146,4.3,FENERLİLER Sk.,3529-024-01
KİRAZ,994,SAÇLI,38.257909448982,28.174904617103,680.0,TÜTÜZLER KümeEvleri,3519-038-02
KEMALPAŞA,6,ÖREN EGEMEN,38.409266893879,27.59750272001,1.351,GAZİ MUSTAFA KEMAL Cd.,3517-017-01
KARABAĞLAR,19,ESENTEPE,38.388212173412,27.075021769196,9.8,46/24 Sk.,3531-020-01
BERGAMA,999,KURFALLI,39.018058134881,27.072456499575,1.9,İZMİR ÇANAKKALE YOLU Cd.,3505-089-01
BAYINDIR,7,ZEYTİNOVA,38.204342700838,27.728973540752,5.4,EĞREK Cd.,3504-059-01
BUCA,8,GÖKSU,38.371870843881,27.143804021164,4.148,638 Sk.,3508-022-01
TİRE,997,HÜRRİYET,38.098121766328,27.725186441843,9.883,MALTEPE Cd.,3527-043-01
KEMALPAŞA,6,BAĞYURDU KAZIMPAŞA,38.412814590177,27.628326507741,2.21,DEVECİ ÖMER Sk.,3517-026-01
KİRAZ,994,KİBAR,38.21408864728,28.413984940138,400.0,KİBAR KümeEvleri,3519-030-01
KİRAZ,994,GEDİK,38.237856167433,28.150915083117,1.0,MERKEZ KümeEvleri,3519-019-01
KİRAZ,994,ARKACILAR,38.208457241553,28.206146908033,1.6,ARKACILAR KümeEvleri,3519-004-01
KİRAZ,994,KARABAĞ,38.250124722374,28.174732967555,1.6,SEKİ KümeEvleri,3519-025-01
KİRAZ,994,KARABURÇ,38.2346877137,28.300860588223,400.0,KARABURÇ KümeEvleri,3519-027-01
KİRAZ,994,SOLAKLAR,38.184228841572,28.346527734903,2.77,SOLAKLAR KümeEvleri,3519-042-01
KİRAZ,994,İĞDELİ,38.217966157171,28.380167798748,5.0,İĞDELİ KümeEvleri,3519-022-01
KONAK,21,UMURBEY,38.439390841242,27.148191979318,1.3,LİMAN Cd.,3520-100-01
KARABAĞLAR,19,TAHSİN YAZICI,38.38706430851,27.107095466319,8.57,9301 Sk.,3531-048-01
BERGAMA,999,SÜLEYMANLI,39.064056232836,27.065332505798,380.0,SÜLEYMANLI KümeEvleri,3505-113-01
TİRE,997,KIZILCAHAVLU,38.150082140932,27.887565146889,2.194,KIZILCAHAVLU DEMOKRASİ,3527-056-01
KONAK,21,MİMAR SİNAN,38.427717439248,27.141765458259,420.441,MONTRÖ Myd.,3520-075-01
BUCA,8,İNKILAP,38.391071406226,27.148664127274,74.489,504 Sk.,3508-025-01
BUCA,8,FIRAT,38.374461496995,27.148202817604,4.8,288/32 Sk.,3508-020-01
BUCA,8,ÇAMLIPINAR,38.368741775294,27.163158749954,3.3,254 Sk.,3508-015-01
BUCA,8,EFELER,38.384486776816,27.155584203067,42.364,303/2 Sk.,3508-019-01
ÖDEMİŞ,998,SEKİKÖY,38.225787573161,27.85325572778,2.996,SEKİKÖY KümeEvleri,3524-077-01
TİRE,997,İPEKÇİLER,38.089452341973,27.738926001747,884.0,CELAL BAYAR,3527-049-01
SELÇUK,10,BARUTÇU,38.012543031486,27.326773260834,1.0,105 Sk.,3526-004-01
KARABURUN,1000,KÜÇÜKBAHÇE,38.564350788377,26.373713121346,2.275,KÜÇÜKBAHÇE DENİZGİREN KümeEvleri,3515-008-01
KARABAĞLAR,19,DEVRİM,38.371357715323,27.110770100912,11.36,3771/5 Sk.,3531-017-01
KARABAĞLAR,19,ÜÇKUYULAR,38.39453579901,27.072908188277,1.914,12/1 Sk.,3531-053-01
BERGAMA,999,KIRANLI,39.301235834935,27.158114616228,1.15,KIRANLI KümeEvleri,3505-082-01
KİRAZ,994,UMURLU,38.121877338018,28.4363867712,600.0,UMURLU KümeEvleri,3519-049-01
URLA,18,İÇMELER,38.3090103097,26.682251917472,5.57,1050 Sk.,3529-014-01
URLA,18,KADIOVACIK,38.343091364281,26.552299482126,848.0,KEMAL TUĞRUL Cd.,3529-016-01
TİRE,997,BÜYÜKKÖMÜRCÜ,38.020237344588,27.75934700168,1.498,BÜYÜKKÖMÜRCÜ CUMHURİYET KümeEvleri,3527-017-01
TİRE,997,ÇOBANKÖY,38.08796525588,27.890794602093,1.998,ÇOBAN MERKEZ KümeEvleri,3527-023-01
KARABAĞLAR,19,GÜLYAKA,38.390735013603,27.122603915173,1.156,2992 Sk.,3531-026-01
KARŞIYAKA,20,MUSTAFA KEMAL,38.491717157767,27.091382986119,11.5,ŞEHİT PİLOT ÜSTEĞMEN OSMAN ONUR ÖZKAYA Cd.,3516-018-01
TORBALI,9,TEPEKÖY,38.149808484203,27.361598665603,1.235,TEPEKÖY ATATÜRK Myd.,3528-051-01
TİRE,997,GÖKÇEN,38.122347386173,27.868383465363,20.805,GAZİ ATATÜRK Cd.,3527-039-01
KEMALPAŞA,6,NAZARKÖY,38.384133854233,27.443072661011,1.384,SAVANDA KURUDERE YOLU KümeEvleri,3517-033-01
KONAK,21,FERAHLI,38.413932187819,27.161506441456,4.07,1163 Sk.,3520-036-01
KARŞIYAKA,20,BAHARİYE,38.461463408715,27.117057014675,6.2,HİDAYET ERZEYBEK Cd.,3516-004-01
TORBALI,9,TAŞKESİK,38.171893540004,27.445218757283,1.54,6370 Sk.,3528-050-01
TORBALI,9,DAĞTEKE,38.249045633362,27.509333837362,200.0,6233 Sk.,3528-017-01
KARABAĞLAR,19,GENERAL ASIM GÜNDÜZ,38.392072066292,27.131755564375,1.89,5716 Sk.,3531-024-01
BERGAMA,999,OKÇULAR,39.285891447125,26.966241055414,400.0,OKÇULAR KümeEvleri,3505-096-01
BERGAMA,999,KOCAHALİLLER,38.935620284659,27.285358633232,130.0,KOCAHALİLLER KümeEvleri,3505-085-01
BERGAMA,999,FERİZLER,39.191627458227,27.297074027943,880.0,FERİZLER KümeEvleri,3505-048-01
KONAK,21,GÖZTEPE,38.400816855991,27.093829303435,33.0,103/1 Sk.,3520-038-01
BEYDAĞ,993,YUKARIAKTEPE,38.103441191074,28.261035517712,250.0,EKİN KümeEvleri,3506-024-01
BEYDAĞ,993,YEŞİLTEPE,38.108709120374,28.291719836129,1.07,DERİN KümeEvleri,3506-023-01
KARABAĞLAR,19,FAHRETTİN ALTAY,38.396730430664,27.064539734204,4.2,MİTHATPAŞA Cd.,3531-022-01
DİKİLİ,995,DEMİRTAŞ,39.002118337219,26.944483591325,1.27,DEMİRTAŞ VATAN Cd.,3511-008-01
BERGAMA,999,PINARKÖY,39.098768276685,27.053058715177,2.65,TEPE KümeEvleri,3505-103-01
BERGAMA,999,MURATLAR,39.269016121119,27.450280943508,570.0,MURATLAR KümeEvleri,3505-094-01
BERGAMA,999,ÇOBANLAR,39.304689560009,27.240683339016,500.0,ÇOBANLAR KümeEvleri,3505-037-01
BERGAMA,999,İSLAMSARAY,39.121445283124,27.185215841491,51.0,KINIK Cd.,3505-069-01
BERGAMA,999,DOĞANCI,39.196150787424,27.301193873487,570.0,DOĞANCI MERKEZ KümeEvleri,3505-042-01
TİRE,997,PEŞREFLİ,38.099125548228,27.852166944754,1.584,DERYA Sk.,3527-072-01
KEMALPAŞA,6,SİNANCILAR,38.416521833621,27.663656384278,1.915,SİNANCILAR KÖY YOLU KümeEvleri,3517-039-01
KİRAZ,994,ALTINOLUK,38.224574333772,28.355019514198,1.1,ALTINOLUK KümeEvleri,3519-003-01
BUCA,8,29 EKİM,38.356543840388,27.234161852531,46.193,ATATÜRK Cd.,3508-001-01
KINIK,996,YAYAKENT,39.086265678672,27.307915645356,1.5,YAYAKENT CUMHURİYET Myd.,3518-035-01
TORBALI,9,YEDİ EYLÜL,38.158633154701,27.363722950221,23.896,AYDIN Cd.,3528-056-01
URLA,18,ATATÜRK,38.352942448486,26.780076874924,23.023,2172 Sk.,3529-002-01
KEMALPAŞA,6,SOĞUKPINAR,38.422540160697,27.430713041358,1.694,256 Sk.,3517-040-01
KEMALPAŞA,6,ATATÜRK,38.427473979292,27.416229176667,1.04,ATATÜRK Blv.,3517-007-01
BERGAMA,999,SİNDEL,39.078183112309,27.199656860464,830.0,SİNDEL KümeEvleri,3505-112-01
BERGAMA,999,SARIDERE,39.016857809597,27.096703553922,980.0,SARIDERE,3505-109-01
BUCA,8,SEYHAN,38.379726614752,27.143010078025,5.0,605 Sk.,3508-038-01
BUCA,8,YİĞİTLER,38.39550287859,27.153138022113,685.0,368/2 Sk.,3508-047-01
KINIK,996,AŞAĞI,39.085399674479,27.382893756904,5.615,GAZİ PAŞA Cd.,3518-034-01
TİRE,997,BOYNUYOĞUN,38.08719039275,27.783336458483,1.589,1. CUMHURİYET Sk.,3527-014-01
BERGAMA,999,TIRMANLAR,39.297117939107,27.277075390507,1.25,TIRMANLAR,3505-119-01
TORBALI,9,İSTİKLAL,38.243509611141,27.319895737921,4.326,ORKİDE Sk.,3528-028-01
KEMALPAŞA,6,GÖKYAKA,38.327361463044,27.461783749,363.0,GÖKYAKA YOLU KümeEvleri,3517-019-01
KONAK,21,KAHRAMANLAR,38.429793418645,27.152183102655,4.956,NEVZAT GÜZELIRMAK Sk.,3520-055-01
KİRAZ,994,DOKUZLAR,38.295338600544,28.147825111433,3.2,DOKUZLAR KümeEvleri,3519-017-01
KONAK,21,AKDENİZ,38.42297694017,27.134888316637,1.5,NECATİBEY Blv.,3520-006-01
KONAK,21,GÜZELYALI,38.398058974354,27.083250728588,5.886,MİTHATPAŞA Cd.,3520-043-01
KINIK,996,AZİZİYE,39.109342182835,27.485003582456,2.524,DEDELİ Sk.,3518-004-01
KARŞIYAKA,20,DEMİRKÖPRÜ,38.471174203061,27.099354506727,3.759,ORDU Blv.,3516-010-01
KARŞIYAKA,20,ŞEMİKLER,38.474769215962,27.091468845317,2.5,6294 Sk.,3516-022-01
DİKİLİ,995,YAHŞİBEY,39.032260492813,26.840371416499,1.2,YAHŞİBEY 5 Sk.,3511-028-01
ÇİĞLİ,16,ŞİRİNTEPE,38.494236318366,27.077392649115,6.0,6840 Sk.,3510-022-01
TORBALI,9,CUMHURİYET,38.158616268456,27.349700432203,14.736,3548 Sk.,3528-011-01
KEMALPAŞA,6,SOĞUKPINAR,38.423321866833,27.433835115873,3.066,İNÖNÜ Cd.,3517-031-01
BERGAMA,999,ÖKSÜZLER,38.969294337147,27.254330932347,325.0,ÖKSÜZLER KümeEvleri,3505-099-01
TORBALI,9,FEVZİ ÇAKMAK,38.239506994504,27.281089739359,1.263,BARIŞ MANÇO Cd.,3528-007-01
BERGAMA,999,GÖÇBEYLİ,39.221954882678,27.404190163203,6.5,GAZİ ATATÜRK Myd.,3505-054-01
BERGAMA,999,ÇAMAVLU,39.318900707422,27.140691038281,1.67,ÇAMAVLU KümeEvleri,3505-032-01
BERGAMA,999,MAHMUDİYE,39.220757807815,27.219569236426,950.0,MAHMUDİYE,3505-091-01
BUCA,8,DOĞANCILAR,38.300659229083,27.340591465815,1.541,6003 Sk.,3508-017-01
BUCA,8,YEŞİLBAĞLAR,38.370836244456,27.147312334765,1.29,637/35 Sk.,3508-044-01
DİKİLİ,995,BADEMLİ,39.027059847389,26.821746256832,7.6,BADEMLİ 11 Sk.,3511-001-01
BERGAMA,999,ÇAMOBA,39.252601409144,27.393976308468,200.0,ÇAMOBA,3505-034-01
BAYINDIR,7,KIZILKEÇİLİ,38.321874003629,27.790771150973,1.5,KIZILKEÇİLİ KümeEvleri,3504-038-01
BAYINDIR,7,KARAHALİLLİ,38.19476459087,27.614990970815,1.5,2.ÇAYIR KümeEvleri,3504-032-01
BAYINDIR,7,KABAAĞAÇ,38.252685637204,27.751632656139,900.0,KABAAĞAÇ KümeEvleri,3504-031-01
TİRE,997,FATİH,38.097260565121,27.722128740202,17.975,SAİM FALAKALI Cd.,3527-038-01
TİRE,997,ÇUKURKÖY,38.057578483942,27.698092304982,916.0,ÇUKURKÖY MERKEZ KümeEvleri,3527-024-01
KEMALPAŞA,6,ÇINARKÖY,38.429499512646,27.401959892335,257.0,EŞREFİ RUMİ Cd.,3517-013-01
TORBALI,9,DİRMİL,38.24540559496,27.422473621658,4.664,GAZİ,3528-019-01
BAYINDIR,7,TOKATBAŞI,38.16595555142,27.619067952706,1.5,EĞİTİM Sk.,3504-051-01
URLA,18,M.FEVZİ ÇAKMAK,38.365430293156,26.837864756373,18.671,4108 Sk.,3529-019-01
BUCA,8,ADATEPE,38.383662630314,27.181032876509,117.059,ERDEM Cd.,3508-002-01
TİRE,997,YAMANDERE,38.033470019471,27.817708875061,568.0,NİYAZİ BOZKURT KümeEvleri,3527-082-01
TİRE,997,DÜNDARLI,38.001953272819,27.77819347593,317.0,DÜNDARLI PINAR Sk.,3527-034-01
BUCA,8,HÜRRİYET,38.397100486837,27.145477668707,3.274,489 Sk.,3508-024-01
BUCA,8,KAYNAKLAR MERKEZ,38.3644181483,27.280939331047,6.39,ATATÜRK Cd.,3508-030-01
BUCA,8,GAZİLER,38.391769393474,27.181408370305,8.973,1084 Sk.,3508-021-01
KINIK,996,MISTIKLAR,39.027302150518,27.383368603616,2.443,KEMAL ATATÜRK KümeEvleri,3518-027-01
KINIK,996,KODUKBURUN,39.040863309799,27.346063256534,300.0,GODUKLU KümeEvleri,3518-025-01
BUCA,8,ATATÜRK,38.38007988981,27.179208989493,3.656,207 Sk.,3508-004-01
ÇEŞME,1001,KARAKÖY,38.274759150413,26.484552713087,344.0,KARAKÖY GAZİ MUSTAFA KEMAL Cd.,3509-017-01
TORBALI,9,KAPLANCIK,38.166292638157,27.294071685256,6.5,6300 Sk.,3528-029-01
TORBALI,9,İNÖNÜ,38.245607661209,27.265833401123,20.0,185/1 Sk.,3528-027-01
TORBALI,9,TULUM,38.087431772931,27.432001032138,27.4,6398 Sk.,3528-053-01
KARABAĞLAR,19,AYDIN,38.368691274898,27.134287596502,540.0,4274 Sk.,3531-007-01
BERGAMA,999,KOCAKÖY,38.943998594501,27.295872827343,125.0,KOCAKÖY KümeEvleri,3505-086-01
BUCA,8,KARACAAĞAÇ,38.286849682577,27.282656063901,524.0,4016 Sk.,3508-028-01
TİRE,997,ALACALI,38.09405936163,27.60029001291,1.17,ALACALI ATATÜRK Sk.,3527-007-01
KARŞIYAKA,20,DEDEBAŞI,38.47004023093,27.107583484982,1.65,6053/4 Sk.,3516-009-01
TORBALI,9,ATALAN,38.110329180928,27.470195459397,1.692,TİRE Cd.,3528-005-01
TİRE,997,AKÇAŞEHİR,38.050974091409,27.631335151056,1.303,ÇEŞMELİ Sk.,3527-003-01
DİKİLİ,995,SALİHLER,39.181980679953,26.849726643392,2.05,SALİHLER VATAN Cd.,3511-024-01
BERGAMA,999,PİRVELİLER,39.273135584241,27.246777343832,500.0,PİREVELİLER KümeEvleri,3505-104-01
KEMALPAŞA,6,ULUCAK MUSTAFA KEMAL ATATÜRK,38.483185171312,27.357338797022,1.117,MUSTAFA İSMET İNÖNÜ Cd.,3517-032-01
BERGAMA,999,BÖLCEK,39.185241225035,27.425905285219,3.5,BİLGE,3505-027-01
KİRAZ,994,İSTİKLAL,38.23251336573,28.208367732764,1.2,ŞÜKRÜ HOCA Sk.,3519-023-01
KONAK,21,PİRİ REİS,38.403978209246,27.114181798488,1.236,285/2 Sk.,3520-085-01
KİRAZ,994,SARISU,38.282808354839,28.31656746444,1.0,SARISU KümeEvleri,3519-040-01
KONAK,21,SAYGI,38.410838561136,27.176151234857,750.0,2657 Sk.,3520-087-01
KARABAĞLAR,19,UĞUR MUMCU,38.384878854516,27.125039358697,1.15,4193 Sk.,3531-050-01
KARABAĞLAR,19,GÜNALTAY,38.377506193921,27.112223840524,1.261,4726 Sk.,3531-027-01
KARABURUN,1000,SALMAN,38.570658977771,26.368477463376,1.123,SALMAN DENİZGİREN KümeEvleri,3515-013-01
KARABURUN,1000,İNECİK,38.550088419863,26.565329208158,700.0,4001 Sk.,3515-005-01
TİRE,997,YENİ,38.08898263239,27.731992526917,2.77,TİRE CUMHURİYET Myd.,3527-085-01
TİRE,997,YENİÇİFTLİK,38.124021358848,27.503932092718,674.0,MUSTAFA KEMAL ATATÜRK Sk.,3527-086-01
KONAK,21,KILIÇ REİS,38.406012830262,27.120994571941,1.082,İNÖNÜ Cd.,3520-013-01
BERGAMA,999,AŞAĞIKIRIKLAR,39.031727336505,27.04524827864,3.5,AŞAĞIKIRIKLAR,3505-010-01
BUCA,8,KIRKLAR,38.317294466419,27.320592988331,2.02,MİMAR SİNAN Myd.,3508-031-01
BUCA,8,ÇALDIRAN,38.40214536329,27.149597512689,4.75,433 Sk.,3508-012-01
TORBALI,9,ERTUĞRUL,38.159999777488,27.355204295125,10.17,NECATİ DOĞANOĞLU Sk.,3528-022-01
URLA,18,ZEYTİNELİ,38.239809516558,26.504175719485,835.0,CUMHURİYET Cd.,3529-036-01
TORBALI,9,YAZIBAŞI,38.234686795803,27.319820650816,26.758,NAMIK KEMAL Cd.,3528-055-01
KEMALPAŞA,6,ZEAMET,38.416151988299,27.691122069416,409.0,ZEAMET YOLU KümeEvleri,3517-050-01
BUCA,8,ŞİRİNKAPI,38.399383370869,27.17982049772,7.6,1060 Sk.,3508-039-01
TİRE,997,KÜÇÜKKALE,38.017363364938,27.526666548382,1.557,DUTLUK Sk.,3527-062-01
KARABURUN,1000,MORDOĞAN,38.506141930136,26.621247704086,35.44,İNÖNÜ Cd.,3515-010-01
KARABAĞLAR,19,POLİGON,38.392761549378,27.082714298479,1.206,123/1 Sk.,3531-040-01
DİKİLİ,995,GAZİPAŞA,39.062669026624,26.879998125477,5.0,57 Sk.,3511-011-01
KARŞIYAKA,20,BAHARİYE,38.458161770086,27.116660055326,2.4,1716 Sk.,3516-024-01
TİRE,997,DİBEKÇİ,37.981088618012,27.814181865569,585.0,MERKEZ KümeEvleri,3527-030-01
KİRAZ,994,UMURCALI,38.195372263287,28.247130885007,1.2,UMURCALI KümeEvleri,3519-048-01
TORBALI,9,MURATBEY,38.152086456424,27.353552075464,21.311,DOĞAN BURSALIOĞLU Cd.,3528-037-01
TORBALI,9,ÇAKIRBEYLİ,38.285300259495,27.379472597957,6.2,BURHAN BEY Cd.,3528-012-01
TİRE,997,CUMHURİYET,38.085684070154,27.731151663593,7.565,YANIKKONAK Cd.,3527-019-01
ÖDEMİŞ,998,OVAKENT,38.10933357553,28.019208715832,4.856,AÇELYA Sk.,3524-075-01
TİRE,997,TOKİ,38.125389911194,27.729837327672,17.083,TOKİ TOPLU KONUT ALANI KümeEvleri,3527-076-01
TİRE,997,KIRTEPE,38.110952148278,27.887444505833,3.532,KÖY MEYDANI Sk.,3527-055-01
TİRE,997,İSTİKLAL,38.086522200028,27.749488492324,956.0,KANLIKAVAK Sk.,3527-050-01
TİRE,997,YEMİŞLER,38.029586766533,27.680246359643,482.0,YEMİŞLER YAYLA KümeEvleri,3527-084-01
TİRE,997,BÜYÜKKEMERDERE,38.047987630053,27.78962760686,1.732,BÜYÜKKEMERDERE TİRE Sk.,3527-016-01
BAYINDIR,7,OSMANLAR,38.30146772513,27.559029474912,850.0,KESTANELİK Sk.,3504-046-01
KARABAĞLAR,19,BAHÇELİEVLER,38.403297192674,27.117368248049,8.875,GAZETECİ HASAN TAHSİN Cd.,3531-009-01
KEMALPAŞA,6,SARIÇALI,38.440626692411,27.695048766039,1.841,SARIÇALI YOLU KümeEvleri,3517-036-01
BERGAMA,999,ATÇILAR,38.907073141985,27.198798853655,250.0,ATÇILAR,3505-012-01
URLA,18,OVACIK,38.297446510737,26.805972229933,10.036,OVACIK Cd.,3529-022-01
KİRAZ,994,AVUNDURUK,38.182959582388,28.27099172063,1.35,AVUNDURUK KümeEvleri,3519-005-01
TİRE,997,ATATÜRK,38.100730631225,27.72785790468,3.642,HIZIR Sk.,3527-010-01
TİRE,997,BAŞKÖY,37.997687907897,27.659252864104,340.0,BAŞKÖY ATATÜRK Myd.,3527-013-01
TİRE,997,KARATEKE,38.125374037104,27.677967688575,2.136,İBRAHİM ÖZTÜRK Sk.,3527-053-01
TİRE,997,DAĞDERE,38.002409771086,27.75095980299,520.0,ORTA Sk.,3527-025-01
URLA,18,KUŞÇULAR,38.300073439963,26.751071706182,6.736,KUŞÇULAR Cd.,3529-018-01
URLA,18,DENİZLİ,38.386790610532,26.748834600685,7.181,93 Sk.,3529-010-01
BUCA,8,BELENBAŞI,38.309617085215,27.277248720188,22.96,3007 Sk.,3508-007-01
BUCA,8,UFUK,38.403541063419,27.163351809544,3.3,848/5 Sk.,3508-040-01
KARABURUN,1000,ANBARSEKİ,38.614046541097,26.523658497268,7.0,ANBARSEKİ KümeEvleri,3515-001-01
KARABAĞLAR,19,BASIN SİTESİ,38.397781514118,27.096801181344,1.661,175 Sk.,3531-012-01
DİKİLİ,995,SALİMBEY,39.062123388211,26.886891370293,11.5,114/1 Sk.,3511-025-01
FOÇA,4,FEVZİPAŞA,38.669307998106,26.756800214558,395.0,180 Sk.,3512-005-02
BERGAMA,999,ZEYTİNDAĞ,38.970195014396,27.071169129612,8.0,LİSE Cd.,3505-138-01
BERGAMA,999,ZEYTİNDAĞ,38.970195014396,27.071169129612,8.0,LİSE Cd.,3505-138-01
BERGAMA,999,TİYELTİ,39.121545134469,27.156312496022,790.0,TİYELTİ MERKEZ Sk.,3505-120-01
BERGAMA,999,İNCECİKLER,39.184243017676,27.152364193484,2.0,KOZAK BERGAMA YOLU Cd.,3505-066-01
KONAK,21,BARBAROS,38.410519046983,27.123987894638,1.9,350/2 Sk.,3520-019-01
TİRE,997,DOYRANLI,38.178907940684,27.822892001316,1.408,DOYRANLI İNÖNÜ Sk.,3527-031-01
KARABAĞLAR,19,AŞIK VEYSEL,38.380710624955,27.139308646416,1.689,5848 Sk.,3531-006-01
TİRE,997,KOCAALİLER,38.098567313964,27.915520407515,741.0,KARŞI KümeEvleri,3527-058-01
TİRE,997,ADNAN MENDERES,38.095031555123,27.744390966804,9.958,FAİK TOKLUOĞLU Blv.,3527-002-01
TİRE,997,HASANÇAVUŞLAR,38.057982751308,27.523780442746,643.0,UYSAL KümeEvleri,3527-041-01
DİKİLİ,995,ÇANDARLI,38.936738186261,26.932832248868,1.8,KARA HALİL PAŞA Cd.,3511-005-01
DİKİLİ,995,ÇAĞLAN,39.133130325308,27.012975915666,555.0,ÇAĞLAN 3 Sk.,3511-004-01
TİRE,997,KAPLAN,38.069575446175,27.723966086053,713.0,KAPLAN ATATÜRK Sk.,3527-051-01
DİKİLİ,995,SAMANLIKKÖY,39.118748236204,27.015980000947,700.0,SAMANLIK CUMHURİYET Cd.,3511-026-01
BERGAMA,999,YALNIZDAM,39.269414797465,27.438178873359,560.0,YALNIZDAM KümeEvleri,3505-126-01
BERGAMA,999,AYASKENT,39.189631820199,27.334667692955,5.0,EĞİTİM Cd.,3505-016-01
BERGAMA,999,CEVAPLI,39.022726063704,27.156484328905,225.0,CEVAPLI KümeEvleri,3505-028-01
URLA,18,ŞİRİNKENT,38.363287285486,26.842812069881,4.364,4249 Sk.,3529-026-01
BERGAMA,999,YUKARIBEY,39.252468163364,27.091252915495,3.3,KOCA KümeEvleri,3505-133-01
DİKİLİ,995,DELİKTAŞ,38.989177209216,26.927489220625,7.9,DELİKTAŞ ATATÜRK Myd.,3511-007-01
BERGAMA,999,KALEARDI,39.168540553609,27.19227529963,148.0,KALEARDI KümeEvleri,3505-073-01
DİKİLİ,995,GÖKÇEAĞIL,39.168806383872,26.874617447379,1.3,GÖKÇEAĞIL CUMHURİYET Cd.,3511-012-01
BERGAMA,999,FATİH,39.098909942015,27.165893340028,8.97,308 Sk.,3505-047-01
KINIK,996,KOCAÖMER,39.085980575483,27.424192870689,6.148,MEDENİYET Cd.,3518-024-01
KEMALPAŞA,6,ARMUTLU 85.YIL CUMHURİYET,38.407787180072,27.529214019592,1.36,GENÇLİK Cd.,3517-003-02
TİRE,997,İBNİ MELEK,38.08873246541,27.722150210681,3.482,TURGUT ÖZAL Blv.,3527-046-01
URLA,18,ZEYTİNLER,38.283669826135,26.561504885686,1.026,MUSTAFA ERCAN Sk.,3529-037-01
URLA,18,UZUNKUYU,38.2834087463,26.552589268309,3.712,KIZIL ÇAM KümeEvleri,3529-028-01
KEMALPAŞA,6,ÇİNİLİKÖY,38.40155712087,27.451312338045,2.024,4101 Sk.,3517-014-01
KARABAĞLAR,19,SEVGİ,38.384144031398,27.115431735241,1.466,SEVGİ Blv.,3531-046-01
BERGAMA,999,ULUCAMİİ,39.125889887495,27.18043079588,4.0,İTTİHAT TERAKKİ Cd.,3505-123-01
BERGAMA,999,KIRCALAR,39.321756097747,27.336512817095,650.0,KIRCALAR MERKEZ KümeEvleri,3505-083-01
KİRAZ,994,İSTİKLAL,38.232024575561,28.217197523476,3.6,ATATÜRK Cd.,3519-011-01
URLA,18,BİRGİ,38.304135605915,26.555502094798,1.239,KÖYİÇİ Cd.,3529-006-01
TORBALI,9,MUSTAFA KEMAL ATATÜRK,38.131801515029,27.376897937595,5.982,7018 Sk.,3528-038-01
BEYDAĞ,993,YUKARITOSUNLAR,38.116137453618,28.158725809994,608.0,GÜVEN KümeEvleri,3506-025-01
DİKİLİ,995,ÇUKURALANI,39.185041126709,26.9393334459,500.0,ÇUKURALANI 6 Sk.,3511-006-01
DİKİLİ,995,YAYLAYURT,38.957548248321,26.920579940442,1.5,YAYLAYURT CUMHURİYET Cd.,3511-029-01
BERGAMA,999,ORUŞLAR,39.354018204262,27.326856854837,830.0,ORUŞLAR KümeEvleri,3505-097-01
BERGAMA,999,HAMZALISÜLEYMANİYE,39.155164052738,27.200858350586,700.0,HAMZALISÜLEYMANİYE KümeEvleri,3505-062-01
BERGAMA,999,AKÇENGER,39.308940012219,27.293297293153,450.0,AKÇENGER KümeEvleri,3505-002-01
BERGAMA,999,ZAĞNOZ,39.180850180562,27.347027267939,500.0,ZAĞNOZ MERKEZ KümeEvleri,3505-137-01
URLA,18,DEMİRCİLİ,38.228643520646,26.686870802028,585.0,10001 Sk.,3529-009-01
URLA,18,YELALTI,38.323240734673,26.768822435082,2.9,ÇİLİNGİR ÇEŞME Sk.,3529-031-01
SEFERİHİSAR,12,AKARCA,38.162352807261,26.826900297177,10.0,1008 Sk.,3525-018-02
ÇİĞLİ,16,ŞİRİNTEPE,38.494454630331,27.065655360423,2.27,DERE Cd.,3510-020-01
KEMALPAŞA,6,ÇAMBEL,38.465353340781,27.518978668906,930.0,ÇAMBEL MAH. YOLU KümeEvleri,3517-012-01
KEMALPAŞA,6,ANSIZCA,38.481152778632,27.403805158928,2.18,ANSIZCA KÖY YOLU KümeEvleri,3517-005-01
KEMALPAŞA,6,CUMALI,38.317294607554,27.461161495728,953.0,CUMALI YOLU KümeEvleri,3517-010-01
BERGAMA,999,GÖBELLER,39.252135766301,27.020528767094,1.9,GÖBELLER KümeEvleri,3505-053-01
BERGAMA,999,KOYUNELİ,38.974766033194,27.175538732708,450.0,KOYUNELİ KümeEvleri,3505-087-01
KONAK,21,AKINCI,38.420728466786,27.141572351981,1.3,1300 Sk.,3520-008-01
KONAK,21,ÇINARLI,38.442172375802,27.178887021751,14.0,1561 Sk.,3520-025-01
KONAK,21,MURAT REİS,38.402548897199,27.110759319289,1.371,251 Sk.,3520-079-01
KİRAZ,994,BAŞARAN,38.259291152833,28.273995674782,1.0,BAŞARAN KümeEvleri,3519-008-01
KONAK,21,KONAK,38.416554918456,27.127109960142,29.696,HALİL RIFATPAŞA Cd.,3520-061-01
BUCA,8,KOZAĞAÇ,38.381980608551,27.174338119058,5.991,221 Sk.,3508-032-01
BERGAMA,999,YENİLER,39.277587336678,27.360845777364,300.0,YENİLER MERKEZ KümeEvleri,3505-129-01
BERGAMA,999,SARICALAR,39.216302802,27.447191142438,1.0,SARICALAR KümeEvleri,3505-107-01
BERGAMA,999,AŞAĞIBEY,39.249809417677,26.96611237524,1.75,ABDULGANİ KümeEvleri,3505-007-01
BERGAMA,999,ILGINCABER,39.245821830339,27.455688290299,430.0,ILGINCABER KümeEvleri,3505-064-01
BERGAMA,999,KURTULUŞ,39.121278826244,27.197854349867,8.047,İBRAHİM ATLAN Sk.,3505-090-01
BERGAMA,999,KARALAR,39.317772073061,27.322222082284,1.0,KARALAR MERKEZ KümeEvleri,3505-078-01
BERGAMA,999,KARAHIDIRLI,39.046260614486,27.155883476026,400.0,KARAHIDIRLI KümeEvleri,3505-077-01
BERGAMA,999,KAŞIKÇI,39.071453308019,27.231671564583,800.0,KAŞIKÇI KümeEvleri,3505-080-01
KİRAZ,994,SIRIMLI,38.159376419661,28.327553910753,600.0,SIRIMLI KümeEvleri,3519-041-01
BERGAMA,999,ÇALTIKORU,39.23801100003,27.323724249537,220.0,ÇALTIKORU KümeEvleri,3505-031-01
BERGAMA,999,HALİLAĞALAR,39.331515929095,27.30411186936,330.0,HALİLAĞALAR KümeEvleri,3505-061-01
DİKİLİ,995,İSMETPAŞA,39.076133915318,26.893757766831,3.854,101 Sk.,3511-014-01
KONAK,21,19 MAYIS,38.40760183019,27.143106590053,4.024,700 Sk.,3520-001-01
BAYINDIR,7,KURT,38.222378052683,27.648842918733,750.0,CUMHURİYET Myd.,3504-040-01
BERGAMA,999,SELÇUK,39.126705530999,27.177190701551,5.766,KOZAK Cd.,3505-111-01
DİKİLİ,995,KABAKUM,39.129335202671,26.89066778059,8.5,KABAKUM VATAN Sk.,3511-015-01
TİRE,997,AKYURT,38.020630213924,27.600936535242,1.725,AKYURT VATAN Sk.,3527-006-01
TİRE,997,KURTULUŞ,38.09054794848,27.735008653465,1.407,YENİPARK Sk.,3527-060-01
KEMALPAŞA,6,ULUCAK İSTİKLAL,38.482351632395,27.363604407575,1.052,9135 Sk.,3517-024-01
KEMALPAŞA,6,SÜTÇÜLER,38.459229069487,27.449745842731,7.242,AKEVLER Cd.,3517-041-01
ÇEŞME,1001,BOYALIK,38.321194879863,26.331954476692,1.3,3211 Sk.,3509-006-01
BAYINDIR,7,HAVUZBAŞI,38.169396897395,27.469680384403,4.43,HAVUZBAŞI KÖYİÇİ KümeEvleri,3504-028-01
BAYINDIR,7,DEREKÖY,38.250275927226,27.680415000492,2.12,ILICA Sk.,3504-017-01
MENEMEN,17,9 EYLÜL,38.544886583721,27.036108205818,747400.0,7. Cd.,3522-001-01
DİKİLİ,995,KIZILÇUKUR,39.104296498197,26.919420967877,1.1,KIZILÇUKUR CUMHURİYET Cd.,3511-019-01
GÜZELBAHÇE,1,YELKİ,38.338267831817,26.86731531139,8.005,2330 Sk.,3514-012-01
ÇEŞME,1001,ÇİFTLİK,38.286755942019,26.274944475368,3.801,135/1 Sk.,3509-003-01
ÇEŞME,1001,ARDIÇ,38.319338922644,26.389173757746,6.968,5491 Sk.,3509-005-01
TORBALI,9,ORMANKÖY,38.249450008955,27.456376567185,4.72,6330 Sk.,3528-041-01
GÜZELBAHÇE,1,MUSTAFA KEMAL PAŞA,38.341015363213,26.870901402045,12.145,ŞEHİT İLHAMİ YILMAZ Cd.,3514-007-01
TİRE,997,KURŞAK,38.068540608152,27.566558761878,1.353,KURŞAK EĞREK Myd.,3527-059-01
ÖDEMİŞ,998,TEKKE,38.338302680457,28.063539719379,3.17,ELMABAĞ KümeEvleri,3524-083-01
TORBALI,9,AHMETLİ,38.0800003489,27.374494773497,158.182,6101/2 Sk.,3528-002-01
TORBALI,9,YEMİŞLİK,38.147209820426,27.369602341124,3.007,6010 Sk.,3528-057-01
GAZİEMİR,15,HÜRRİYET,38.301669412582,27.180775522882,27.0,ÇAMLIK Cd.,3513-011-01
MENDERES,13,EFEMÇUKURU,38.277821248804,26.97229386769,2.838,EFEMÇUKURU,3521-020-01
MENDERES,13,MİTHATPAŞA,38.25187620552,27.138160883275,2.507,553 Sk.,3521-038-01
TORBALI,9,BOZKÖY,38.271117222203,27.365611034174,2.344,6165 Sk.,3528-009-01
KARŞIYAKA,20,LATİFE HANIM,38.4949585078,27.117303719719,9.7,7447/13 Sk.,3516-016-01
KİRAZ,994,PINARBAŞI,38.267782421003,28.218549300238,1.7,PINARBAŞI KümeEvleri,3519-037-01
TORBALI,9,KAZIM KARABEKİR,38.197141968148,27.235385197265,1.8,29 EKİM CUMHURİYET Myd.,3528-034-01
KARŞIYAKA,20,TERSANE,38.463740034537,27.128182758446,1.75,1664 Sk.,3516-023-01
ÇEŞME,1001,ŞEHİT MEHMET,38.280886077322,26.250064440607,740.0,336 Sk.,3509-022-01
KARŞIYAKA,20,FİKRİ ALTAY,38.472148576333,27.103173951706,10.0,6184/3 Sk.,3516-012-01
KARŞIYAKA,20,BOSTANLI,38.460068825255,27.101081859658,13.0,CENGİZ KOCATOROS Sk.,3516-007-01
URLA,18,YENİCE,38.332435744692,26.791143650113,4.0,AKDENİZ Sk.,3529-033-01
ÇEŞME,1001,GERMİYAN,38.317731254046,26.460273399958,9.462,ÖREN KümeEvleri,3509-013-01
KARŞIYAKA,20,AKSOY,38.453876965576,27.106623286437,2.2,1751 Sk.,3516-001-01
BUCA,8,MUSTAFA KEMAL,38.358159056364,27.150520262041,1.6,694/47 Sk.,3508-037-01
BUCA,8,AYDOĞDU,38.399202617128,27.200709437623,14.0,1250 Sk.,3508-005-01
TORBALI,9,YEŞİLKÖY,38.265608218604,27.244601108256,1.325,6423/8 Sk.,3528-061-01
ÇİĞLİ,16,YAKAKENT,38.503304620356,27.077371176023,5853.0,8087/11 Sk.,3510-026-01
TORBALI,9,DEMİRCİ,38.281190405309,27.286089283519,5.262,6254 Sk.,3528-018-01
TORBALI,9,ORTAKÖY,38.212233135736,27.368915594315,11.744,CAMİ ÖNÜ Sk.,3528-042-01
TORBALI,9,KARŞIYAKA,38.146809044727,27.371329675663,9.875,BEKİR SAKARYA Cd.,3528-033-01
MENEMEN,17,FATİH,38.685167746082,27.030588003777,2.1,MAREŞAL FEVZİ ÇAKMAK Cd.,3522-024-01
TORBALI,9,ALPKENT,38.165078022397,27.354989711293,6.012,1022 Sk.,3528-003-01
MENDERES,13,GÖLCÜKLER,38.263148350036,27.137130901297,2.789,779/2 Sk.,3521-022-01
MENDERES,13,KISIK,38.277518271404,27.186139954271,4.077,7709 Sk.,3521-035-01
MENDERES,13,ÇAKALTEPE,38.071081546299,27.211073984842,3.167,ÇAKALTEPE KümeEvleri,3521-009-01
KARABAĞLAR,19,ESENYALI,38.393266089627,27.089280312495,7.69,52/72 Sk.,3531-021-01
GAZİEMİR,15,FATİH,38.307327091231,27.175711528198,160.0,ÇAMLIK Cd.,3513-008-01
ÇİĞLİ,16,ÇAĞDAŞ,38.500233686401,27.064005800164,9.5,8818 Sk.,3510-009-01
KINIK,996,BALABAN,39.063270266623,27.261972347837,1.262,ATEŞ Sk.,3518-007-01
KINIK,996,BAĞALAN,39.060866038541,27.422863884669,5.368,ÜÇARMUT KümeEvleri,3518-006-01
ÇİĞLİ,16,HARMANDALI GAZİ MUSTAFA KEMAL ATATÜRK,38.535001088677,27.050506249448,1630.0,9 EYLÜL Cd.,3510-016-01
BUCA,8,YILDIZ,38.371416660623,27.173479834181,3.0,242/26 Sk.,3508-045-01
ÇİĞLİ,16,BALATÇIK,38.511381124712,27.039316169666,1.875,8788/11 Sk.,3510-007-01
ÇEŞME,1001,ALAÇATI,38.294709483927,26.38185677436,2.3,16096 Sk.,3509-002-11
GÜZELBAHÇE,1,KAHRAMANDERE,38.355706356204,26.881152727802,6.536,900 Sk.,3514-004-01
ÇEŞME,1001,ŞİFNE,38.317638593566,26.402681297649,1.66,6448 Sk.,3509-023-01
ÇEŞME,1001,CUMHURİYET,38.349357647811,26.304078365012,2.07,4527 Sk.,3509-008-01
KINIK,996,ARPADERE,38.998733741994,27.462016004765,1.235,ARKADAŞ KümeEvleri,3518-001-01
KINIK,996,ELMADERE,39.029583817361,27.48504528914,927.0,GÖLCÜK KümeEvleri,3518-015-01
BORNOVA,2,GAZİ OSMAN PAŞA,38.43323086856,27.196610985687,2.2,5460 Sk.,3507-016-01
BORNOVA,2,ATATÜRK,38.485183799478,27.19991536355,15.0,954 Sk.,3507-001-01
KEMALPAŞA,6,VİŞNELİ,38.341499771092,27.398301520166,1.739,4004 Sk.,3517-042-01
KEMALPAŞA,6,AŞAĞIKIZILCA,38.397319479135,27.513560742201,445.0,2002 Sk.,3517-006-01
KEMALPAŞA,6,KUYUCAK,38.488635555766,27.390844776999,440.0,KUYUCAK YOLU KümeEvleri,3517-030-01
KEMALPAŞA,6,AKALAN,38.462446680892,27.479882988632,960.0,1535 Sk.,3517-004-01
KEMALPAŞA,6,YEŞİLYURT,38.428146621134,27.675195172324,1.426,YEŞİLYURT YOLU KümeEvleri,3517-047-01
ÇİĞLİ,16,AHMET TANER KIŞLALI,38.494555420954,27.090009697078,15.0,6794 Sk.,3510-002-01
BAYINDIR,7,KIZILCAAĞAÇ,38.242793690388,27.637349678922,500.0,KIZILCAAĞAÇ KümeEvleri,3504-036-01
BAYINDIR,7,FATİH,38.215569457432,27.650806296434,5.4,TOROS Cd.,3504-021-01
BAYINDIR,7,DERNEKLİ,38.269938167144,27.547871590753,400.0,DERNEKLİ KümeEvleri,3504-018-01
ÇEŞME,1001,OVACIK,38.285198042405,26.313138942786,3.165,7128 Sk.,3509-019-01
MENDERES,13,DEĞİRMENDERE,38.118499917954,27.141036419483,7.345,GAZİ OSMAN PAŞA Cd.,3521-048-01
ÇİĞLİ,16,ESENTEPE,38.51079347698,27.050677951635,10.0,8809,3510-011-01
ÇİĞLİ,16,ATAŞEHİR,38.487871006438,27.053209983758,4.8,8229/1 Sk.,3510-004-01
TİRE,997,BÜYÜKKALE,38.033508856958,27.558256080142,2.228,4260 Sk.,3527-015-01
KEMALPAŞA,6,BAĞYURDU KEMAL ATATÜRK,38.411511551754,27.622286204993,858.0,SAMİ ÖREN,3517-027-01
URLA,18,ÇAMLIÇAY,38.371853713755,26.855467994656,1.0,MAREŞAL FEVZİ ÇAKMAK Blv.,3529-008-01
KARŞIYAKA,20,İMBATLI,38.476371392388,27.104619647981,1.8,6086 Sk.,3516-014-01
TORBALI,9,KARAOT,38.295512652354,27.437598442184,500.0,KARAOT KÖY YOLU KümeEvleri,3528-032-01
GÜZELBAHÇE,1,ATATÜRK,38.3619066441,26.886828242799,11.945,KAZIM DİRİK Cd.,3514-001-01
MENDERES,13,GÜMÜLDÜR İNÖNÜ,38.058512349142,27.036967337817,2.287,6074,3521-028-01
TORBALI,9,19 MAYIS,38.108944695403,27.429640665957,12.5,8500 Sk.,3528-001-01
KİRAZ,994,KARAMAN,38.168317921877,28.213399622723,1.2,KARAMAN KümeEvleri,3519-028-01
KONAK,21,ULUBATLI,38.408081066156,27.169574495784,9.5,ADALET Cd.,3520-099-01
GÜZELBAHÇE,1,YALI,38.377897063799,26.8998636854,4.432,132 Sk.,3514-011-01
BUCA,8,LALELİ,38.398571952736,27.153610083374,1.265,411/1 Sk.,3508-034-01
KINIK,996,BÜYÜKOBA,39.045261043619,27.466225634117,8.716,KUŞKAYA KümeEvleri,3518-008-01
KINIK,996,ÖRTÜLÜ,38.962754435752,27.346941807812,1.0,OKUL Cd.,3518-030-01
MENDERES,13,GÜMÜLDÜR FEVZİ ÇAKMAK,38.069189371563,27.01623931382,8.388,GAZİ MUSTAFA KEMAL PAŞA,3521-027-01
BUCA,8,YAYLACIK,38.396057864182,27.172492744837,2.438,1026 Sk.,3508-042-01
BUCA,8,AKINCILAR,38.38803565486,27.151335599229,381.192,KOŞU YOLU Cd.,3508-003-01
KEMALPAŞA,6,SEKİZ EYLÜL,38.430129872462,27.416143342099,15.588,KEMALPAŞA STADI Cd.,3517-038-01
NARLIDERE,5,ATATÜRK,38.38294340062,27.016308516314,13.38,GÖKKUŞAĞI Sk.,3523-001-01
GÜZELBAHÇE,1,ÇELEBİ,38.367538586421,26.876941660043,2.329,490 Sk.,3514-003-01
BUCA,8,FIRAT,38.381375059491,27.160734023891,4.25,271 Sk.,3508-043-01
DİKİLİ,995,NEBİLER,39.159955608602,26.901825660805,2.6,NEBİLER 1 Sk.,3511-023-01
DİKİLİ,995,DENİZKÖY,38.954477900083,26.811618416877,4.5,DENİZKÖY 10 Sk.,3511-009-01
ÇEŞME,1001,DALYAN,38.34950699936,26.307366736508,2.2,4032/1 Sk.,3509-011-01
DİKİLİ,995,BAHÇELİ,39.207523811231,26.817454412781,4.0,İZMİR ÇANAKKALE Cd.,3511-002-01
TORBALI,9,ŞEHİTLER,38.145201726985,27.40414902227,2.7,7521 Cd.,3528-049-01
FOÇA,4,CUMHURİYET,38.733406953133,26.897105761893,1.228,EMRE Sk.,3512-002-01
FOÇA,4,ILIPINAR,38.685720360625,26.918820903722,3.78,FOÇA İZMİR KARAYOLU Sk.,3512-007-01
MENEMEN,17,AHIHIDIR,38.606978771646,27.066133938857,475.0,İZMİR Cd.,3522-025-01
GÜZELBAHÇE,1,YAKA,38.361700545791,26.894547602032,669.0,471 Sk.,3514-010-01
KİRAZ,994,ÖREN,38.229698698399,28.417761452149,400.0,ÖREN KümeEvleri,3519-035-01
ÖDEMİŞ,998,GÖLCÜK,38.272162283955,28.005003570396,10.32,ACET Sk.,3524-036-01
KİRAZ,994,TUMBULLAR,38.147531421994,28.438446664098,800.0,TUMBULLAR KümeEvleri,3519-047-01
KARŞIYAKA,20,MAVİŞEHİR,38.473643672475,27.073723440669,24.2,HANRİ BENAZUS Cd.,3516-017-01
KINIK,996,KARATEKELİ,39.066647147835,27.298632598176,666.0,AŞAĞI KümeEvleri,3518-022-01
KINIK,996,ÇİFTLİKKÖY,39.035217393413,27.274513003682,3.093,MUSTAFA KEMAL KümeEvleri,3518-012-01
KİRAZ,994,VELİLER,38.262323809949,28.193744356996,2.5,ULU VELİLER KümeEvleri,3519-051-01
KARŞIYAKA,20,ZÜBEYDE HANIM,38.493279079229,27.11260451573,8.0,7400/12 Sk.,3516-027-01
NARLIDERE,5,ILICA,38.39406064783,27.018738566441,3.722,GAZETECİ FEVZİ YILMAZ Sk.,3523-007-01
KEMALPAŞA,6,BEŞPINAR,38.518365941778,27.453972887524,565.0,BEŞPINAR KÖYİÇİ KümeEvleri,3517-009-01
KEMALPAŞA,6,DAMLACIK,38.497897672348,27.376618395733,2.771,9514,3517-015-01
BERGAMA,999,ÇAMKÖY,39.087843512197,27.080610252639,415.0,ÇAMKÖY KümeEvleri,3505-033-01
BERGAMA,999,BEKİRLER,38.942763591099,27.278578029622,90.0,BEKİRLER,3505-023-01
BERGAMA,999,BAHÇELİEVLER,39.101432709491,27.15193518714,5.5,YEŞİLLİK Cd.,3505-019-01
KARABURUN,1000,BOZKÖY,38.656703877288,26.468812879074,730.0,GAZİ MUSTAFA KEMAL KümeEvleri,3515-002-01
TİRE,997,ÇİNİYERİ,38.086781916315,27.804063125599,935.0,ÇAKIL Sk.,3527-022-01
KARABAĞLAR,19,SALİH OMURTAK,38.383376606251,27.10033097523,4.8,9629/3 Sk.,3531-043-01
TİRE,997,PAŞA,38.086215028224,27.743424048601,400.0,ERALİ Sk.,3527-071-01
KİRAZ,994,AKPINAR,38.236575471704,28.388064160512,4.954,AKPINAR KümeEvleri,3519-002-01
KARABAĞLAR,19,ÇALIKUŞU,38.396326889764,27.127421129055,3.504,ESKİİZMİR Cd.,3531-016-01
BEYDAĞ,993,BEYKÖY,38.070068942661,28.211468578221,3.0,KUVAYİ MİLLİYE YOLU Sk.,3506-006-01
BEYDAĞ,993,ADAKÜRE,38.073177110718,28.201726837607,3.0,BAŞARI KümeEvleri,3506-001-01
BERGAMA,999,ATATÜRK,39.103164509263,27.190773383631,80.0,FATİH Cd.,3505-011-01
ÇİĞLİ,16,YENİ MAHALLE,38.496150802916,27.049240319924,7.5,8200/4 Sk.,3510-027-01
ÇİĞLİ,16,KAKLIÇ,38.506763611515,26.98596194101,15.0,10319 Sk.,3510-019-01
BERGAMA,999,ALİBEYLİ,39.223550668967,27.379535412944,5.0,ALİBEYLİ KümeEvleri,3505-005-01
BUCA,8,İZKENT,38.396293314817,27.184079829567,9.227,YAVUZ SULTAN SELİM Cd.,3508-027-01
BUCA,8,İNÖNÜ,38.359235893565,27.13979147782,5.956,677 Sk.,3508-026-01
URLA,18,GÜLBAHÇE,38.338172910129,26.640730136999,12.946,12064 Sk.,3529-011-01
KONAK,21,YENİDOĞAN,38.417008880292,27.156893059769,4.162,1139 Sk.,3520-105-01
BUCA,8,GÜVEN,38.393804317624,27.149372222314,1.711,392,3508-023-01
KARABAĞLAR,19,KARABAĞLAR,38.381475950774,27.130505679113,3.3,5770/14 Sk.,3531-029-01
TORBALI,9,KARAKIZLAR,38.280310469963,27.441098731808,600.0,KARAKIZLAR MAHALLESİ ATATÜRK Cd.,3528-030-01
KARABAĞLAR,19,BAHRİYE ÜÇOK,38.379036911543,27.100674303629,1.243,9692 Sk.,3531-010-01
BEYDAĞ,993,HALIKÖY,38.091282964715,28.171600385929,1.8,NEHİR KümeEvleri,3506-013-01
TORBALI,9,HELVACI,38.243181140264,27.473199307811,1.288,6290 Sk.,3528-026-01
TORBALI,9,EĞERCİ,38.130856345901,27.401874543433,219.45,EĞERCİ 4.KÜME EVLERİ KümeEvleri,3528-021-01
KARŞIYAKA,20,NERGİZ,38.462404293683,27.105405555096,2.4,1775 Sk.,3516-019-01
KARŞIYAKA,20,İNÖNÜ,38.48839171722,27.096897586124,2.7,6732/6 Sk.,3516-015-01
KARŞIYAKA,20,DONANMACI,38.454120629198,27.117711482891,2.45,YALI Blv.,3516-011-01
KİRAZ,994,HALİLLER,38.185995508687,28.289445227412,3.8,HALİLLER KümeEvleri,3519-020-01
MENDERES,13,ÇİLE,38.044927431771,27.187299047747,5.572,7451 Sk.,3521-012-01
ÇİĞLİ,16,İNÖNÜ,38.528278498679,27.047995725843,3.4,9201 Sk.,3510-017-01
ÇİĞLİ,16,EVKA-5,38.515265870454,27.053743693624,15.0,8925 Sk.,3510-013-01
KARŞIYAKA,20,CUMHURİYET,38.484377462321,27.095395563392,3.0,6713 Sk.,3516-008-01
MENDERES,13,ŞAŞAL,38.179804371669,27.113012738987,3.904,MENDERES-GÜMÜLDÜR Cd.,3521-033-01
TİRE,997,SOMAK,37.987555458626,27.77121844795,466.0,SOMAK YENİ Sk.,3527-075-01
TİRE,997,DERE,38.084643283555,27.73793225555,634.0,SARICA YUSUF Sk.,3527-027-01
ÇEŞME,1001,FAHRETTİNPAŞA,38.316939837084,26.326700063622,1.576,EMİNE ÇİZGENAKAT Sk.,3509-012-01
KİRAZ,994,YAĞLAR,38.182689658751,28.20309996925,1.9,YAĞLAR KümeEvleri,3519-052-01
KİRAZ,994,ŞEMSİLER,38.21607785151,28.218206051594,1.3,ŞEMSİLER KümeEvleri,3519-044-01
KİRAZ,994,OLGUNLAR,38.161907205162,28.366005876651,650.0,OLGUNLAR KümeEvleri,3519-033-01
KİRAZ,994,KALEKÖY,38.19968927049,28.295496243618,1.0,KALEKÖY KümeEvleri,3519-024-01
KİRAZ,994,ÇÖMLEKÇİ,38.240552823536,28.262580273033,1.4,ÇÖMLEKÇİ KümeEvleri,3519-015-01
ÇEŞME,1001,CELAL BAYAR,38.304674232047,26.379818287132,5.74,5189 Sk.,3509-007-01
BUCA,8,ZAFER,38.348534093623,27.228754559489,41.418,2364 Sk.,3508-048-01
KEMALPAŞA,6,YİĞİTLER,38.412688475246,27.611814911016,7.751,YİĞİTLER YOLU KümeEvleri,3517-048-01
NARLIDERE,5,ÇATALKAYA,38.395843264817,27.000277010976,10.691,MİTHATPAŞA Cd.,3523-005-01
KONAK,21,HALKAPINAR,38.429835458632,27.168437208231,1.935,1202/1 Sk.,3520-045-01
BAYINDIR,7,YAKAPINAR,38.209670582007,27.542464379197,4.316,A.MUZAFFER TUNÇAĞ Sk.,3504-054-01
KEMALPAŞA,6,BAĞYURDU YENİ,38.414798518639,27.629796347896,16.118,BAĞYURDU İZMİR Cd.,3517-043-01
BAYINDIR,7,MİTHATPAŞA,38.221429817194,27.647702987061,7.4,ATATÜRK Cd.,3504-043-01
BAYINDIR,7,MEKTEP,38.171033263319,27.497425012345,8.0,VALİ KAZIM DİRİK Cd.,3504-042-01
BAYINDIR,7,ÇINARDİBİ,38.290845676504,27.517004850615,1.72,NESRİN KAHRAMAN KümeEvleri,3504-013-01
KİRAZ,994,DOĞANCILAR,38.205085251302,28.453810210736,7.4,DOĞANCILAR KümeEvleri,3519-016-01
KİRAZ,994,BAHÇEARASI,38.230507782629,28.436129134877,1.28,BAHÇELİ KümeEvleri,3519-007-01
BAYINDIR,7,KARAHAYIT,38.245372208053,27.748993386713,500.0,KARAHAYIT KümeEvleri,3504-033-01
BAYINDIR,7,ERGENLİ,38.240754541298,27.69077901911,1.2,ILICA Sk.,3504-020-01
GÜZELBAHÇE,1,MALTEPE,38.382627921767,26.92209371422,3.664,12 Sk.,3514-006-01
KINIK,996,POYRACIK,39.090558497277,27.349033704406,2.1,BERGAMA Cd.,3518-031-01
KINIK,996,OSMANİYE,39.090558519339,27.37045908698,2.0,TOPLU KONUT KümeEvleri,3518-029-01
TORBALI,9,ÇAYBAŞI,38.138181256195,27.37814783045,9.221,MENDERES Cd.,3528-058-01
TORBALI,9,PANCAR,38.195493568534,27.235733885394,3.222,PAMUKÇU OSMAN Sk.,3528-045-01
TORBALI,9,DÜVERLİK,38.218100169376,27.449424366285,1.315,DÜVERLİK YOLU KümeEvleri,3528-020-01
KINIK,996,KÖSELER,39.012322212563,27.373653714678,3.921,KARTAL KümeEvleri,3518-026-01
KINIK,996,FATİH,39.091049834018,27.384658632403,1.0,CAN Sk.,3518-016-01
KARABAĞLAR,19,VATAN,38.390537376339,27.101752526758,1.4,9242 Sk.,3531-054-01
TORBALI,9,ARSLANLAR,38.162581180844,27.413633237772,7.21,DEĞİRMENALTI Sk.,3528-004-01
TİRE,997,KETENCİ,38.083512740107,27.727191405131,467.0,KAVAKLARALTI Sk.,3527-054-01
KINIK,996,DEĞİRMENCİELİ,39.083895525059,27.449456479499,2.274,BAŞKOMUTAN ATATÜRK Cd.,3518-013-01
KINIK,996,BADEMALAN,38.999208859937,27.319886434674,1.24,SÖĞÜTALAN KümeEvleri,3518-005-01
TORBALI,9,YENİKÖY,38.120905674774,27.329090503048,3.8,DEDECİK Sk.,3528-059-01
KİRAZ,994,YEŞİLDERE,38.272701488139,28.16052802465,1.0,YEŞİLDERE KümeEvleri,3519-056-01
KARABAĞLAR,19,PEKER,38.359216949439,27.12516546524,5.6,5137 Sk.,3531-039-01
TİRE,997,KÜÇÜKKÖMÜRCÜ,38.023647666866,27.753796192911,640.0,KÜÇÜKKÖMÜRCÜ HALK Sk.,3527-064-01
TİRE,997,KÜÇÜKKEMERDERE,38.037819778517,27.791088077523,916.0,KÜÇÜKKEMERDERE ATATÜRK Sk.,3527-063-01
KİRAZ,994,YENİŞEHİR,38.162851887775,28.238204581009,1.5,YENİŞEHİR KümeEvleri,3519-055-01
KİRAZ,994,SARIKAYA,38.209030626768,28.353217099299,1.1,SARIKAYA KümeEvleri,3519-039-01
URLA,18,ÖZBEK,38.381416592396,26.680256233805,3.132,6078 Sk.,3529-023-01
URLA,18,NOHUTALAN,38.298983882507,26.525837021821,670.0,KAVUN Sk.,3529-021-01
URLA,18,BALIKLIOVA,38.426708235745,26.57777482262,3.9,13057 Sk.,3529-004-01
TORBALI,9,SAĞLIK,38.085303745081,27.399986350562,1.167,6350 Sk.,3528-046-01
KARABAĞLAR,19,ARAP HASAN,38.399834179745,27.106438306738,1.69,259 Sk.,3531-005-01
MENEMEN,17,BOZALAN,38.70154297711,27.195862199969,3426.0,BOZALAN KümeEvleri,3522-013-01
KİRAZ,994,AHMETLER,38.111511862503,28.41286928411,1.37,AHMETLER KümeEvleri,3519-001-01
DİKİLİ,995,ESENTEPE,39.024276119777,26.910129985004,3.5,ESENTEPE 4 Sk.,3511-010-01
URLA,18,YAKA,38.32600249732,26.758171431685,17.288,SUNA,3529-030-01
SEFERİHİSAR,12,KAVAKDERE,38.157991519639,26.892471936658,500.0,KAVAKDERE YOLU KümeEvleri,3525-013-01
URLA,18,SIRA,38.318463922158,26.760110672452,3.24,MANOLYA,3529-025-01
URLA,18,KALABAK,38.353127575155,26.806383848674,16.46,3301 Sk.,3529-017-01
KARABURUN,1000,SAİP,38.633123987351,26.522006229198,54.326,BODRUM Cd.,3515-006-01
KINIK,996,KARADERE,38.966159128105,27.4511182963,600.0,CAMİÖNÜ KümeEvleri,3518-021-01
MENDERES,13,ÇAMÖNÜ,38.102967364533,27.155799248954,2.542,İZMİR Cd.,3521-010-01
URLA,18,ALTINTAŞ,38.324423300376,26.757326542896,12.084,DÜNDAR Sk.,3529-001-01
KONAK,21,YENİ,38.418198314354,27.138723864484,2.588,TARIK SARI Sk.,3520-104-01
KONAK,21,OĞUZLAR,38.422237275262,27.148631888369,370.0,GAZİLER Cd.,3520-083-01
KARABURUN,1000,MERKEZ,38.636270929245,26.509759317591,6.34,KARABURUN CUMHURİYET Myd.,3515-009-01
KONAK,21,YENİŞEHİR,38.42724678301,27.158030293467,5.2,1212/1 Sk.,3520-107-01
KONAK,21,MEHMET ALİ AKMAN,38.397419930532,27.073734299612,3.751,4/6 Sk.,3520-071-01
KONAK,21,ÇINARTEPE,38.408535067173,27.186000261114,45.4,2630 Sk.,3520-026-01
KONAK,21,ANADOLU,38.416176689742,27.174096664025,1.5,2427 Sk.,3520-014-01
KARABURUN,1000,KÖSEDERE,38.547571184479,26.552926739976,1.8,AĞALARSEKİ KümeEvleri,3515-007-01
TİRE,997,ESKİOBA,38.111477381037,27.61730985768,2.051,ŞEHİT MÜMİN ATİK Sk.,3527-037-01
TORBALI,9,DAĞKIZILCA,38.307596716095,27.393634554629,6.207,6213 Sk.,3528-016-01
TORBALI,9,ÇAPAK,38.231012447349,27.35309597467,2.163,2540 Sk.,3528-014-01
TORBALI,9,BÜLBÜLDERE,38.104183422884,27.499892737487,1.7,YUNUS EMRE,3528-010-01
GAZİEMİR,15,BİNBAŞI REŞATBEY,38.34900518176,27.134641679507,4.61,351/2 Sk.,3513-005-01
KONAK,21,HİLAL,38.424120089635,27.157536774738,1.1,1215 Sk.,3520-047-01
KONAK,21,ATİLLA,38.40587831396,27.122764821286,1.28,HALİDE EDİP ADIVAR Cd.,3520-016-01
KONAK,21,ALSANCAK,38.438659728713,27.143460587416,930.0,1480 Sk.,3520-010-01
MENDERES,13,KARAKUYU,38.133624210873,27.23476303231,8.323,7659 Sk.,3521-031-01
MENDERES,13,HÜRRİYET,38.289678995215,27.12545794173,11.425,KAZIM KARABEKİR PAŞA Sk.,3521-029-01
MENDERES,13,GÜMÜLDÜR ATATÜRK,38.070675909243,27.001304847354,5.23,6341 Sk.,3521-025-01
TİRE,997,KÜÇÜKBURUN,37.991697658561,27.789847630802,484.0,KÜÇÜKBURUN OKUL Sk.,3527-061-01
TİRE,997,DALLIK,38.062344012477,27.799148038641,716.0,SOĞULCAKSU KümeEvleri,3527-026-01
KARŞIYAKA,20,ALAYBEY,38.458447420794,27.123161697136,3.068,METİN ALTIOK Sk.,3516-002-01
TORBALI,9,YOĞURTÇULAR,38.268927113667,27.282999414353,1.1,6449 Sk.,3528-062-01
GÜZELBAHÇE,1,SİTELER,38.373821962644,26.873862488509,1.096,368 Sk.,3514-009-01
TORBALI,9,ÇAMLICA,38.210007659293,27.412216962621,740.0,ÇAMLICA YOLU KümeEvleri,3528-013-01
TİRE,997,KAHRAT,38.135441288232,27.863298002952,900.0,GAZİ ATATÜRK Cd.,3527-089-01
BERGAMA,999,GAZİPAŞA,39.118827485265,27.177555493957,1.176,GAZİPAŞA CUMHURİYET Myd.,3505-052-01
BERGAMA,999,SAĞANCI,39.090508201114,27.032888615877,1.4,SAĞANCI,3505-106-01
BAYINDIR,7,KIZILOBA,38.278765259238,27.685886635769,2.4,KÜLLÜK Sk.,3504-039-01
KİRAZ,994,KIRKÖY,38.230271596027,28.1917273906,8.6,GÜLMEZ Sk.,3519-029-01
BAYINDIR,7,BALCILAR,38.282133938744,27.576367217855,3.018,BALCILAR YOLU Sk.,3504-005-01
TİRE,997,BAHARİYE,38.080922271998,27.735111932533,390.0,BUĞDAYDEDE TÜRBESİ Sk.,3527-012-01
TİRE,997,DERELİ,38.086182400497,27.844640722961,1.1,DERELİ CUMHURİYET Sk.,3527-029-01
KINIK,996,İBRAHİMAĞA,39.011508251948,27.2605481905,2.703,KAYIN Sk.,3518-019-01
BERGAMA,999,AHMETBEYLER,39.179253326369,27.277504746018,1.4,AHMETBEYLER KümeEvleri,3505-036-01
TİRE,997,ORTAKÖY,38.020136902482,27.681119428628,625.0,ORTAKÖY MERKEZ KümeEvleri,3527-069-01
DİKİLİ,995,MAZILI,39.11303781046,26.966230638112,1.302,MAZILI ATATÜRK Cd.,3511-018-01
ÖDEMİŞ,998,UMURBEY,38.226175382129,27.970929021028,3.032,HELVACI Sk.,3524-087-01
MENEMEN,17,ZAFER,38.605566068963,27.072221184568,19178.0,TAŞ Sk.,3522-066-01
KINIK,996,TAŞTEPE,39.105285723796,27.465605946672,5.597,SERİN KümeEvleri,3518-033-01
TİRE,997,DEREBAŞI,38.180739053384,27.782570551057,1.872,DEREBAŞI CUMHURİYET Sk.,3527-028-01
BEYDAĞ,993,ERİKLİ,38.063717063291,28.237432245762,1.5,SEDEF KümeEvleri,3506-012-01
ÇİĞLİ,16,KÜÇÜK ÇİĞLİ,38.500785736471,27.053188504007,2.1,8759/2 Sk.,3510-021-01
ÇİĞLİ,16,AYDINLIKEVLER,38.490675865343,27.084237618594,26.0,6793 Sk.,3510-006-01
URLA,18,YAĞCILAR,38.258035382587,26.681425892632,1.666,9003 Sk.,3529-029-01
KİRAZ,994,EMENLER,38.273105807639,28.186963749734,2.0,OMANLAR KümeEvleri,3519-018-01
BUCA,8,KURUÇEŞME,38.3697512037,27.192190833574,2.885,AHMET PİRİŞTİNA Blv.,3508-033-01
KARABAĞLAR,19,YÜZBAŞI ŞERAFETTİN,38.365666107151,27.095242880204,1.53,3961/2 Sk.,3531-058-04
KARABAĞLAR,19,UZUNDERE,38.352281273079,27.098863866949,2.144,3966/4 Sk.,3531-052-01
KONAK,21,NAMIK KEMAL,38.41238114825,27.131020608444,24.414,EŞREFPAŞA Cd.,3520-081-01
MENDERES,13,KÜNER,38.212570079159,27.124127702196,2.093,KÜNER KümeEvleri,3521-037-01
BAYINDIR,7,İBRAHİMÇAVUŞ,38.167811159532,27.497446474994,4.542,ABDİ YALÇIN Cd.,3504-030-01
BERGAMA,999,OVACIK,39.072436003601,27.073851145712,1.5,İZMİR ÇANAKKALE YOLU Cd.,3505-098-01
BERGAMA,999,ÇALIBAHÇE,39.001518206783,27.109706867043,320.0,ÇALIBAHÇE KümeEvleri,3505-030-01
KİRAZ,994,TAŞLIYATAK,38.160894970958,28.433210998089,1.4,TAŞLIYATAK KümeEvleri,3519-045-01
KEMALPAŞA,6,BAĞYURDU 29 EKİM,38.412789381267,27.639527357179,1.075,ARIKBAŞI Sk.,3517-001-01
DİKİLİ,995,İSLAMLAR,39.124940764613,26.904658123339,3.1,İSLAMLAR ATATÜRK Cd.,3511-013-01
BEYDAĞ,993,ÇİFTLİKKÖY,38.118028251873,28.205846628438,1.7,MANDIRAS KümeEvleri,3506-009-01
BERGAMA,999,KAPLAN (GÖÇBEYLİ BUCAĞI),39.306084426806,27.41062729113,360.0,KAPLAN (GÖÇBEYLİ BUCAĞI) KümeEvleri,3505-075-01
KEMALPAŞA,6,ÖREN 75.YIL CUMHURİYET,38.408627947105,27.585143163145,1.886,ÖREN TURGUTLU Cd.,3517-002-01
KARŞIYAKA,20,BAHÇELİEVLER,38.467948636553,27.123741035271,8.6,1851/10 Sk.,3516-005-01
BAYINDIR,7,HASKÖY,38.147395574664,27.502381746935,11.5,VALİ KAZIM DİRİK Cd.,3504-026-01
KEMALPAŞA,6,OVACIK,38.350183680487,27.681122945936,1.117,MERKEZ YOLU KümeEvleri,3517-034-01
ÇİĞLİ,16,ATATÜRK,38.515922760243,27.064303496958,14.0,8838/18 Sk.,3510-005-01
ÇİĞLİ,16,GÜZELTEPE,38.499425540269,27.075740407687,1.5,8423 Sk.,3510-015-01
BERGAMA,999,İNEŞİR,39.33563200753,27.382217417729,270.0,AŞAĞI KümeEvleri,3505-067-01
KİRAZ,994,OVACIK,38.305846400351,28.269446604873,800.0,OVACIK KümeEvleri,3519-034-01
KİRAZ,994,HİSAR,38.240687587325,28.191856121352,1.2,KOCAHİSAR KümeEvleri,3519-021-01
DİKİLİ,995,UZUNBURUN,39.032193893684,26.906804047679,1.8,UZUNBURUN 5/1 Sk.,3511-027-01
BERGAMA,999,TERZİHALİLLER,39.289412381227,27.068078674542,625.0,TERZİHALİLLER KümeEvleri,3505-118-01
BERGAMA,999,DEMİRCİDERE,39.264928867997,26.919206101102,640.0,DEMİRCİDERE KümeEvleri,3505-040-01
BERGAMA,999,DEREKÖY,39.274132325369,27.325397877858,2.1,DEREKÖY B.M KümeEvleri,3505-041-01
KEMALPAŞA,6,AŞAĞI YENMİŞ,38.45937187635,27.436635269858,1.035,SERAP Sk.,3517-051-01
ÇİĞLİ,16,AHMET EFENDİ,38.521286668476,27.039670202429,3.0,1113 Sk.,3510-001-01
BERGAMA,999,DURMUŞLAR,39.264763221331,27.373291189837,7.0,DURMUŞLAR KümeEvleri,3505-043-01
TİRE,997,MUSALAR,37.996487407562,27.73472850575,578.0,ALAN BAŞI KümeEvleri,3527-068-01
KARABURUN,1000,TEPEBOZ,38.661093860448,26.44722655936,623.0,TEPEBOZ KümeEvleri,3515-015-01
BAYINDIR,7,ALANKIYI,38.274857213444,27.624432174983,2.0,ALANKIYI KÖY YOLU Cd.,3504-001-01
KEMALPAŞA,6,HAMZABABA,38.418774690895,27.708373948542,634.0,HAMZABABA KümeEvleri,3517-022-01
KARABAĞLAR,19,SELVİLİ,38.378746776804,27.127925411541,5.5,ŞEHİT PİLOT VOLKAN KOÇYİĞİT Blv.,3531-045-01
ÇİĞLİ,16,EGEKENT,38.505432970248,27.061615954881,10.0,8831 Sk.,3510-010-01
BERGAMA,999,HİSARKÖY,39.258516021283,26.994350520898,1.2,HİSARKÖY KümeEvleri,3505-063-01
BUCA,8,ÇAMLIKULE,38.371854050823,27.172256752247,2.115,220/27 Sk.,3508-014-01
BERGAMA,999,AŞAĞIILGINDERE,39.251571286407,27.466717471542,2.0,AŞAĞIILGINDERE KümeEvleri,3505-009-01
BERGAMA,999,RAHMANLAR,38.920096154937,27.319991174296,290.0,RAHMANLAR KümeEvleri,3505-105-01
BERGAMA,999,NARLICA,39.095104680305,27.069709794945,1.171,NARLICA KümeEvleri,3505-095-01
BUCA,8,KARANFİL,38.393098013938,27.186568912468,7.6,ALİ ŞİR NEVAİ Cd.,3508-029-01
KONAK,21,EMİR SULTAN,38.420396468177,27.166409484209,17.225,1172 Sk.,3520-032-01
KİRAZ,994,KARABULU,38.137608398909,28.4223964119,3.4,KARABULU KümeEvleri,3519-026-01
BAYINDIR,7,FIRINLI,38.202116818312,27.602159335732,6.5,ESKİ FIRINLI KÖYÜ Sk.,3504-022-01
KİRAZ,994,ÇATAK,38.294934446281,28.168424378644,1.11,ÇATAK KümeEvleri,3519-013-01
TİRE,997,ÇAYIRLI,38.073571458478,27.654049289069,425.0,ÇAYIRLI YOL ALTI KümeEvleri,3527-020-01
DİKİLİ,995,KOCAOBA,39.10043340673,26.973322387144,1.55,KOCAOBA VATAN Cd.,3511-020-01
BERGAMA,999,AHMETBEYLER,39.176359064599,27.275541383418,600.0,AHMETBEYLER KümeEvleri,3505-001-01
ÇİĞLİ,16,EVKA-6,38.504689964675,27.086662299531,1630.0,6821 Sk.,3510-014-01
KİRAZ,994,ÖRENCİK,38.147936374859,28.391497492138,2.4,ZEYBEKLER KümeEvleri,3519-036-01
KİRAZ,994,ÇAYAĞZI,38.219314763835,28.316739212461,9.2,ZEYTİNALAN KümeEvleri,3519-014-01
BERGAMA,999,SEKLİK,38.885028983223,27.21519247267,990.0,SEKLİK KümeEvleri,3505-110-01
BERGAMA,999,BAYRAMCILAR,38.925171018267,27.246005471821,600.0,BAYRAMCILAR,3505-022-01
BAYINDIR,7,YUSUFLU,38.220123387572,27.696701338732,3.875,YUSUFLU KümeEvleri,3504-058-01
BAYINDIR,7,LÜTUFLAR,38.270207954169,27.804332410873,1.6,OKUL ÖNÜ Sk.,3504-041-01
KİRAZ,994,MERSİNLİDERE,38.155225775661,28.3051522118,700.0,MERSİNLİDERE KümeEvleri,3519-032-01
BUCA,8,ÇAĞDAŞ,38.396797828719,27.189100898945,121.19,DEDE KORKUT Cd.,3508-011-01
KARABURUN,1000,YAYLA,38.574349786986,26.455080191377,826.0,YAYLA KümeEvleri,3515-016-01
TİRE,997,TURGUTLU,38.133869338636,27.636105308407,1.572,YOL ALTI KümeEvleri,3527-080-01
TORBALI,9,TORBALI,38.172905582252,27.349518019835,3.248,METROPOLİS Blv.,3528-052-01
TORBALI,9,ÖZBEY,38.138890023359,27.320078297171,70.0,4032 Sk.,3528-043-01
TORBALI,9,PAMUKYAZI,38.121673824843,27.403162011937,138.25,7404 Sk.,3528-044-01
TORBALI,9,KUŞÇUBURUN,38.21487159697,27.328875775166,2.2,YAZIBAŞI İZMİR Cd.,3528-036-01
KARŞIYAKA,20,ÖRNEKKÖY,38.486796131343,27.107390338359,11.6,7532/2 Sk.,3516-020-01
KARABAĞLAR,19,BAHAR,38.401342385281,27.124653094685,1.362,2906 Sk.,3531-008-01
ÇEŞME,1001,ILICA,38.305061491353,26.362062151979,2.5,5131 Sk.,3509-015-01
GÜZELBAHÇE,1,ÇAMLI,38.326813717912,26.820106007567,5.739,UFUK Sk.,3514-002-01
BERGAMA,999,KADIKÖY,39.180118349177,27.368828159694,1.1,KADIKÖY Sk.,3505-071-01
BERGAMA,999,GÜLTEPE,39.325258506852,27.324882808054,210.0,GÜLTEPE KümeEvleri,3505-056-01
BERGAMA,999,EĞİLLER,39.261440489155,27.338100781011,360.0,EĞİLLER KümeEvleri,3505-044-01
KARABAĞLAR,19,MUAMMER AKAR,38.392890831431,27.078020455927,1.244,47 Sk.,3531-036-01
BUCA,8,DİCLE,38.40041334079,27.159746943876,6.0,858 Sk.,3508-016-01
MENEMEN,17,KAZIMPAŞA,38.601676784608,27.07361056867,9336.0,ATATÜRK Cd.,3522-043-01
BUCA,8,MENDERES,38.388052497903,27.174488311824,3.74,IŞILAY SAYGIN Myd.,3508-035-01
BUCA,8,BUCA KOOP,38.367160378096,27.184047692027,4.345,1409 Sk.,3508-008-01
TİRE,997,KÜRDÜLLÜ,38.084102906057,27.82416484462,680.0,KÜRDÜLLÜ CUMHURİYET KümeEvleri,3527-065-01
TİRE,997,ALAYLI,38.052317346297,27.582794116231,1.216,OVAÜSTÜ Sk.,3527-008-01
TORBALI,9,AYRANCILAR,38.249112809105,27.2806176572,10.26,BARIŞ MANÇO Cd.,3528-023-01
KARABAĞLAR,19,CENNETOĞLU,38.387753917261,27.132305421771,1.63,5709 Sk.,3531-015-01
BUCA,8,BARIŞ,38.396444643512,27.160733998547,8.042,357 Sk.,3508-006-01
TİRE,997,HALKAPINAR,38.002302788418,27.490882061632,1.7,HALKAPINAR CUMHURİYET Sk.,3527-040-01
TİRE,997,YENİŞEHİR,38.069226141696,27.901157292614,1.138,YENİŞEHİR MERKEZ,3527-088-01
BERGAMA,999,KARAVELİLER,39.289279606554,27.145840907419,1.2,KARAVELİLER KümeEvleri,3505-079-01
BERGAMA,999,TEKKEDERE,38.993713685833,27.064560157314,1.7,TEKKEDERE KümeEvleri,3505-116-01
BEYDAĞ,993,EĞRİDERE,38.118230899971,28.286870412098,2.8,ÇAMCILAR KümeEvleri,3506-011-01
MENDERES,13,DEVELİ,38.202993206276,27.167815318501,5.878,9126 Sk.,3521-019-01
DİKİLİ,995,YENİCE,39.10476282587,27.011001869937,1.15,YENİCE İSTİKLAL Cd.,3511-030-01
TİRE,997,TOPALAK,38.014235022852,27.700164366682,444.0,TOPALAK ATATÜRK,3527-077-01
TİRE,997,SARUHANLI,38.085610322004,27.882849941976,964.0,SARUHANLI MERKEZ KümeEvleri,3527-074-01
KARABAĞLAR,19,TIRAZLI,38.318826201567,27.061962276945,500.0,KUTLU AKTAŞ Cd.,3531-049-01
BERGAMA,999,ÇELTİKÇİ,39.269547560817,27.309948435482,1.8,ÇELTİKÇİ KümeEvleri,3505-035-01
DİKİLİ,995,KATIRALANI,39.007587506422,26.878050950785,700.0,KATIRALANI 1 Sk.,3511-016-01
TİRE,997,SARILAR,38.094064925364,27.904915012318,1.081,BAĞ MEVKİİ KümeEvleri,3527-073-01
TİRE,997,MEHMETLER,38.009956557189,27.501849546732,1.952,GÜNEYBATI Sk.,3527-067-01
TİRE,997,CAMBAZLI,38.068992685682,27.767779751389,1.022,HALİL BAHÇELİ KümeEvleri,3527-018-01
TİRE,997,AYAKLIKIRI,38.087026547528,27.536173481588,1.291,AYAKLIKIRI CUMHURİYET Sk.,3527-011-01
KONAK,21,ÇANKAYA,38.404701246624,27.101060496246,4.503,141 Sk.,3520-024-01
KINIK,996,ARPASEKİ,39.095803510547,27.491238369953,31.548,FUNDA KümeEvleri,3518-002-01
ÇİĞLİ,16,UĞUR MUMCU,38.524677750993,27.045592484694,2.5,8790/5 Sk.,3510-025-01
KARABAĞLAR,19,YUNUS EMRE,38.372644673026,27.133611676539,4.0,4158 Sk.,3531-056-01
TİRE,997,ARMUTLU,38.027197225718,27.694609520175,325.0,ARMUTLU KümeEvleri,3527-009-01
TİRE,997,HİSARLIK,38.066036312508,27.702981934602,288.0,ÇUKURKÖY YOL ALTI KümeEvleri,3527-042-01
KARABURUN,1000,SARPINCIK,38.654156802518,26.40280941066,1.0,SARPINCIK KümeEvleri,3515-014-01
KARABURUN,1000,PARLAK,38.611782914103,26.395170597356,4.38,TARLAİÇİ KümeEvleri,3515-011-01
BERGAMA,999,ALACALAR,39.113487467609,27.092111464238,2.5,ALACALAR KümeEvleri,3505-003-01
BERGAMA,999,SARICAOĞLU,39.318801353072,27.375951836065,570.0,SARICAOĞLU KümeEvleri,3505-108-01
BERGAMA,999,ÖRLEMİŞ,38.941127866259,27.117088375855,690.0,ÖRLEMİŞ KümeEvleri,3505-101-01
BERGAMA,999,MARUFLAR,39.010255635211,27.21244568876,1.0,MARUFLAR KümeEvleri,3505-093-01
TORBALI,9,TÜRKMENKÖY,38.250898995138,27.262443097262,162.796,İZMİR AYDIN Cd.,3528-054-01
TİRE,997,4 EYLÜL,38.090218625023,27.725662543518,2.368,ORUÇ REİS Cd.,3527-001-01
TİRE,997,IŞIKLAR,38.10273030833,27.543811008741,1.0,IŞIKLAR CAMİ KümeEvleri,3527-044-01
BAYINDIR,7,HATAY,38.224236544673,27.636813268535,1.05,EMİR ÇEŞME Sk.,3504-025-02
TORBALI,9,NAİME,38.095808047227,27.43487633238,2.42,MİMAR KEMALLEDDİN Cd.,3528-039-01
URLA,18,BADEMLER,38.275885002163,26.831415574557,16.743,BADEMLER Cd.,3529-003-01
TİRE,997,MAHMUTLAR,38.132496934507,27.627020714203,1.04,CAMİ Sk.,3527-066-01
DİKİLİ,995,KIRATLI,39.169471793017,26.856593088302,3.1,KIRATLI CUMHURİYET Cd.,3511-017-01
KARŞIYAKA,20,ATAKENT,38.467948596767,27.085932805094,42.0,2039 Sk.,3516-003-01
SEFERİHİSAR,12,SIĞACIK,38.189394084524,26.784945252067,1.46,145,3525-017-01
SELÇUK,10,HAVUTÇULU,37.883392307977,27.416634410888,4.862,506,3526-009-01
ÖDEMİŞ,998,ÇOBANLAR,38.315624548021,27.956449044608,282.0,ÇOBANLAR YAYLASI,3524-026-01
ÖDEMİŞ,998,BUCAK,38.231986686227,28.109442842583,2.58,KARAYİĞİT,3524-016-01
ÖDEMİŞ,998,İNÖNÜ,38.232829560306,27.974242331285,1.42,SEFA,3524-045-01
ÖDEMİŞ,998,İLKKURŞUN,38.175171074836,27.860436923092,10.426,İLKKURŞUN,3524-044-01
ÖDEMİŞ,998,GÜNLÜCE,38.271030115758,27.954411938643,3.94,ESER,3524-038-01
ÖDEMİŞ,998,BALABANLI,38.139643742573,27.954775162304,2.695,ATAM,3524-007-01
ÖDEMİŞ,998,ATATÜRK,38.231164389203,27.977767472566,16.4,TEĞMEN KALMAZ,3524-005-01
ÖDEMİŞ,998,DEMİRDERE,38.016164490197,28.002064278526,2.763,DEMİRDERE,3524-028-01
BORNOVA,2,MEVLANA,38.45029931617,27.221715289047,62.24,1776,3507-033-01
BERGAMA,999,YERLİTAHTACI,39.151887945016,27.136502349039,580.0,YERLİTAHTACI,3505-130-01
BERGAMA,999,AVUNDURUK,39.211530305816,27.203777511387,300.0,AVUNDURUK,3505-015-01
BERGAMA,999,YALNIZEV,39.091105919174,27.124792084915,2.25,KÜÇÜKKAYA KÖY YOLU,3505-127-01
BERGAMA,999,ÇAKIRLAR,39.14291883381,27.117454360679,300.0,ÇAKIRLAR MERKEZ,3505-029-01
BERGAMA,999,ÜRKÜTLER,39.355870752323,27.375128195129,685.0,ÜRKÜTLER,3505-125-01
BERGAMA,999,DAĞISTAN,39.131432773353,27.297235951594,1.0,DAĞISTAN,3505-039-01
ÖDEMİŞ,998,ZAFER,38.234772944159,27.990145747861,5.962,1330,3524-099-01
ÖDEMİŞ,998,ÇAYLI,38.15333736976,28.144272162104,2.4,EKİN,3524-025-01
BORNOVA,2,SERİNTEPE,38.423316248287,27.195798648839,6.0,4323,3507-037-01
BORNOVA,2,YUNUS EMRE,38.443527182848,27.233341428105,12.0,7523,3507-044-01
BORNOVA,2,ERZENE,38.465558053845,27.219078461825,6.0,FEVZİ ÇAKMAK,3507-013-01
ÖDEMİŞ,998,KIŞLA,38.201686571249,28.060608865567,3.15,KIŞLALI,3524-054-01
ÖDEMİŞ,998,MURSALLI,38.268766947007,27.986568313584,4.11,CELAL BAYAR,3524-069-01
SELÇUK,10,GÖKÇEALAN,37.838830142075,27.382815331236,8.38,634,3526-008-01
FOÇA,4,KOZBEYLİ,38.715909427132,26.894499635373,11.194,KOZBEYLİ KÖYÜ KÜME EVLER,3512-012-01
BORNOVA,2,EĞRİDERE,38.500069740246,27.216968820539,3.6,EĞRİDERE,3507-011-01
TİRE,997,ÇERİKÖZÜ,37.977026173495,27.795499345743,663.0,PINARBAŞI,3527-021-01
ÖDEMİŞ,998,YILANLI,38.295451328212,28.123821597254,500.0,YILANLI,3524-096-01
ÖDEMİŞ,998,KÖFÜNDERE,38.204600945301,28.158188415903,1.91,KÖFÜNDERE,3524-058-01
SELÇUK,10,SULTANİYE,37.882495789749,27.335784814507,750.0,EYİCE,3526-011-01
ÖDEMİŞ,998,GERELİ,38.200373342356,28.047507402532,3.253,GERELİ,3524-035-01
ÖDEMİŞ,998,CUMHURİYET,38.223778053649,27.973726950948,1.596,CUMHURİYET,3524-020-01
KEMALPAŞA,6,YEŞİLKÖY,38.31531845432,27.461015382607,764.0,YEŞİLKÖY YOLU,3517-046-01
BAYINDIR,7,GAZİLER,38.2394943948,27.756121079163,1.2,ALANKÖY YOLU,3504-023-01
ÖDEMİŞ,998,KERPİÇLİK,38.296358339022,27.828584974943,1.664,KERPİÇLİK,3524-053-01
ÖDEMİŞ,998,UZUNDERE,38.189243503593,28.12834866119,5.69,UZUNDERE,3524-088-01
ÖDEMİŞ,998,ÜÇ EYLÜL,38.218994882105,27.959761303373,2.609,KANTARCI,3524-089-01
BORNOVA,2,IŞIKLAR,38.424695266884,27.230871231813,2.4,ALP,3507-019-01
ÖDEMİŞ,998,MİMAR SİNAN,38.232819833548,27.965697260333,3.772,MEHMET AKİF,3524-068-01
BORNOVA,2,ÇAMİÇİ,38.515713798342,27.221481365845,2.4,ÇAĞLA,3507-005-01
ÖDEMİŞ,998,KAYMAKÇI,38.163058097857,28.113486486758,2.655,ÜNAL,3524-049-01
SELÇUK,10,ÇAMLIK,37.885670259451,27.380196594062,20.364,ÇAMLIK ATATÜRK,3526-007-01
ÖDEMİŞ,998,SUÇIKTI,38.296254975201,27.893890688328,500.0,SUÇIKTI,3524-079-01
KEMALPAŞA,6,YENİKURUDERE,38.340286239793,27.605214051138,5.234,YENİ KURUDERE YOLU,3517-044-01
ALİAĞA,3,GÜZELHİSAR,38.775559259088,27.018267921552,851.0,GÜZELHİSAR MERKEZ,3502-011-01
ALİAĞA,3,SİTELER,38.789450919219,26.962659784174,17127.0,ŞEHİT BİNBAŞI YAVUZ BAŞAYAR,3502-023-01
ALİAĞA,3,SAMURLU,38.763812731073,26.98934132534,1605.0,SAMURLU ÇAMLIK,3502-022-01
ALİAĞA,3,KARAKUZU,38.760275436483,27.112402486683,4327.0,PALAMUT,3502-017-01
BORNOVA,2,ÜMİT,38.440235219619,27.25324033409,5.0,7408/2,3507-039-01
ÖDEMİŞ,998,DEMİRCİLİ,38.215977069427,27.905273532088,1.331,DEMİRCİLİ,3524-027-01
GAZİEMİR,15,DOKUZ EYLÜL,38.329247676128,27.138501092102,4.14,KAHRAMANLAR,3513-006-01
ÖDEMİŞ,998,SEYREKLİ,38.192589991288,27.916519689304,6.0,SEYREKLİ,3524-078-01
ÖDEMİŞ,998,ÇAMYAYLA,38.367477529889,27.941783669634,2.198,YEŞİL DERE,3524-023-01
KONAK,21,KILIÇ REİS,38.404944261077,27.117452070286,5.414,324,3520-058-01
ÖDEMİŞ,998,KÜRE,38.063367013588,27.979217150064,3.186,KÜRE,3524-065-01
BORNOVA,2,KAZIMDİRİK,38.449434613852,27.212691110347,77.0,372,3507-025-01
KINIK,996,YUKARI,39.083208100514,27.383596619121,440.0,GÖLCÜK HAMAM,3518-038-01
FOÇA,4,ATATÜRK,38.662609542686,26.752700430406,20.6,13,3512-001-01
BORNOVA,2,TUNA,38.427390123084,27.183325996345,2.8,SANAT,3507-038-01
ÖDEMİŞ,998,KAZANLI,38.137776532967,27.940332074071,3.765,KAZANLI,3524-050-01
BERGAMA,999,ÇÜRÜKBAĞLAR,39.262550025339,27.229220058846,1.3,ÇÜRÜKBAĞLAR,3505-038-01
GAZİEMİR,15,GAZİKENT,38.315263028657,27.138433377636,5.14,GAZİ ATATÜRK,3513-010-01
BORNOVA,2,İNÖNÜ,38.487429926518,27.204708496638,5.2,981,3507-020-01
BORNOVA,2,KARAÇAM,38.517730044127,27.270967188219,600.0,KARAÇAM,3507-022-01
ÖDEMİŞ,998,SÜLEYMANLAR,38.281303142541,27.855483347924,2.508,SÜLEYMANLAR,3524-081-01
FOÇA,4,MAREŞAL FEVZİ ÇAKMAK,38.65250976436,26.907099684898,2.49,11 EYLÜL,3512-013-01
ÖDEMİŞ,998,TOSUNLAR,38.285399914628,27.90278033781,1.484,TOSUNLAR,3524-084-01
FOÇA,4,YENİBAĞARASI,38.663509637702,26.842999982284,591.0,YENİFOÇA,3512-015-01
SELÇUK,10,BELEVİ,38.020319852978,27.44337865069,9.328,ÜMİT AKOĞUL,3526-005-01
ALİAĞA,3,ŞAKRAN SAYFİYE,38.882677269521,27.065643128686,1710.0,FATİH SULTAN MEHMET,3502-028-01
ALİAĞA,3,ŞEHİTKEMAL,38.726166474148,26.985711168599,1617.0,GÖKTEPE,3502-024-01
ALİAĞA,3,HOROZGEDİĞİ,38.734801361935,26.922460463916,1800.0,HOROZGEDİĞİ ÇEŞME,3502-013-01
BORNOVA,2,KURUDERE,38.546965822505,27.252597436972,2.0,KURUDERE,3507-029-01
BORNOVA,2,KEMALPAŞA,38.431081494719,27.274486203834,7.9,7058/3,3507-026-01
ALİAĞA,3,KURTULUŞ,38.798592134765,26.974984236902,1400.0,KAZIM ONARAN,3502-019-01
KİRAZ,994,KARABAĞ,38.254151066032,28.177619059877,200.0,TÜTÜZLER,3519-038-01
FOÇA,4,HACIVELİ,38.659509672106,26.855199928998,2.604,32/1,3512-006-01
ÖDEMİŞ,998,TÜRKÖNÜ,38.191688619765,28.054912829342,4.0,TÜRKÖNÜ,3524-086-01
ALİAĞA,3,KAZIM DİRİK,38.801218078006,26.970720110392,12323.0,ONAT KUTLAR,3502-018-01
ÖDEMİŞ,998,KIZILCAAVLU,38.140183141414,28.151186643083,4.055,KIZILCAAVLU,3524-056-01
ÖDEMİŞ,998,YOLÜSTÜ,38.209506176006,28.024133483511,2.586,YOLÜSTÜ,3524-097-01
ÖDEMİŞ,998,HÜRRİYET,38.224449853978,27.979896519206,1.41,MENDERES,3524-042-01
ÖDEMİŞ,998,HAMAM,38.012917123388,27.989983221167,2.297,MENDEGÜME,3524-040-01
ÖDEMİŞ,998,DOLAYLAR,38.275464784204,27.986392957686,3.47,DOLAYLAR,3524-030-01
ÖDEMİŞ,998,AKINCILAR,38.228358088246,27.973516951479,7.3,MİTHATPAŞA,3524-001-01
ÖDEMİŞ,998,BÜLBÜLLER,38.22822458271,27.836530727945,2.61,BÜLBÜLLER,3524-017-01
ÖDEMİŞ,998,ALAŞARLI,38.148753507875,28.151412996076,3.048,ALAŞARLI,3524-002-01
BERGAMA,999,YUKARICUMA,39.318192642507,27.096580585537,1.0,YUKARICUMA,3505-134-01
BERGAMA,999,GAZİOSMANPAŞA,39.113356744109,27.184530525229,24.904,PİRSULTAN ABDAL,3505-051-01
SELÇUK,10,ATATÜRK,37.946613924009,27.369198553689,1.6,1038,3526-003-01
SELÇUK,10,İSA BEY,37.95674621532,27.371113674878,4.499,2035,3526-010-01
ÖDEMİŞ,998,ORTAKÖY,38.252922337459,27.927262608472,5.46,ORTAKÖY,3524-073-01
BALÇOVA,14,ÇETİN EMEÇ,38.384691679944,27.061053424591,1880.0,DUYGU,3503-002-01
KARABAĞLAR,19,BAHAR,38.396985112792,27.118736711586,2.27,9165,3531-018-01
SEFERİHİSAR,12,ORHANLI,38.169113319463,26.95343063305,12.69,ORHANLI,3525-015-01
SEFERİHİSAR,12,DÜZCE,38.242501784095,26.815700863872,850.0,LOJMAN,3525-008-01
SEFERİHİSAR,12,TURGUT,38.258217186839,26.805444448615,5.646,PINAR,3525-020-01
SEFERİHİSAR,12,İHSANİYE,38.275906002343,26.80866979375,2.069,İHSANİYE,3525-012-01
SEFERİHİSAR,12,TEPECİK,38.179342314958,26.836151054157,2.438,TEPECİK,3525-018-01
SEFERİHİSAR,12,HIDIRLIK,38.189527942748,26.835742650213,6.079,77,3525-011-01
ALİAĞA,3,BAHÇEDERE,38.903759712915,27.112024239938,558.0,BAHÇEDERE,3502-003-01
SEFERİHİSAR,12,CUMHURİYET,38.074945766276,26.908504685076,1.0,KARAKOÇ,3525-005-01
SEFERİHİSAR,12,ATATÜRK,38.086058663149,26.867209875616,1.0,ESKİ KÖY YERLEŞİM YERİ,3525-001-01
BERGAMA,999,KATRANCI,39.321960359469,27.312001516507,210.0,KATRANCI,3505-081-01
BERGAMA,999,TOPALLAR,39.342462776142,27.334550410909,500.0,TOPALLAR,3505-121-01
ÖDEMİŞ,998,KÜÇÜKAVULCUK,38.242297997452,28.031893783517,3.546,BİRGİ YOLU,3524-063-01
ALİAĞA,3,AŞAĞIŞAKRAN,38.922753601097,27.096573282332,200.0,AŞAĞIŞAKRAN,3502-001-01
KARABAĞLAR,19,KAVACIK,38.309365589758,26.959181025284,1.021,10022,3531-030-01
BORNOVA,2,EVKA 4,38.489355927096,27.214853442805,6.0,AHMET ARVASİ,3507-015-01
SEFERİHİSAR,12,ÇAMTEPE,38.284547701299,26.941879155413,855.0,ÇAMTEPE KÖY YOLU,3525-006-01
ALİAĞA,3,ÇORAKLAR,38.833683027961,27.077011533382,658.0,ÇORAKLAR MERCAN,3502-009-01
ALİAĞA,3,ÇALTILIDERE,38.852894885899,27.034587707136,7830.0,ÇALTILIDERE CAMİ,3502-007-01
BALÇOVA,14,ONUR,38.3893322707,27.049785434803,2416.0,YEŞİL CAMİİ,3503-007-01
SEFERİHİSAR,12,ÇOLAK İBRAHİM BEY,38.199983869635,26.834986011159,10.0,FEVZİ ÇAKMAK,3525-007-01
BERGAMA,999,KIZILTEPE,38.940801802649,27.133301294141,270.0,KIZILTEPE,3505-084-01
BALÇOVA,14,EĞİTİM,38.396122247586,27.06133236473,2100.0,GAZİ OSMAN PAŞA,3503-003-01
BALÇOVA,14,KORUTÜRK,38.389475257759,27.038132492472,21130.0,V. HÜSEYİN ÖĞÜTÇEN,3503-006-01
BALÇOVA,14,İNCİRALTI,38.395213230855,27.040385471391,11889.0,MİTHATPAŞA,3503-005-01
BERGAMA,999,MALTEPE,39.113120735305,27.174501573846,14.0,ATATÜRK,3505-092-01
BALÇOVA,14,TELEFERİK,38.384402304494,27.057011406338,526.0,ENVERPAŞA,3503-008-01
NARLIDERE,5,ÇAMTEPE,38.392241749422,27.011945454919,4.812,KAYHAN,3523-004-01
ÖDEMİŞ,998,CEVİZALAN,38.253727046864,28.119289234065,885.0,CEVİZALAN,3524-019-01
GAZİEMİR,15,ATIFBEY,38.319220791162,27.130592232732,5.815,FERİDUN PÖZÜT,3513-003-01
ÖDEMİŞ,998,YENİCEKÖY,38.241289192693,27.950044223057,4.745,YENİCEKÖY,3524-093-01
MENDERES,13,GÜMÜLDÜR CUMHURİYET,38.076551845234,26.990413266015,4.14,6447,3521-026-01
ÖDEMİŞ,998,IŞIK,38.224650102109,27.884853224602,3.2,IŞIKLAR,3524-043-01
GAZİEMİR,15,BEYAZEVLER,38.339383629497,27.144176046503,4.6,541,3513-004-01
ÖDEMİŞ,998,KIZILCA,38.297378539526,27.844328623472,1.377,KIZILCA,3524-055-01
BERGAMA,999,YUKARIADA,39.376322411319,27.344329617853,1.23,YUKARIADA,3505-132-01
ALİAĞA,3,YENİ,38.79176113202,26.976948096415,61326.0,572,3502-027-01
GAZİEMİR,15,ATATÜRK,38.293914896852,27.174134973621,1.8,1045/1,3513-002-01
BORNOVA,2,YEŞİLOVA,38.429765223832,27.204819592929,4.0,4178/1,3507-042-01
FOÇA,4,KOCA MEHMETLER,38.69570948591,26.854199869761,1.863,ŞEHİT ER VELİ YILMAZ,3512-011-01
GAZİEMİR,15,GAZİ,38.329368668458,27.131995124934,5.12,28/27,3513-009-01
ÖDEMİŞ,998,EMMİOĞLU,38.218346339183,27.966037390407,7.513,SANAYİ SİTESİ ŞEREF USTA,3524-032-01
BERGAMA,999,ÜÇTEPE,39.239480915594,27.246806426463,360.0,ÜÇTEPE,3505-124-01
BERGAMA,999,AŞAĞICUMA,39.27021213755,27.011401998523,4.0,AŞAĞICUMA,3505-008-01
BERGAMA,999,İSMAİLLİ,38.932953032905,27.213667848271,1.4,İSMAİLLİ,3505-070-01
SEFERİHİSAR,12,PAYAMLI,38.076763520327,26.927391509671,12.316,KOCA YUSUF,3525-016-01
BERGAMA,999,AYVATLAR,39.267086381461,26.981822118709,750.0,AYVATALAR,3505-017-01
BERGAMA,999,HACILAR (DEREKÖY BUCAĞI),39.324255301947,27.270022603218,900.0,HACILAR (DEREKÖY BUCAĞI),3505-059-01
BERGAMA,999,KOZLUCA,39.242767998144,27.428449924113,450.0,KOZLUCA MERKEZ,3505-088-01
ALİAĞA,3,YÜKSEKKÖY,38.890417818011,27.148297086821,603.0,28/11,3502-030-01
BERGAMA,999,ARMAĞANLAR,39.055216034083,27.185633619989,200.0,ARMAĞANLAR,3505-006-01
BORNOVA,2,BİRLİK,38.427752225931,27.1969606349,6.2,4263,3507-004-01
FOÇA,4,YENİKÖY,38.690109566673,26.901999644488,1.187,YENİKÖY KÖYÜ KÜME EVLER,3512-016-01
BALÇOVA,14,FEVZİ ÇAKMAK,38.385444299867,27.058426397672,1946.0,ATA,3503-004-01
BERGAMA,999,HACIHAMZALAR,39.290778372928,27.045710023178,1.15,HACIHAMZALAR,3505-058-01
ÖDEMİŞ,998,GERÇEKLİ,38.217528932739,28.065936610721,1.976,GERÇEKLİ,3524-034-01
BERGAMA,999,ALHATLI,39.288070175979,27.384681399026,350.0,ALHATLI MERKEZ,3505-004-01
ÖDEMİŞ,998,OVACIK,38.313598503266,28.052783368274,1.91,OVACIK,3524-074-01
GAZİEMİR,15,EMREZ,38.35794851743,27.129505089067,4.96,196,3513-007-01
BERGAMA,999,AVUNDUK,38.995250848277,27.209048410227,150.0,AVUNDUK,3505-014-01
BERGAMA,999,ÖRENLİ,39.221829506608,27.267890749884,1.23,ÖRENLİ,3505-100-01
ALİAĞA,3,MİMAR SİNAN,38.700923654906,27.034773971087,2796.0,2619,3502-021-01
NARLIDERE,5,LİMANREİS,38.381005119885,26.924837159057,12.028,MADALYON,3523-008-01
ÖDEMİŞ,998,BENGİSU,38.230364003478,27.970202102967,1.376,MALAZGİRT,3524-010-01
FOÇA,4,MUSTAFA KEMAL ATATÜRK,38.738809249453,26.837999871833,3.976,İZMİR,3512-014-01
ÖDEMİŞ,998,BOZDAĞ,38.339286417033,28.074635617596,5.464,ÜÇLER,3524-015-01
ÖDEMİŞ,998,BOZCAYAKA,38.118901844254,27.975409663059,3.46,BOZCAYAKA,3524-014-01
ÖDEMİŞ,998,KURUCUOVA,38.17792507485,28.087698532345,7.86,KURUCUOVA,3524-060-01
ÖDEMİŞ,998,MESCİTLİ,38.135308785567,28.07418334537,4.116,MESCİTLİ,3524-066-01
NARLIDERE,5,YENİKALE,38.395459054818,27.006413472141,6.523,TAYLAN,3523-011-01
ÖDEMİŞ,998,KUVVETLİ,38.232902453885,27.962824841409,15.322,ÖRNEK,3524-062-01
ÖDEMİŞ,998,HORZUM,38.37718628886,27.899242417081,5.418,ÇALI,3524-041-01
BERGAMA,999,YUKARIKIRIKLAR,39.187837532392,27.235299218824,1.0,YUKARIKIRIKLAR,3505-135-01
BERGAMA,999,YORTANLI,39.250154155179,27.265476898762,210.0,YORTANLI,3505-131-01
BERGAMA,999,YENİKENT,39.009101747208,27.058608292552,5.1,KEMAL ATATÜRK,3505-128-01
BERGAMA,999,GÖKÇEYURT,39.199323324546,27.188943353913,210.0,GÖKÇEYURT,3505-055-01
BERGAMA,999,GAYLAN,39.046153484522,27.194542607339,280.0,GAYLAN,3505-050-01
BORNOVA,2,YEŞİLÇAM,38.447826371892,27.304224533284,3.0,2004,3507-041-01
BORNOVA,2,GÖKDERE,38.377797715237,27.24064531526,4.0,ÇİĞDEM,3507-017-01
ALİAĞA,3,KARAKÖY,38.795869213193,27.071953623868,2421.0,KARAKÖY HÜKÜMET,3502-016-01
ALİAĞA,3,KAPUKAYA,38.871976914939,27.152308099571,724.0,21/6,3502-015-01
ÖDEMİŞ,998,YENİKÖY,38.198473081467,27.893541212989,3.505,YENİKÖY KAHVELERİ,3524-094-01
ALİAĞA,3,KÜLTÜR,38.803377830247,26.971581459148,25493.0,HÜKÜMET,3502-020-01
ALİAĞA,3,ÇITAK,38.75683594751,27.057591940438,1109.0,ÇITAK İSTİKLAL,3502-008-01
ALİAĞA,3,B.HAYRETTİN PAŞA,38.701602635364,27.019359046282,13897.0,2205,3502-004-01
ÖDEMİŞ,998,OCAKLI,38.229302125129,28.010494778665,973.0,OCAKLI,3524-070-01
MENDERES,13,KUYUCAK,38.19101924373,26.99191706401,427.0,MENDERES-ORHANLI YOLU Sk.,3521-036-01
ÖDEMİŞ,998,BIÇAKÇI,38.070150283239,28.103528562307,3.323,BIÇAKÇI,3524-012-01
ALİAĞA,3,YALI,38.830966243161,26.981573948517,3724.0,121,3502-026-01
FOÇA,4,FATİH,38.750009179625,26.826499908356,4.945,KANDEMİR,3512-003-01
ALİAĞA,3,KALABAK,38.843837019975,27.11818431409,1900.0,KALABAK MERKEZ,3502-014-01
ALİAĞA,3,HACIÖMERLİ,38.866671978553,27.06245207775,23454.0,HACIÖMERLİ MENEKŞE,3502-012-01
ALİAĞA,3,BOZKÖY,38.71995948309,26.964735282558,455.0,ŞAHİN,3502-005-01
ALİAĞA,3,ATATÜRK,38.795513556579,26.965043675653,56566.0,GÜNEŞ,3502-002-01
GAZİEMİR,15,ZAFER,38.336675343294,27.104704893311,3.12,800,3513-016-01
GAZİEMİR,15,SEVGİ,38.307035792093,27.138819128648,5.56,80,3513-014-01
GAZİEMİR,15,IRMAK,38.328382846748,27.126666109067,10.3,38/26,3513-012-01
SEFERİHİSAR,12,TURABİYE,38.201482032629,26.846500780564,12.0,BEYLER,3525-019-01
SEFERİHİSAR,12,GÖLCÜK,38.271327730511,26.904773364229,1.0,14000,3525-010-01
NARLIDERE,5,HUZUR,38.394958016087,26.997145842317,21.712,AHMET TANER KIŞLALI,3523-006-01
SEFERİHİSAR,12,BEYLER,38.225602993058,26.926344334898,1.7,KAVAKÇAYI,3525-003-01
ÖDEMİŞ,998,YUSUFDERE,38.219706000399,27.828870940596,1.913,YUSUFDERE,3524-098-01
ÖDEMİŞ,998,ÜÇKONAK,38.248572567855,28.086808431079,5.783,ÜÇKONAK,3524-090-01
SELÇUK,10,ZEYTİNKÖY,37.991913597635,27.283398917089,800.0,AKPINAR,3526-014-01
SELÇUK,10,ACARLAR,37.915114085603,27.362898635743,3.207,OKUL,3526-002-01
ÖDEMİŞ,998,KUTLUBEYLER,38.24718097066,28.098069739112,500.0,KUTLUBEYLER,3524-061-01
ÖDEMİŞ,998,KEMER,38.285357240609,28.094454356154,1.852,KEMER,3524-052-01
ÖDEMİŞ,998,KAYAKÖY,38.204443772398,27.820448706931,1.314,23 NİSAN,3524-048-01
ÖDEMİŞ,998,ERTUĞRUL,38.173820028652,28.056761904805,2.595,ŞİRİNYER,3524-033-01
ÖDEMİŞ,998,BÜYÜKAVULCUK,38.231753053354,28.033311791405,923.0,BÜYÜKAVULCUK,3524-018-01
ÖDEMİŞ,998,BEYAZITLAR,38.246336921542,28.038668262034,6.78,BİRGİ YOLU,3524-011-01
ÖDEMİŞ,998,ARTICAK,38.345597302586,28.002135282865,1.852,ARTICAK YAYLASI,3524-004-01
ÖDEMİŞ,998,PİRİNÇÇİ,38.083879085992,28.079317717808,5.675,PİRİNÇÇİ,3524-076-01
GAZİEMİR,15,MENDERES,38.293350893723,27.167828005445,13.8,1012,3513-013-01
NARLIDERE,5,SAHİLEVLERİ,38.407009098034,27.00666120414,1.474,BÜŞRA,3523-010-01
FOÇA,4,KEMAL ATATÜRK,38.651109768029,26.903999703428,525.0,27 MART,3512-010-01
NARLIDERE,5,NARLI,38.396974904458,27.002328551875,9.95,MUSTAFA KEMAL SAHİL,3523-009-01
KONAK,21,İSMET PAŞA,38.407044782875,27.159237586712,2.3,3540,3520-052-01
SELÇUK,10,ŞİRİNCE,37.944793127681,27.43164271268,2.326,KAYSERKAYA,3526-012-01
SELÇUK,10,CUMHURİYET,37.943761938796,27.368845559526,5.735,KUBİLAY,3526-006-01
SELÇUK,10,ZAFER,37.954453527227,27.37435466966,2.0,3026,3526-013-01
ALİAĞA,3,ÇAKMAKLI,38.752004598079,26.909662371949,4671.0,10/36,3502-006-01
ÖDEMİŞ,998,HACIHASAN,38.27568595188,28.077717277676,1.625,HACI HASAN,3524-039-01
ÖDEMİŞ,998,GÜNEY,38.016138757125,27.978740479372,500.0,GÜNEY,3524-037-01
ÖDEMİŞ,998,EMİRLİ,38.106349152244,28.119441548426,4.015,EMİRLİ,3524-031-01
ÖDEMİŞ,998,ŞİRİNKÖY,38.221204332729,27.868207137938,4.08,ŞİRİNKÖY,3524-082-01
ÖDEMİŞ,998,KÜÇÜKÖREN,38.030155689774,27.994479892004,500.0,KÜÇÜKÖREN,3524-064-01
ÖDEMİŞ,998,KARAKOVA,38.17431422538,27.940187847088,1.843,KARAKOVA,3524-047-01
ÖDEMİŞ,998,ÇAYIR,38.003505607716,28.009107241074,2.266,ATAMAN,3524-024-01
ALİAĞA,3,FATİH,38.698117654402,27.020496046444,9000.0,2418,3502-010-01
ÖDEMİŞ,998,KARADOĞAN,38.246887047349,27.912471226492,2.092,KARADOĞAN,3524-046-01
ÖDEMİŞ,998,MEŞRUTİYET,38.227391928912,27.965974966372,3.243,ORDU,3524-067-01
BORNOVA,2,KIZILAY,38.472028827147,27.218696102792,5.2,467,3507-027-01
FOÇA,4,KAZIM DİRİK,38.658509674704,26.85289994232,1.654,408,3512-009-01
ALİAĞA,3,UZUNHASANLAR,38.774852848115,27.082627528454,4527.0,UZUNHASANLAR YENİ,3502-025-01
ÖDEMİŞ,998,KONAKLI,38.114571074925,27.996981243828,3.6,BAŞKOMUTAN ATATÜRK,3524-057-01
ÖDEMİŞ,998,SÜLEYMAN DEMİREL,38.24662788472,27.983661367639,7.248,1032,3524-080-01
KARABAĞLAR,19,OSMAN AKSÜNER,38.391760018574,27.135052831325,1.093,5733,3531-037-01
ÖDEMİŞ,998,BİRGİ,38.252995565413,28.065098269836,1.1,ŞEHİT RAŞİT BAŞOĞLU,3524-013-01
ÖDEMİŞ,998,ÜZÜMLÜ,38.26754130908,27.923563736766,2.43,ÜZÜMLER,3524-091-01
BERGAMA,999,İNKILAP,39.11320587369,27.18268127342,2.907,ADNAN MENDERES,3505-068-01
ÖDEMİŞ,998,KEMENLER,38.103050123501,28.086316902469,1.765,KEMENLER,3524-051-01
BORNOVA,2,LAKA,38.486148961873,27.189535762211,2.7,GÜL,3507-030-01
ÖDEMİŞ,998,ORHANGAZİ,38.163156621091,28.169607290189,2.34,ORHANGAZİ,3524-072-01
GAZİEMİR,15,AKTEPE,38.35519852739,27.125382114114,5.3,2002,3513-001-01
BERGAMA,999,ZAFER,39.115000316218,27.175454002768,12.5,CUMHURİYET,3505-136-01
KARABAĞLAR,19,MALİYECİLER,38.390712314815,27.098250189773,4.9,52/169,3531-034-01
BERGAMA,999,SELÇUK,39.121671917003,27.170028461488,5.922,KIŞLA,3505-013-01
FOÇA,4,İSMETPAŞA,38.671009503558,26.756300396482,408.0,169,3512-005-01
SEFERİHİSAR,12,GÖDENCE,38.275329385538,26.922149047782,1.1,4001,3525-009-01
ÖDEMİŞ,998,ÇAĞLAYAN,38.282519096035,27.989067225128,53.0,30 AĞUSTOS,3524-021-01
ÖDEMİŞ,998,VELİLER,38.258099487281,27.839462428616,5.148,VELİLER,3524-092-01
BORNOVA,2,YAKAKÖY,38.511904922393,27.322662870157,2.5,YAKA,3507-040-01
BORNOVA,2,MERİÇ,38.419998725484,27.18455438394,162.62,5748,3507-031-01
GAZİEMİR,15,YEŞİL,38.318317717023,27.123432186174,10.0,43/2,3513-015-01
NARLIDERE,5,ALTIEVLER,38.399518477445,26.988132700174,1.206,NAR,3523-002-01
ÖDEMİŞ,998,ÇAMLICA,38.089365743414,27.955555704277,2.183,ÇAMLICA,3524-022-01
ÖDEMİŞ,998,BAYIRLI,38.355109066084,28.034136081532,2.0,BOĞAZ,3524-008-01
BORNOVA,2,BEŞYOL,38.532869443417,27.291619400751,5.7,BEŞYOL,3507-003-01
BERGAMA,999,GÜNEŞLİ,39.344248546884,27.125902399571,950.0,TEKKEKÖY,3505-057-01
BORNOVA,2,ÇINAR,38.439563152624,27.184600676245,2.74,YILDIRIM BEYAZIT,3507-007-01
BORNOVA,2,BARBAROS,38.436128162246,27.196757921217,34.872,5332,3507-002-01
KARŞIYAKA,20,SANCAKLI,38.518359109201,27.152707538218,1.0,SANCAKLI,3516-021-01
ÖDEMİŞ,998,TÜRKMEN,38.229676250295,27.96367902134,8.91,DİKMEN,3524-085-01
SEFERİHİSAR,12,ULAMIŞ,38.246749107816,26.837250188362,4.697,1420/1,3525-021-01
KEMALPAŞA,6,SEKİZ EYLÜL,38.431533411182,27.405199981419,1.498,89,3517-038-10
ÇEŞME,1001,ALAÇATI,38.299555204039,26.377146829958,1.74,16087 Sk.,3509-002-10
KARŞIYAKA,20,YALI,38.470552605406,27.089494756498,3.15,6479/2 Sk.,3516-025-10
KARŞIYAKA,20,BOSTANLI,38.458102934813,27.091855109923,3.5,2022 Sk.,3516-007-10
KEMALPAŞA,6,MEHMET AKİF ERSOY,38.42795306333,27.423674951117,1.095,223 Sk.,3517-031-10
GÜZELBAHÇE,1,KAHRAMANDERE,38.36086348288,26.883990481702,2.99,ŞEHİT KEMAL Cd.,3514-004-10
ÇEŞME,1001,MUSALLA,38.319873330723,26.305172756566,1.7,1025 Sk.,3509-018-10
GÜZELBAHÇE,1,YALI,38.372842064193,26.877258149834,1.79,346 Sk.,3514-011-10
NARLIDERE,5,HUZUR,38.393576997107,26.991606246521,1.186,AÇELYAM,3523-006-10
KEMALPAŞA,6,SEKİZ EYLÜL,38.430474450389,27.407517400211,819.0,83/1 Sk.,3517-038-11
KARŞIYAKA,20,YALI,38.47097259441,27.086673085935,3.6,6471/5 Sk.,3516-025-11
GÜZELBAHÇE,1,YALI,38.371546721129,26.875949240658,2.619,185 Sk.,3514-011-11
KEMALPAŞA,6,MEHMET AKİF ERSOY,38.42825563693,27.42423284733,676.0,DR. ALİ KARAMAN Cd.,3517-031-11
KARŞIYAKA,20,BOSTANLI,38.458141876674,27.093128980968,4.4,2019,3516-007-11
NARLIDERE,5,NARLI,38.391138669817,27.008089215196,1.92,ÖZYUVA,3523-009-11
NARLIDERE,5,HUZUR,38.395011179041,26.991110718219,1.283,İLHAN SELÇUK,3523-006-11
KEMALPAŞA,6,SEKİZ EYLÜL,38.432289806102,27.40738865187,990.0,108 Sk.,3517-038-12
KARŞIYAKA,20,YALI,38.470888596079,27.086549705078,2.5,6471/5 Sk.,3516-025-12
KARŞIYAKA,20,BOSTANLI,38.457632460682,27.092799243598,2.0,2022,3516-007-12
ÇEŞME,1001,ALAÇATI,38.292861195717,26.375816473495,1.08,16020 Sk.,3509-002-12
ÇEŞME,1001,MUSALLA,38.314031403208,26.283624008496,600.0,1134 Sk.,3509-018-12
KEMALPAŞA,6,MEHMET AKİF ERSOY,38.428163181976,27.422022718233,852.0,197 Sk.,3517-031-12
NARLIDERE,5,HUZUR,38.394467806477,26.990584975045,1.912,ERİŞ,3523-006-12
KEMALPAŞA,6,MEHMET AKİF ERSOY,38.428490966243,27.419844774804,1.891,ÖĞRETMEN TAHİR TUNCA Cd.,3517-031-13
KEMALPAŞA,6,SEKİZ EYLÜL,38.433987458887,27.407581767203,2.053,111,3517-038-13
ÇEŞME,1001,ALAÇATI,38.283918054709,26.3801938333,2.4,13039 Sk.,3509-002-13
ÇEŞME,1001,MUSALLA,38.298325832035,26.309705707738,8.0,7009 Sk.,3509-018-13
KARŞIYAKA,20,YALI,38.470947396636,27.088260945816,3.1,OKAN YÜKSEL Cd.,3516-025-13
KARŞIYAKA,20,BOSTANLI,38.46297553489,27.09417251867,2.0,6352/1 Sk.,3516-007-13
KEMALPAŞA,6,MEHMET AKİF ERSOY,38.430625744136,27.419823313779,2.218,170 Sk.,3517-031-14
KEMALPAŞA,6,SEKİZ EYLÜL,38.431949433827,27.410843320468,6.605,102,3517-038-14
KARŞIYAKA,20,YALI,38.472728131881,27.084280564398,2.6,6436 Sk.,3516-025-14
ÇEŞME,1001,MUSALLA,38.307957512286,26.281735754331,3.1,34/1 Sk.,3509-018-14
KARŞIYAKA,20,BOSTANLI,38.459852964073,27.10417404312,4.8,1671,3516-007-14
KARŞIYAKA,20,YALI,38.465361311868,27.098335282279,2.25,CAHER DUDAYEV Blv.,3516-025-15
KEMALPAŞA,6,SEKİZ EYLÜL,38.430440834737,27.409985020297,3.2,122/1 Sk.,3517-038-15
ÇEŞME,1001,ALAÇATI,38.255304374508,26.377479504877,8.0,18026 Sk.,3509-002-15
KEMALPAŞA,6,MEHMET AKİF ERSOY,38.429625598726,27.41841784486,1.434,168 Sk.,3517-031-15
KEMALPAŞA,6,SEKİZ EYLÜL,38.433449596829,27.411315384475,7.8,ŞEHİT ER İSA TÜRKMEN Cd.,3517-038-16
ÇEŞME,1001,ALAÇATI,38.258185624449,26.376202774441,8.0,18026 Sk.,3509-002-16
KEMALPAŞA,6,MEHMET AKİF ERSOY,38.428776738312,27.430562828311,10.0,19 MAYIS Cd.,3517-031-16
KEMALPAŞA,6,SEKİZ EYLÜL,38.433315128673,27.410242506417,3.964,116 Sk.,3517-038-17
ÇEŞME,1001,ALAÇATI,38.232545199502,26.364851770996,3.9,18001 Sk.,3509-002-17
KEMALPAŞA,6,MEHMET AKİF ERSOY,38.428062320823,27.418546592787,1.5,ŞEHİT YZB. TEMEL KUĞUOĞLU Cd.,3517-031-17
KEMALPAŞA,6,MEHMET AKİF ERSOY,38.424591060454,27.428760399581,1.3,241/1 Sk.,3517-031-18
KEMALPAŞA,6,SEKİZ EYLÜL,38.430869467957,27.413192925643,10.539,134 Sk.,3517-038-18
TORBALI,9,KARŞIYAKA,38.148914164397,27.379386987534,8.625,7308 Sk.,3528-033-02
ÇEŞME,1001,ŞİFNE,38.318282540156,26.40221727662,1.023,6448 Sk.,3509-023-02
BEYDAĞ,993,EĞRİDERE,38.122349887597,28.309186280191,2.56,ÖRENLER KümeEvleri,3506-011-02
ÇEŞME,1001,SAKARYA,38.32907296051,26.312961835093,2.3,3115 Sk.,3509-021-02
ÇEŞME,1001,ILDIR,38.373964513781,26.481655758806,800.0,27000 Sk.,3509-014-02
KINIK,996,POYRACIK,39.090008904236,27.349956380802,1.2,HACI ŞABANLAR Cd.,3518-031-02
MENDERES,13,BARBAROS,38.246820852576,27.127367736949,5.658,414 Sk.,3521-006-02
MENDERES,13,GÜMÜLDÜR FEVZİ ÇAKMAK,38.079054117803,27.017955902196,6.059,TEPE,3521-027-02
BAYINDIR,7,BURUNCUK,38.197429113739,27.712408311054,3.0,BURUNCUK KümeEvleri,3504-007-02
BEYDAĞ,993,YUKARIAKTEPE,38.097902748126,28.282578925875,730.0,HACIALİLER KümeEvleri,3506-024-02
ÇİĞLİ,16,ÇAĞDAŞ,38.507519292286,27.057968165157,5.1,8050 Sk.,3510-009-02
GÜZELBAHÇE,1,KÜÇÜKKAYA,38.330609579393,26.896022863831,138.0,SEVGİ Sk.,3514-005-02
MENDERES,13,ÇUKURALTI,38.023378675745,27.097343614667,4.241,2249/1 Sk.,3521-014-02
BEYDAĞ,993,ATATÜRK,38.085372061567,28.216081934343,697.0,YÜKSEL Sk.,3506-004-02
ÇEŞME,1001,16 EYLÜL,38.350687022265,26.287480936236,1.85,3014 Sk.,3509-001-02
ÇEŞME,1001,ALAÇATI,38.294578947512,26.363338896694,5.37,14037 Sk.,3509-002-02
ÇEŞME,1001,CELAL BAYAR,38.302215788003,26.371160164557,500.0,5174 Sk.,3509-007-02
ÇEŞME,1001,ÇİFTLİK,38.293793655783,26.284409930122,6.4,4 Sk.,3509-010-01
GÜZELBAHÇE,1,SİTELER,38.373220560735,26.869887475708,1.38,386 Sk.,3514-009-02
BEYDAĞ,993,YEŞİLTEPE,38.11208578555,28.296483412213,210.0,YONUÇ KümeEvleri,3506-023-02
ÇEŞME,1001,REİSDERE,38.314010508038,26.412229920515,3.8,6125 Sk.,3509-020-02
ÇEŞME,1001,GERMİYAN,38.345032904865,26.44441620931,1.9,27000 Sk.,3509-013-02
GÜZELBAHÇE,1,MALTEPE,38.382228439288,26.920430753647,1.533,3 Sk.,3514-006-02
KINIK,996,YENİ,39.089301117189,27.378827540995,639.0,PINAR Sk.,3518-037-02
KINIK,996,FATİH,39.088559990779,27.385629591605,770.0,ATATÜRK Cd.,3518-016-02
MENDERES,13,KÜNER,38.214053713258,27.123097736637,5.576,KÜNER KümeEvleri,3521-037-02
MENDERES,13,AHMETBEYLİ,38.02356470496,27.186269119847,831.0,4050 Sk.,3521-001-02
GÜZELBAHÇE,1,KAHRAMANDERE,38.350496276265,26.878781676029,1.126,MİTHAT ÜNAL Cd.,3514-004-02
BEYDAĞ,993,MUTAFLAR,38.07496767597,28.254126219408,260.0,SÜLEYMANLAR KümeEvleri,3506-017-02
GÜZELBAHÇE,1,ÇELEBİ,38.364842542633,26.881109796692,6.387,305 Sk.,3514-003-02
BAYINDIR,7,PINARLI,38.194191349087,27.750345291066,1.45,SULTAN KümeEvleri,3504-047-02
ÇEŞME,1001,DALYAN,38.349046334621,26.307581313026,800.0,4029 Sk.,3509-011-02
MENDERES,13,DEREKÖY,38.246787137288,27.116038143111,4.732,850 Sk.,3521-018-02
MENDERES,13,MİTHATPAŞA,38.251859358373,27.141433161849,3.947,OVA YOLU Sk.,3521-038-02
TİRE,997,İBNİ MELEK,38.089255999291,27.72014392761,6.942,ÇAĞLAYAN Cd.,3527-046-02
TİRE,997,CUMHURİYET,38.086460960941,27.731360873673,7.996,29 EKİM Cd.,3527-019-02
TİRE,997,ATATÜRK,38.099489526832,27.720744723913,17.96,İSTASYON Cd.,3527-010-02
ÖDEMİŞ,998,OVAKENT,38.108084182711,28.019938274897,5.632,OVAKENT Cd.,3524-075-02
BUCA,8,YENİGÜN,38.377775391604,27.165862387961,4.0,268/6 Sk.,3508-043-02
TİRE,997,ADNAN MENDERES,38.095673246385,27.737546002731,6.75,ALİM Sk.,3527-002-02
KARABURUN,1000,İNECİK,38.556498543733,26.563870081883,3.03,4019/2 Sk.,3515-005-02
KARABAĞLAR,19,POLİGON,38.391718836827,27.083497501373,1.041,123/5 Sk.,3531-040-02
FOÇA,4,KAZIM DİRİK,38.65720698914,26.847002480045,1.666,4/2 Sk.,3512-009-02
KEMALPAŞA,6,VİŞNELİ,38.341373546815,27.397282286033,668.0,4001 Sk.,3517-042-02
KEMALPAŞA,6,SÜTÇÜLER,38.455582864641,27.450518320987,2.179,YILDIZ Sk.,3517-041-02
KONAK,21,PİRİ REİS,38.404129546944,27.114954270572,723.0,271 Sk.,3520-085-02
KARABAĞLAR,19,SEVGİ,38.384280693815,27.116711142319,2.989,4632 Sk.,3531-046-02
URLA,18,TORASAN,38.323265914658,26.704621402641,4.64,529,3529-027-02
URLA,18,BARBAROS,38.321435053247,26.577753557304,2.602,7029/1 Sk.,3529-005-02
KARABAĞLAR,19,BAHRİYE ÜÇOK,38.380718995019,27.100888876425,1.139,9676 Sk.,3531-010-02
KEMALPAŞA,6,ANSIZCA,38.481152780468,27.405629052017,660.0,ANSIZCA KÖY YOLU KümeEvleri,3517-005-02
KARABAĞLAR,19,YURDOĞLU,38.359841566471,27.094666218029,173.0,3945/2 Sk.,3531-057-02
KEMALPAŞA,6,BAĞYURDU KAZIMPAŞA,38.411763761296,27.630386435712,1.733,KIRMIZI Sk.,3517-026-02
URLA,18,YELALTI,38.325614293343,26.772912779073,9.28,SÜLEYMAN EFENDİ Sk.,3529-031-02
SELÇUK,10,İSA BEY,37.960175276181,27.37252086892,6.094,ATATÜRK Cd.,3526-010-03
KARABURUN,1000,KÜÇÜKBAHÇE,38.497140930893,26.421091552475,29.875,KARAREİS KÖYÜ KümeEvleri,3515-008-02
KEMALPAŞA,6,ATATÜRK,38.428751506411,27.412892523163,5.405,İZMİR Cd.,3517-038-02
KONAK,21,GÜNEŞLİ,38.398950298422,27.13041445494,1.519,526/2 Sk.,3520-040-02
KARŞIYAKA,20,ZÜBEYDE HANIM,38.491700379362,27.106939721127,5.8,7448/9 Sk.,3516-027-02
ÇİĞLİ,16,AYDINLIKEVLER,38.489567382171,27.082263524467,4.0,6787 Sk.,3510-006-02
KİRAZ,994,KARABURÇ,38.222079407654,28.279231373738,1.5,PALAMUT ARASI KümeEvleri,3519-027-02
BAYINDIR,7,SADIKPAŞA,38.21629227376,27.642134756912,1.4,NECİP FAZIL Sk.,3504-048-03
BAYINDIR,7,KIZILCAOVA,38.20421181491,27.512697381429,6.6,KIZILCAOVA OKUL Sk.,3504-037-02
ÇİĞLİ,16,AHMET TANER KIŞLALI,38.49615084276,27.086876889788,2.438,6845,3510-002-02
KARABAĞLAR,19,BAHÇELİEVLER,38.399168891788,27.111842932051,3.8,GAZETECİ HASAN TAHSİN Cd.,3531-009-02
ÇİĞLİ,16,EVKA-6,38.504446487003,27.089913121128,1576.0,6820 Sk.,3510-014-02
URLA,18,DEMİRCİLİ,38.227212858996,26.687010278749,696.0,10001 Sk.,3529-009-02
URLA,18,ÖZBEK,38.365023212477,26.706734897917,4.676,6002 Sk.,3529-023-02
KEMALPAŞA,6,MEHMET AKİF ERSOY,38.426137604696,27.42989764805,3.0,241/1 Sk.,3517-031-02
URLA,18,KALABAK,38.355718902768,26.813893991679,4.171,3285 Sk.,3529-017-02
KARŞIYAKA,20,MUSTAFA KEMAL,38.494152367207,27.096275306892,6.0,BÜLENT ECEVİT Cd.,3516-018-02
TORBALI,9,TEPEKÖY,38.146602319931,27.364195035997,3.093,4556 Sk.,3528-051-02
KEMALPAŞA,6,DEREKÖY,38.338672374043,27.454895852495,255.0,DEREKÖY YOLU KümeEvleri,3517-016-02
KEMALPAŞA,6,SİNANCILAR,38.415832524766,27.662733710014,453.0,SİNANCILAR KÖY YOLU KümeEvleri,3517-039-02
URLA,18,İÇMELER,38.307713827065,26.683002934545,1.647,1054 Sk.,3529-014-02
KARABAĞLAR,19,ESENTEPE,38.391744054921,27.074942638409,1.821,74 Sk.,3531-053-02
ÇİĞLİ,16,SASALI MERKEZ,38.504798975504,26.959429664735,15.0,169 Sk.,3510-023-02
KİRAZ,994,SOLAKLAR,38.195439796906,28.339312610936,1.0,SARIİMAMLAR KümeEvleri,3519-042-02
URLA,18,ŞİRİNKENT,38.362916090146,26.843103088754,4.874,4255 Sk.,3529-026-02
KİRAZ,994,CUMHURİYET,38.230692998305,28.208271176254,1.9,SAĞLIK Sk.,3519-011-02
KARABAĞLAR,19,ALİ FUAT CEBESOY,38.38330933099,27.1049443518,2.539,İHSAN ALYANAK Blv.,3531-003-02
BUCA,8,GAZİLER,38.394207970088,27.17946645658,2.247,1052/2 Sk.,3508-021-02
BUCA,8,BARIŞ,38.39583922995,27.160970032781,1.28,302/1 Sk.,3508-006-02
BUCA,8,MENDERES,38.388607518176,27.172235266567,33.6,MENDERES Cd.,3508-035-02
TORBALI,9,KAZIM KARABEKİR,38.19806944844,27.243410324688,14.0,PALMİYE Sk.,3528-034-02
KARABAĞLAR,19,ADNAN SÜVARİ,38.393064283524,27.095749768673,1.439,108/8 Sk.,3531-002-02
KINIK,996,OSMANİYE,39.089163709545,27.371918204029,1.4,8. SANAYİ Sk.,3518-029-02
URLA,18,SIRA,38.319924352456,26.760000699841,12.75,HARA Sk.,3529-025-02
KEMALPAŞA,6,ÖREN EGEMEN,38.408993668772,27.600442406951,954.0,GAZİ MUSTAFA KEMAL Cd.,3517-017-02
TORBALI,9,SUBAŞI,38.106108196108,27.437107902661,1.768,OSMAN DİRİK Cd.,3528-001-02
KARABAĞLAR,19,KARABAĞLAR,38.383570070483,27.133021575066,2.088,5759/4 Sk.,3531-029-02
KARABAĞLAR,19,ESENYALI,38.392004751874,27.091350969657,3.246,52/74 Sk.,3531-021-02
KARABAĞLAR,19,BAHÇELİEVLER,38.401506338428,27.123590944939,1.14,SAİM ÇIKRIKÇI Cd.,3531-008-02
TORBALI,9,İSTİKLAL,38.242717542644,27.32283542553,16.2,PAPATYA Sk.,3528-028-02
KEMALPAŞA,6,ÇINARKÖY,38.431029139335,27.399599557646,326.0,5001 Sk.,3517-013-02
BAYINDIR,7,ÇINARDİBİ,38.290113068519,27.518598075971,5.023,ÇINARDİBİ CAMİ KümeEvleri,3504-013-02
KARŞIYAKA,20,TERSANE,38.461085377065,27.127410290597,1.8,1663 Sk.,3516-023-02
TİRE,997,FATİH,38.096078510686,27.721066592549,4.732,DİCLE Sk.,3527-038-02
KEMALPAŞA,6,DAMLACIK,38.502146270398,27.380952817073,1.772,9503 Sk.,3517-015-02
KARABAĞLAR,19,VATAN,38.390482718816,27.103796359912,1.323,9246 Sk.,3531-054-02
KEMALPAŞA,6,ÖREN 75.YIL CUMHURİYET,38.408363123932,27.585255815783,1.017,ÖREN CUMHURİYET Myd.,3517-002-02
BUCA,8,ÇAMLIPINAR,38.367580950254,27.163502072941,1.6,293/52 Sk.,3508-015-02
ÇEŞME,1001,CUMHURİYET,38.349555373714,26.302410038988,1.786,4525 Sk.,3509-008-02
KEMALPAŞA,6,SARILAR,38.413058402991,27.651296831673,719.0,BEYLER YOLU KümeEvleri,3517-037-02
URLA,18,YENİCE,38.33396321623,26.788010843009,1.821,KEKİK Sk.,3529-033-02
TORBALI,9,İNÖNÜ,38.237316018766,27.282999466171,1.696,İZMİR AYDIN Cd.,3528-027-02
TORBALI,9,ŞEHİTLER,38.145547666683,27.40188524872,2.7,7514 Sk.,3528-049-02
KEMALPAŞA,6,AKALAN,38.463858005922,27.482929960704,200.0,1528 Sk.,3517-004-02
KARŞIYAKA,20,BAHRİYE ÜÇOK,38.458556627135,27.113505792552,2.5,LATİFE HANIM Sk.,3516-006-02
BUCA,8,KURUÇEŞME,38.369936258098,27.191783139531,1.75,AHMET PİRİŞTİNA Blv.,3508-033-02
TORBALI,9,KARAOT,38.295537912446,27.43704590985,830.0,KARAOT KÖY YOLU KümeEvleri,3528-032-02
URLA,18,ATATÜRK,38.357906269607,26.778918157634,4.116,2148 Sk.,3529-002-02
KARŞIYAKA,20,CUMHURİYET,38.482378653693,27.098614201618,1.2,6723 Sk.,3516-008-02
KARŞIYAKA,20,İNÖNÜ,38.485855535188,27.091061132648,6.9,6715 Sk.,3516-015-02
FOÇA,4,CUMHURİYET,38.731532232387,26.892299270308,1.183,ULUS Cd.,3512-002-02
KARŞIYAKA,20,ŞEMİKLER,38.469905822018,27.098077783749,3.8,6182 Sk.,3516-010-02
KEMALPAŞA,6,KIZILÜZÜM,38.439290222438,27.365267439412,474.0,KIZILÜZÜM KÖY YOLU KümeEvleri,3517-029-02
BUCA,8,ÇAMLIKULE,38.368809074909,27.168887919666,1.8,220/49 Sk.,3508-014-02
KARABURUN,1000,TEPEBOZ,38.672184965385,26.441432995614,1.453,YENİLİMAN KümeEvleri,3515-015-02
NARLIDERE,5,YENİKALE,38.397070909682,27.005488514937,10.479,MUSTAFA KEMAL SAHİL Blv.,3523-011-02
DİKİLİ,995,CUMHURİYET,39.078499263989,26.888629403698,11.2,302 Sk.,3511-003-02
URLA,18,ALTINTAŞ,38.322613648537,26.75323351572,4.455,ERDEK Sk.,3529-001-02
TORBALI,9,YENİ,38.138206570261,27.376897927314,7.996,572 Sk.,3528-058-02
DİKİLİ,995,ÇANDARLI,38.939825870266,26.930450453333,7.5,109 Sk.,3511-005-02
KONAK,21,ALSANCAK,38.44003790549,27.146464644221,650.0,1473 Sk.,3520-010-02
KARŞIYAKA,20,DEDEBAŞI,38.469897432062,27.10756202766,1.3,6053/4 Sk.,3516-009-02
BUCA,8,29 EKİM,38.366100563598,27.273300435139,3.03,ATATÜRK Cd.,3508-001-02
BORNOVA,2,KEMALPAŞA,38.434777309114,27.276604786564,10.0,7057/8 Sk.,3507-026-02
TORBALI,9,KARAKIZLAR,38.280024120761,27.439746905689,2.815,6170 Sk.,3528-030-02
KARABAĞLAR,19,AŞIK VEYSEL,38.380559240885,27.141068166996,5.139,5825 Sk.,3531-006-02
FOÇA,4,FEVZİPAŞA,38.668009602962,26.755898999125,346.0,199 Sk.,3512-005-03
BUCA,8,İNKILAP,38.388271110862,27.142988606056,15.0,545 Sk.,3508-025-02
BUCA,8,KIRKLAR,38.317025093306,27.314069889084,9.169,5002 Sk.,3508-031-02
KARABAĞLAR,19,KARABAĞLAR,38.379301872864,27.129872684619,1.154,4019 Sk.,3531-045-02
KARABAĞLAR,19,DEVRİM,38.370810968962,27.108044991102,4.062,ESKİİZMİR Cd.,3531-017-02
KARABAĞLAR,19,KAZIM KARABEKİR,38.392442045059,27.116273930617,1.25,9009 Sk.,3531-031-02
DİKİLİ,995,SALİHLER,39.158025498327,26.82260432021,8.5,UÇAR Sk.,3511-024-02
DİKİLİ,995,KIROBA,39.109624674835,26.956789314029,1.208,KIROBA DEMİRCİLER 2,3511-018-02
TİRE,997,İHSANİYE,38.090362190165,27.744272957244,2.276,IŞIK Sk.,3527-048-02
URLA,18,ZEYTİNALANI,38.367994890319,26.842419119948,3.393,4167 Sk.,3529-035-02
URLA,18,BİRGİ,38.300944652747,26.554847644918,3.091,SAVRAN KULE KümeEvleri,3529-006-02
URLA,18,ÇAMLIÇAY,38.371748572319,26.855929332481,2.0,MAREŞAL FEVZİ ÇAKMAK Blv.,3529-008-02
KİRAZ,994,ÖRENCİK,38.126131095458,28.385060249615,700.0,ÖRENCİK KümeEvleri,3519-036-02
KEMALPAŞA,6,BAĞYURDU YENİ,38.414109191112,27.626577714093,1.506,İSMAİL ULUSAN Cd.,3517-043-02
DİKİLİ,995,İSMETPAŞA,39.079532009804,26.898049274372,3.583,80/1 Sk.,3511-014-02
BERGAMA,999,FATİH,39.097902463519,27.160636237439,8.993,ÇETİN EMEÇ Cd.,3505-047-02
KARABURUN,1000,MERKEZ,38.650671402241,26.500098021633,8.646,1200 Sk.,3515-009-02
BUCA,8,YEŞİLBAĞLAR,38.368506232007,27.148760724316,3.265,637/48 Sk.,3508-044-02
ÇİĞLİ,16,CUMHURİYET,38.543074082729,27.055462933226,11.0,9607/2 Sk.,3510-008-02
BUCA,8,ATATÜRK,38.375134417565,27.18667623038,1.3,202/16 Sk.,3508-004-02
DİKİLİ,995,SALİMBEY,39.064789099093,26.886419298967,64.3,114 Sk.,3511-025-02
KONAK,21,HALKAPINAR,38.429600131361,27.170411304627,4.127,1443 Sk.,3520-045-02
KARABAĞLAR,19,REİS,38.396192340432,27.114873818151,3.36,ORDU Cd.,3531-042-02
ÖDEMİŞ,998,EMMİOĞLU,38.226360800484,27.967603097901,2.476,ESKİ KONAK Sk.,3524-032-02
KEMALPAŞA,6,ULUCAK MUSTAFA KEMAL ATATÜRK,38.482003084764,27.35425695609,1.627,9196/1 Sk.,3517-032-02
ÇEŞME,1001,ÜNİVERSİTE,38.360665142974,26.314088297529,750.0,4377 Sk.,3509-024-02
TORBALI,9,AYRANCILAR,38.246416561644,27.27428768014,5.361,93 Sk.,3528-007-02
GÜZELBAHÇE,1,YALI,38.377026553622,26.897063474725,2.497,75 Sk.,3514-011-02
GÜZELBAHÇE,1,ATATÜRK,38.358209256142,26.889081293544,1.021,555 Sk.,3514-001-02
ÇEŞME,1001,ARDIÇ,38.337526744648,26.385504480227,4.8,5428 Sk.,3509-005-02
TORBALI,9,ERTUĞRUL,38.159814193398,27.361491361666,1.187,3046 Sk.,3528-022-02
TORBALI,9,YEŞİLKÖY,38.265010132112,27.242219319593,225.0,6428 Sk.,3528-061-02
KARŞIYAKA,20,FİKRİ ALTAY,38.472039376865,27.099783656561,3.6,6183/7 Sk.,3516-012-02
KARŞIYAKA,20,BAHARİYE,38.458859077059,27.118408845716,6.5,1875 Sk.,3516-004-02
KEMALPAŞA,6,ATATÜRK,38.428306051184,27.409813363238,1.305,67/1 Sk.,3517-007-02
URLA,18,BALIKLIOVA,38.422228255178,26.583772220174,1.577,13011/1 Sk.,3529-004-02
KARŞIYAKA,20,BOSTANLI,38.456271430642,27.097133674108,12.5,HASAN ALİ YÜCEL,3516-007-02
KARŞIYAKA,20,MAVİŞEHİR,38.473761267704,27.075869197005,27.4,HASAN TAHSİN UZER Cd.,3516-017-02
KARŞIYAKA,20,BAHARİYE,38.457783708019,27.114519663828,1.5,,3516-011-02
ÇEŞME,1001,OVACIK,38.286974939577,26.314018699571,1.2,7000 Sk.,3509-019-02
BUCA,8,VALİ RAHMİ BEY,38.387867484944,27.170186070353,1.0,116 Sk.,3508-041-02
TORBALI,9,YENİKÖY,38.122509341376,27.330099005952,6.28,METROPOLİS ANTİK KENTİ Sk.,3528-059-02
MENDERES,13,KASIMPAŞA,38.259964009966,27.127732493483,4.669,233 Sk.,3521-032-02
ÇİĞLİ,16,ATAŞEHİR,38.488043172645,27.063177022608,4.0,8020/3 Sk.,3510-004-02
KEMALPAŞA,6,BAĞYURDU 29 EKİM,38.413697289037,27.641469265474,1.816,ÖZDİRİK Sk.,3517-001-02
BUCA,8,KAYNAKLAR MERKEZ,38.36226459474,27.285917489672,2.733,MEHMET MEMİŞ Sk.,3508-030-02
ÖDEMİŞ,998,SÜLEYMAN DEMİREL,38.244428709397,27.989511247329,5.996,1076 Sk.,3524-080-02
KARŞIYAKA,20,İMBATLI,38.471585805203,27.112207587693,8.0,6076 Sk.,3516-014-02
KEMALPAŞA,6,AŞAĞI YENMİŞ,38.460253993405,27.436603082081,1.389,PINAR Sk.,3517-051-02
KARŞIYAKA,20,ALAYBEY,38.459119515172,27.118956013189,2.82,1671 Sk.,3516-002-02
KARŞIYAKA,20,ÖRNEKKÖY,38.484276692185,27.103914217047,2.6,7549 Sk.,3516-020-02
MENDERES,13,ÖZDERE CUMHURİYET,38.012948564376,27.123698883698,15.233,3052 Sk.,3521-042-02
KARŞIYAKA,20,YALI,38.480497344256,27.075912100612,15.2,6522 Sk.,3516-025-02
TORBALI,9,ÇAPAK,38.231012446646,27.352398603829,3.56,2548 Sk.,3528-014-02
ÇEŞME,1001,FAHRETTİNPAŞA,38.315879186359,26.318803681918,1.7,2208/1 Sk.,3509-012-02
BUCA,8,UFUK,38.400514242692,27.165154250101,3.5,1007 Sk.,3508-040-02
BUCA,8,GÖKSU,38.365309693621,27.141765563554,1.966,693/8 Sk.,3508-022-02
URLA,18,DENİZLİ,38.389717085907,26.739307436752,6.57,262 Sk.,3529-010-02
KEMALPAŞA,6,SOĞUKPINAR,38.421380198701,27.430713043234,8.692,258/1 Sk.,3517-040-02
ÇEŞME,1001,İSMET İNÖNÜ,38.323278091214,26.31134716431,4.2,2060 Sk.,3509-016-02
MENDERES,13,ORTA,38.053173255346,27.048940667009,2.487,1147,3521-041-02
KARABAĞLAR,19,FAHRETTİN ALTAY,38.391844958514,27.07041911533,1.748,2/2 Sk.,3531-022-02
MENDERES,13,GÖLCÜKLER,38.260520027798,27.140778691632,6.044,1008 Sk.,3521-022-02
MENEMEN,17,HAYKIRAN,38.638706092683,27.111209525331,3176.0,802 Sk.,3522-034-02
KINIK,996,YAYAKENT,39.087140076389,27.307191450914,1.2,YUNUS EMRE Cd.,3518-035-02
KARŞIYAKA,20,AKSOY,38.453234225159,27.107218734967,2.2,HALİM ERKER Sk.,3516-001-02
KEMALPAŞA,6,AŞAĞIKIZILCA,38.395856405468,27.514268844195,703.0,2008 Sk.,3517-006-02
KEMALPAŞA,6,HALİLBEYLİ,38.440223304464,27.66796931811,609.0,85. YIL CUMHURİYET Cd.,3517-020-02
TORBALI,9,SAİPLER,38.265995833864,27.369451946525,136.0,SAİPLER KümeEvleri,3528-047-02
KEMALPAŞA,6,ARMUTLU 85.YIL CUMHURİYET,38.405988020953,27.526993164418,360.0,AÇELYA Sk.,3517-003-03
KARABAĞLAR,19,ÇALIKUŞU,38.398529885894,27.129094815402,1.014,3210 Sk.,3531-016-02
BEYDAĞ,993,KURUDERE,38.141489877759,28.267558566613,1.0,SEHER KümeEvleri,3506-015-02
ÇEŞME,1001,ÇAKABEY,38.30750296886,26.342852262956,4.9,2236 Sk.,3509-009-02
URLA,18,İSKELE,38.368711902651,26.760502183662,5.793,2073 Sk.,3529-015-02
ÇEŞME,1001,ALTINKUM,38.28569905531,26.262622471029,1.2,43 Sk.,3509-003-02
BUCA,8,FIRAT,38.373738146629,27.151271250603,1.5,289/65 Sk.,3508-020-02
KARABAĞLAR,19,ESENTEPE,38.386778347132,27.073777232873,5.78,14/6 Sk.,3531-020-02
FOÇA,4,HACIVELİ,38.660826236514,26.856079024088,2.291,433 Sk.,3512-006-02
KARŞIYAKA,20,GONCALAR,38.465386523004,27.107583492903,2.35,6045 Sk.,3516-013-02
TİRE,997,ÇİNİYERİ,38.086139085767,27.804903994882,1.186,ÇAKIL Sk.,3527-022-02
ÇİĞLİ,16,EVKA-5,38.515479933693,27.053657862994,6.6,8925 Sk.,3510-013-02
KARŞIYAKA,20,BAHÇELİEVLER,38.467847820251,27.110201311689,10.0,GÜN SAZAK Blv.,3516-005-02
KARŞIYAKA,20,ATAKENT,38.467007774529,27.088443341846,16.2,CAHER DUDAYEV Blv.,3516-003-02
BAYINDIR,7,ARIKBAŞI,38.182570933665,27.493133481271,5.886,ARIKBAŞI HÜRRİYET Sk.,3504-003-01
TORBALI,9,CUMHURİYET,38.162408185351,27.348606090319,6.12,2026 Sk.,3528-011-03
TORBALI,9,BAHÇELİEVLER,38.228012066452,27.294114499687,4.75,413 Sk.,3528-008-02
MENDERES,13,GÖRECE CUMHURİYET,38.282941965646,27.122410978916,10.093,NAZAR BONCUĞU Cd.,3521-024-02
TORBALI,9,ATATÜRK,38.148812910535,27.372000221314,8.625,1540 Sk.,3528-006-02
KARABAĞLAR,19,BASIN SİTESİ,38.400060144571,27.104161122269,3.7,166 Sk.,3531-012-02
URLA,18,YENİKENT,38.3313500573,26.76890825095,8.144,TAVŞANLI Sk.,3529-034-02
KONAK,21,AKDENİZ,38.425943985511,27.13385834849,1.7,ŞEHİT FETHİBEY Cd.,3520-006-02
TİRE,997,HÜRRİYET,38.098037337617,27.727353655989,2.307,GÜVEN,3527-043-02
KEMALPAŞA,6,KUYUCAK,38.487308696645,27.389600240352,6500.0,9515 Sk.,3517-030-02
KARABAĞLAR,19,VATAN,38.390793854718,27.10074402077,2.613,9151 Sk.,3531-054-04
URLA,18,KUŞÇULAR,38.270371109895,26.732189102575,4.309,8020 Sk.,3529-018-02
KARABAĞLAR,19,KİBAR,38.37728435898,27.109745492155,3.695,ESKİİZMİR Cd.,3531-032-02
KONAK,21,MEHMET ALİ AKMAN,38.395023506119,27.076191194883,5.661,İNÖNÜ Cd.,3520-071-02
KARABAĞLAR,19,ESENYALI,38.394426503068,27.089409055912,862.0,İNÖNÜ Cd.,3520-038-02
URLA,18,GÜVENDİK,38.400715576015,26.738105793466,3.821,205 Sk.,3529-012-02
GÜZELBAHÇE,1,YELKİ,38.337969089343,26.86691834697,1.441,2283 Sk.,3514-012-02
GÜZELBAHÇE,1,YAKA,38.364333621937,26.896811370504,1.622,628 Sk.,3514-010-02
KINIK,996,TÜRKCEDİT,39.084067223125,27.385393565935,520.0,ABDULBAKİ Sk.,3518-034-02
KARŞIYAKA,20,GONCALAR,38.463017546306,27.101478819595,2.25,6007/3 Sk.,3516-019-02
KARABAĞLAR,19,YAŞAR KEMAL,38.358848841675,27.081298156861,6.56,6001 Sk.,3531-055-02
KARABAĞLAR,19,GÜNALTAY,38.376463259962,27.111617666082,1.51,3760 Sk.,3531-032-01
ÇİĞLİ,16,EVKA-2,38.502456626266,27.088437916899,1.85,6820 Sk.,3510-012-02
BEYDAĞ,993,CUMHURİYET,38.085515606531,28.202080870334,1.19,ZEYTİNLİK1 Sk.,3506-007-01
GÜZELBAHÇE,1,PAYAMLI,38.317858034522,26.924035736376,1.443,GAZİ Cd.,3514-008-02
ÇİĞLİ,16,İNÖNÜ,38.529621387571,27.047781147874,3.8,9 EYLÜL Cd.,3510-017-02
KEMALPAŞA,6,ULUCAK İSTİKLAL,38.482068180711,27.361525706362,965.0,9185 Sk.,3517-024-02
ÇİĞLİ,16,YENİ MAHALLE,38.495117991107,27.060548458702,5.5,ANADOLU Cd.,3510-027-02
KEMALPAŞA,6,YUKARIKIZILCA MERKEZ,38.385714953279,27.494463527476,1.076,BÜLENT ECEVİT Cd.,3517-049-02
KEMALPAŞA,6,ÖRNEKKÖY,38.421060822859,27.468049207729,2.754,OKUL Cd.,3517-035-02
GÜZELBAHÇE,1,MUSTAFA KEMAL PAŞA,38.332545231379,26.864126190892,1.998,2319/1 Sk.,3514-007-02
KEMALPAŞA,6,ÇAMBEL,38.466689002123,27.517970161174,578.0,ÇAMBEL MAH. YOLU KümeEvleri,3517-012-02
BUCA,8,KOZAĞAÇ,38.381795582683,27.172557141476,2.68,223 Sk.,3508-032-02
ÇEŞME,1001,ALTINYUNUS,38.311745941115,26.350861290871,1.7,3468 Sk.,3509-004-02
BAYINDIR,7,FATİH,38.216671604135,27.650825070102,4.304,OSMANBEY Sk.,3504-021-02
MENDERES,13,GAZİPAŞA,38.264849977876,27.142817152985,1.6,725 Sk.,3521-021-02
BUCA,8,YILDIZ,38.371753118779,27.176312232185,1.8,242/25 Sk.,3508-045-02
ÇEŞME,1001,ILICA,38.305979162536,26.357202011947,2.17,ÇEŞME ASFALTI Cd.,3509-015-02
KARABURUN,1000,ANBARSEKİ,38.613912409251,26.52211355278,150.0,ANBARSEKİ KümeEvleri,3515-001-02
ÇİĞLİ,16,BALATÇIK,38.511481871432,27.044508900355,850.0,8788 Sk.,3510-007-02
KARABAĞLAR,19,REFET BELE,38.38785270611,27.110625234415,1.384,9171 Sk.,3531-048-02
ÇEŞME,1001,YALI,38.329514937677,26.417572825147,600.0,6179 Sk.,3509-025-02
ÇEŞME,1001,ŞEHİT MEHMET,38.268538497679,26.244281650477,700.0,452 Sk.,3509-022-02
ÇEŞME,1001,MUSALLA,38.317465922714,26.309228240797,2.3,1052 Sk.,3509-018-02
ÇEŞME,1001,BOYALIK,38.321072829454,26.331600427108,1.5,3211 Sk.,3509-006-02
BUCA,8,YAYLACIK,38.395351547326,27.175883041299,3.215,190/4 Sk.,3508-042-02
BUCA,8,MURATHAN,38.400732882038,27.195227027183,10.092,TÜRKMENİSTAN,3508-036-02
BUCA,8,EFELER,38.386976062053,27.15891012145,17.703,310/3 Sk.,3508-019-02
ÖDEMİŞ,998,ÇAYLI,38.160489806836,28.148511944918,9.9,BİLGİN Sk.,3524-025-02
TORBALI,9,ALPKENT,38.169312433454,27.35370225062,2.879,1029 Sk.,3528-003-02
TİRE,997,BAŞKÖY,37.997584338556,27.659605572965,454.0,1.KARŞIYAKA Sk.,3527-013-02
TORBALI,9,MURATBEY,38.152120201156,27.35097716774,7.564,3538 Sk.,3528-037-02
TORBALI,9,FEVZİ ÇAKMAK,38.242405730759,27.286690158897,24.0,34 Sk.,3528-023-02
DİKİLİ,995,GAZİPAŞA,39.059857451405,26.884187720783,1.75,SARMAŞIK Sk.,3511-011-02
BUCA,8,ŞİRİNKAPI,38.397802620211,27.178350657166,730.0,YAVUZ SULTAN SELİM Cd.,3508-039-02
BORNOVA,2,İNÖNÜ,38.483930238995,27.216364137415,3.9,994,3507-020-02
GAZİEMİR,15,GAZİ,38.32943766758,27.131083129862,10.593,28/25,3513-009-02
ÖDEMİŞ,998,YOLÜSTÜ,38.211317154342,28.026834852783,893.0,YOLÜSTÜ,3524-097-02
ÖDEMİŞ,998,UMURBEY,38.218350065897,27.96968512346,3.156,SANAYİ SİTESİ ŞEREF USTA,3524-087-02
BERGAMA,999,MALTEPE,39.111598742247,27.174370576842,7.3,STADYUM,3505-092-02
BORNOVA,2,ERZENE,38.463849198227,27.227372438496,387.58,İSTANBUL,3507-013-02
ÖDEMİŞ,998,BADEMLİ,38.090103330939,28.056845867403,3.964,PAZARYERİ,3524-006-02
BAYINDIR,7,YEŞİLOVA,38.208412740339,27.569097130271,800.0,ESKİ ÇIPLAK,3504-057-02
SELÇUK,10,14 MAYIS,37.943143736712,27.381466895575,6.687,4124,3526-001-02
GAZİEMİR,15,ATATÜRK,38.297744566884,27.174702982236,9.0,CUMHURİYET,3513-002-02
ÖDEMİŞ,998,ÜÇ EYLÜL,38.223835027793,27.959235166285,2.036,PARK,3524-089-02
SELÇUK,10,ATATÜRK,37.946913923502,27.3702985467,2.216,KUBİLAY,3526-003-02
ÖDEMİŞ,998,CUMHURİYET,38.225943034257,27.978621067579,5.104,ŞENGÜL,3524-020-02
GAZİEMİR,15,IRMAK,38.328588662542,27.122219174633,2.7,38/2,3513-012-02
BORNOVA,2,YEŞİLOVA,38.433864203933,27.205918580431,6.4,4045,3507-042-02
BORNOVA,2,KARAÇAM,38.518924513522,27.272768209463,5.0,DOĞAN,3507-022-02
ALİAĞA,3,KURTULUŞ,38.796727100471,26.970586118001,1955.0,FATİH,3502-019-02
KINIK,996,ÖRTÜLÜ,38.962567384242,27.348878870446,1.4,OKUL,3518-030-02
SELÇUK,10,ZAFER,37.95787142398,27.373546695513,950.0,3024,3526-013-02
ALİAĞA,3,GÜZELHİSAR,38.774202388134,27.017792985283,4953.0,KÜLTÜR,3502-011-02
BORNOVA,2,TUNA,38.431533200205,27.190308661419,2.4,ZİYA PAŞA,3507-038-02
BORNOVA,2,KIZILAY,38.465706790998,27.210745024252,200.0,YÜZBAŞI İBRAHİM HAKKI,3507-027-02
KARABAĞLAR,19,MALİYECİLER,38.388586298026,27.095966591097,2.422,52/120,3531-034-02
ALİAĞA,3,MİMAR SİNAN,38.701022652826,27.033415977738,500.0,MUAMMER AKSOY,3502-021-02
ÖDEMİŞ,998,BİRGİ,38.250722726222,28.060602549179,5.813,UMURBEY,3524-013-02
KINIK,996,ELMADERE,39.030808462844,27.483796224599,2.5,GÖLCÜK,3518-015-02
ÖDEMİŞ,998,KUVVETLİ,38.235544973792,27.967268109112,8.696,BOZDAĞ,3524-062-02
SELÇUK,10,BELEVİ,38.015613634975,27.446698049703,1.662,DOKTOR TAHSİN KAYAYURT,3526-005-02
ÖDEMİŞ,998,ANAFARTALAR,38.235022989892,27.981143042555,9.208,SAĞLIK,3524-003-02
ÖDEMİŞ,998,DEMİRCİLİ,38.210012069976,27.902069678768,3.43,DEMİRCİLİ,3524-027-02
ALİAĞA,3,YALI,38.834736913806,26.975339028649,3000.0,MERKEZ,3502-026-02
ALİAĞA,3,SİTELER,38.788229128741,26.957437198284,3800.0,9 EYLÜL,3502-023-02
FOÇA,4,İSMETPAŞA,38.697809343715,26.735000453122,1.023,320,3512-008-02
FOÇA,4,FEVZİ ÇAKMAK,38.752309175605,26.83359986939,4.024,NERGİS,3512-004-02
ALİAĞA,3,ŞAKRAN HASBİ EFENDİ,38.886375514165,27.071491140926,10509.0,3286,3502-028-02
ÖDEMİŞ,998,GÖLCÜK,38.323955877708,28.028301386401,2.935,MUSTAFA KEMAL ATATÜRK,3524-036-02
FOÇA,4,ATATÜRK,38.663009533043,26.745800462805,1.639,54,3512-001-02
BORNOVA,2,ÜMİT,38.442306318596,27.259399432249,3.0,7312/2,3507-039-02
ÖDEMİŞ,998,TÜRKMEN,38.23143098807,27.959354154725,1.704,ASLAN,3524-085-02
ÖDEMİŞ,998,AKINCILAR,38.228401673288,27.973732361115,3.0,MİTHATPAŞA,3524-001-02
ÖDEMİŞ,998,KÖSELER,38.256817108743,27.88729665826,922.0,KÖSELER,3524-059-02
BALÇOVA,14,ÇETİN EMEÇ,38.379169160802,27.060025656902,2300.0,YAREN,3503-002-02
SEFERİHİSAR,12,CUMHURİYET,38.07271279579,26.924710606644,13.0,KUŞADASI SEFERİHİSAR YOLU,3525-005-02
ÖDEMİŞ,998,BIÇAKÇI,38.071549334962,28.095244828803,4.132,BIÇAKÇI,3524-012-02
SEFERİHİSAR,12,MERSİN ALANI,38.080335790793,26.958219422942,2.43,6086,3525-014-02
SEFERİHİSAR,12,ATATÜRK,38.070279728576,26.850770987094,1.5,5752,3525-001-02
SEFERİHİSAR,12,KAVAKDERE,38.122202519909,26.911150589791,500.0,KAVAKDERE YOLU,3525-013-02
KARŞIYAKA,20,ŞEMİKLER,38.469344010475,27.097420420218,5.5,6182,3516-022-02
SEFERİHİSAR,12,HIDIRLIK,38.194812059445,26.838490831839,6.4,İNÖNÜ,3525-004-02
ALİAĞA,3,ÇITAK,38.758586383807,27.054717773447,1124.0,VATAN,3502-008-02
ALİAĞA,3,AŞAĞIŞAKRAN,38.922273603583,27.097353279182,500.0,11/32,3502-001-02
ALİAĞA,3,ATATÜRK,38.79728439458,26.967534236367,7055.0,364,3502-002-02
ÖDEMİŞ,998,KONAKLI,38.110945806132,27.992585747214,6.38,MEHMET KUTLU,3524-057-02
BALÇOVA,14,FEVZİ ÇAKMAK,38.387682271833,27.042863471394,56220.0,SAKARYA,3503-004-02
BALÇOVA,14,KORUTÜRK,38.392966245726,27.043696458064,2132.0,ORTANCA,3503-006-02
NARLIDERE,5,SAHİLEVLERİ,38.406766102037,27.009040916624,2.016,ŞAİR CAN YÜCEL,3523-010-02
NARLIDERE,5,HUZUR,38.395678557771,26.992020381343,1.872,YAPICILAR,3523-006-02
ALİAĞA,3,B.HAYRETTİN PAŞA,38.703009632639,27.023385023837,3689.0,2226,3502-004-02
NARLIDERE,5,NARLI,38.396819222028,27.004120951562,5.274,TÜLAY AKTAŞ,3523-009-02
ÖDEMİŞ,998,OCAKLI,38.228526049916,28.010436908368,552.0,OCAKLI,3524-070-02
BALÇOVA,14,EĞİTİM,38.39417825501,27.058610381497,1755.0,ERTUĞRUL GAZİ,3503-003-02
ÖDEMİŞ,998,HÜRRİYET,38.222221052306,27.97649008408,1.904,ŞEHİT ÖZPOLAT,3524-042-02
NARLIDERE,5,ÇAMTEPE,38.392629434943,27.007495828116,1.751,ÇAĞATAY,3523-004-02
MENEMEN,17,30 AĞUSTOS,38.556038405945,27.044538173855,7000.0,7112,3522-001-02
ÖDEMİŞ,998,ZAFER,38.231019022428,27.994827981443,72.056,ŞEHİT TURAN EMEKSİZ,3524-099-02
GAZİEMİR,15,SEVGİ,38.305729521472,27.140356379262,3.45,666,3513-014-02
BORNOVA,2,ATATÜRK,38.480687058376,27.204248133634,3.3,BARBAROS,3507-001-02
GAZİEMİR,15,DOKUZ EYLÜL,38.322421712296,27.138945102148,6.0,ORHANGAZİ,3513-006-02
ÖDEMİŞ,998,BENGİSU,38.23557497562,27.969376099341,3.9,BOZDAĞ,3524-010-02
ÖDEMİŞ,998,KÜÇÜKÖREN,38.025786097168,27.994055282574,6.646,KÜÇÜKÖREN,3524-064-02
ÖDEMİŞ,998,DEREUZUNYER,38.271668759133,27.937652202249,2.967,KANAL,3524-038-02
SEFERİHİSAR,12,ORHANLI,38.200772167723,26.967920168815,350.0,KOCAPINAR,3525-015-02
BAYINDIR,7,HACI İBRAHİM,38.221812744588,27.645196728292,1.05,ALBAY ALPAT,3504-025-02
TORBALI,9,ATATÜRK,38.153019610922,27.377898281645,8.625,1601,3528-006-02
SELÇUK,10,CUMHURİYET,37.943617538201,27.369647561907,6.327,5028,3526-006-02
ÖDEMİŞ,998,KAYMAKÇI,38.169492432585,28.115334315329,4.29,SANAT,3524-049-02
ÖDEMİŞ,998,KAYAKÖY,38.203128016112,27.829333839431,14.26,23 NİSAN,3524-048-02
BALÇOVA,14,TELEFERİK,38.381876480664,27.057261026042,1437.0,UZUN HASAN,3503-008-02
BALÇOVA,14,ONUR,38.390835713891,27.057851159515,942.0,ATA,3503-007-02
BORNOVA,2,EVKA 4,38.493837904012,27.21440243767,11.7,1030,3507-015-02
NARLIDERE,5,LİMANREİS,38.382955170326,26.924791069814,3.498,TOLGA,3523-008-02
NARLIDERE,5,ÇATALKAYA,38.395288185214,26.998054682727,608.0,ENDER,3523-005-02
SEFERİHİSAR,12,ULAMIŞ,38.246851790007,26.841830724046,2.5,75. YIL CUMHURİYET,3525-021-02
NARLIDERE,5,ILICA,38.395137209013,27.021844595404,2.135,ARDIÇ,3523-007-02
SEFERİHİSAR,12,SIĞACIK,38.192562012814,26.785481103671,15.7,AKKUM,3525-017-02
SEFERİHİSAR,12,DÜZCE,38.226161884392,26.828820826396,12.0,İZMİR,3525-008-02
ÖDEMİŞ,998,MİMAR SİNAN,38.228973010282,27.969747107506,672.0,LOZAN,3524-068-02
KİRAZ,994,YENİ,38.22296825165,28.20537997065,16.0,MENDERES,3519-053-02
ÖDEMİŞ,998,ATATÜRK,38.230494012895,27.980804050814,6.144,NAMIK KEMAL,3524-005-02
FOÇA,4,MUSTAFA KEMAL ATATÜRK,38.740809243761,26.841999849482,1.113,ORHANGAZİ,3512-014-02
GAZİEMİR,15,FATİH,38.304859069801,27.158857110012,1.8,ATATÜRK,3513-008-02
GAZİEMİR,15,ATIFBEY,38.318922223166,27.133933117836,10.2,63,3513-003-02
FOÇA,4,YENİBAĞARASI,38.66540962771,26.84209998347,2.75,YENİFOÇA,3512-015-02
ALİAĞA,3,KAZIM DİRİK,38.801555067897,26.963290145164,11178.0,392,3502-018-02
KINIK,996,AŞAĞI,39.086708080704,27.380796625812,600.0,13 EYLÜL,3518-003-02
GAZİEMİR,15,BEYAZEVLER,38.340525690042,27.143062816102,4.23,516,3513-004-02
NARLIDERE,5,ALTIEVLER,38.401165400701,26.990811555397,2.016,DUMLUPINAR,3523-002-02
BALÇOVA,14,BAHÇELERARASI,38.394298186284,27.051462056708,7817.0,MİTHATPAŞA,3503-001-02
SEFERİHİSAR,12,PAYAMLI,38.102157273828,26.942388939277,6.852,PAYAMLI,3525-016-02
ALİAĞA,3,KÜLTÜR,38.80108001556,26.987224535811,3071.0,720,3502-020-02
ÖDEMİŞ,998,GÜNEY,38.017038933577,27.973974010851,912.0,GÜNEY,3524-037-02
ÖDEMİŞ,998,ÇOBANLAR,38.314012558098,27.957843040622,9.037,ÇOBANLAR YAYLASI,3524-026-02
ÖDEMİŞ,998,ÇAĞLAYAN,38.281429418561,27.987345140108,7.6,30 AĞUSTOS,3524-021-02
ALİAĞA,3,FATİH,38.696675660222,27.01928505507,2529.0,MÜNİR NURETTİN BAYRAV,3502-010-02
ALİAĞA,3,BOZKÖY,38.718599490055,26.964602285977,1053.0,BOZKÖY OKUL,3502-005-02
BORNOVA,2,KAZIMDİRİK,38.46200820487,27.203267942496,6.8,206,3507-025-02
TORBALI,9,KARŞIYAKA,38.155123680879,27.381511276393,9.875,7318 Sk.,3528-033-03
TORBALI,9,19 MAYIS,38.110261608483,27.430627711798,12.395,126 Sk.,3528-001-03
KARABAĞLAR,19,SELVİLİ,38.37650953746,27.128837361828,1.449,4139 Sk.,3531-045-03
ÇEŞME,1001,YALI,38.331905126843,26.424932765266,1.5,6191 Sk.,3509-025-03
ÇEŞME,1001,ALAÇATI,38.298485873599,26.364390310023,3.478,14000 Sk.,3509-002-03
ÇİĞLİ,16,İNÖNÜ,38.530234066487,27.042212908533,3.0,9508 Sk.,3510-017-03
ÇEŞME,1001,BOYALIK,38.3215947028,26.336597356439,3.08,3256 Sk.,3509-006-03
ÇEŞME,1001,ŞEHİT MEHMET,38.270947523608,26.235355299115,900.0,412 Sk.,3509-022-03
ÇEŞME,1001,GERMİYAN,38.346109957186,26.452012185107,930.0,27036 Sk.,3509-013-03
KINIK,996,OSMANİYE,39.084708462917,27.378768540446,24.306,DELEZ YOLU Sk.,3518-029-03
ÇİĞLİ,16,YENİ MAHALLE,38.496209579956,27.048199627897,19.0,8200/5 Sk.,3510-027-03
GÜZELBAHÇE,1,SİTELER,38.372307928817,26.858815373944,1.649,MİTHATPAŞA Cd.,3514-009-03
ÇEŞME,1001,MUSALLA,38.316047529652,26.307254147547,1.2,1067 Sk.,3509-018-03
GÜZELBAHÇE,1,MUSTAFA KEMAL PAŞA,38.339732073486,26.869812432893,3.643,MAREŞAL FEVZİ ÇAKMAK Cd.,3514-007-03
BEYDAĞ,993,ATATÜRK,38.08840780717,28.210379581131,900.0,LAVANTA Sk.,3506-004-03
BAYINDIR,7,CAMİİ,38.224312411424,27.647697618217,400.0,KALAYCILAR Sk.,3504-045-01
ÇEŞME,1001,ŞİFNE,38.316569538155,26.397177434403,2.655,6478 Sk.,3509-023-03
ÇEŞME,1001,ILDIR,38.382707320885,26.475797827497,2.6,30001 Sk.,3509-014-03
ÇEŞME,1001,CUMHURİYET,38.358768032661,26.285935976245,1.6,3394 Sk.,3509-008-03
ÇEŞME,1001,ALTINYUNUS,38.327326586705,26.341570136208,500.0,3400 Sk.,3509-004-03
ÇEŞME,1001,SAKARYA,38.33472429031,26.305993480334,3.9,3073 Sk.,3509-021-03
ÇEŞME,1001,İSMET İNÖNÜ,38.325070887527,26.310639061296,1.0,2051 Sk.,3509-016-03
MENDERES,13,GAZİPAŞA,38.267730853257,27.145134565105,9.754,752 Sk.,3521-021-03
MENDERES,13,ÇUKURALTI,38.016283138566,27.1046874774,2.216,2342 Sk.,3521-014-03
ÖDEMİŞ,998,UMURBEY,38.219247028817,27.973718514849,2.824,SANAYİ SİTESİ ŞEREF USTA Cd.,3524-087-03
KEMALPAŞA,6,SARILAR,38.412621265733,27.65653247845,1.413,BEYLER YOLU KümeEvleri,3517-037-03
BUCA,8,FIRAT,38.377842668279,27.157622682914,2.7,270/12 Sk.,3508-020-03
KARABAĞLAR,19,BAHÇELİEVLER,38.39963975444,27.118033438759,41.1,9165/4 Sk.,3531-009-03
KARŞIYAKA,20,ALAYBEY,38.460119256947,27.125060688831,5166.25,1680 Sk.,3516-002-03
KEMALPAŞA,6,ÇAMBEL,38.464269670565,27.517498098595,853.0,ÇAMBEL MAH. YOLU KümeEvleri,3517-012-03
KARABAĞLAR,19,YUNUS EMRE,38.371761484214,27.13224912266,5.69,4163 Sk.,3531-056-03
KARŞIYAKA,20,BOSTANLI,38.459262320971,27.105266086268,4.1,1775 Sk.,3516-019-03
BORNOVA,2,KAZIMDİRİK,38.464151747396,27.206653074421,12.44,198 Sk.,3507-025-03
KARABAĞLAR,19,BASIN SİTESİ,38.397949680047,27.096264741934,16.5,250 Sk.,3531-012-03
FOÇA,4,FEVZİPAŞA,38.667209612692,26.755700518084,2.536,211 Sk.,3512-005-04
DİKİLİ,995,ÇANDARLI,38.941811934367,26.931931021956,10.2,FERHAT UYSAL Cd.,3511-005-03
URLA,18,YENİCE,38.335642145666,26.793917034639,1.525,KEKLİKTEPE Cd.,3529-033-03
KEMALPAŞA,6,ULUCAK İSTİKLAL,38.482878633486,27.361431828183,1.642,MUSTAFA İSMET İNÖNÜ Cd.,3517-024-03
KARABAĞLAR,19,TAHSİN YAZICI,38.387703431956,27.105319851737,11.433,9313 Sk.,3531-048-03
KEMALPAŞA,6,BAĞYURDU 29 EKİM,38.414790119482,27.637226030104,1.558,TURGUTLU Cd.,3517-001-03
KARŞIYAKA,20,BAHÇELİEVLER,38.466167783844,27.128290042154,6.5,1851/10 Sk.,3516-005-03
KEMALPAŞA,6,SEKİZ EYLÜL,38.43115942122,27.412313164987,3.445,102 Sk.,3517-038-03
KARABURUN,1000,MORDOĞAN,38.500029575592,26.60923147874,5.328,ŞEHİT SÜLEYMAN AŞKIN Sk.,3515-010-03
DİKİLİ,995,CUMHURİYET,39.079332123542,26.895173960563,15.0,345 Sk.,3511-003-03
KARŞIYAKA,20,CUMHURİYET,38.482378646704,27.091983813898,2.0,6705 Sk.,3516-008-03
NARLIDERE,5,ÇATALKAYA,38.394418002003,27.002264520379,718.0,KOÇYİĞİT Sk.,3523-009-03
TİRE,997,HÜRRİYET,38.094837340426,27.727857913599,2.675,İSTASYON,3527-043-03
BUCA,8,BARIŞ,38.395132911344,27.164725107849,1.0,355 Sk.,3508-006-03
KEMALPAŞA,6,AKALAN,38.461194953409,27.483734623702,1.302,1518 Sk.,3517-004-03
BUCA,8,MENDERES,38.39696597346,27.165969643539,7.6,İSTİKLAL Cd.,3508-035-03
KARABAĞLAR,19,ESENTEPE,38.387093709178,27.07587202711,10.8,52/78 Sk.,3531-020-03
KARABAĞLAR,19,YURDOĞLU,38.360548233094,27.09417269284,1.721,3945 Sk.,3531-057-03
ÇİĞLİ,16,AHMET TANER KIŞLALI,38.496184432781,27.089247950719,1.788,6794/4,3510-002-03
KARABAĞLAR,19,ESENTEPE,38.389599716455,27.072709714213,2.034,14/4 Sk.,3531-053-03
ÇİĞLİ,16,BALATÇIK,38.511935200329,27.040034997157,4.25,8788/6 Sk.,3510-007-03
KEMALPAŞA,6,DAMLACIK,38.497612187341,27.379193304097,556.0,9520 Sk.,3517-015-03
URLA,18,KALABAK,38.362112679081,26.82151141581,5.493,3044 Sk.,3529-017-03
TORBALI,9,ALPKENT,38.166916899147,27.353144357822,3.1,1006 Sk.,3528-003-03
KARŞIYAKA,20,BOSTANLI,38.456825938311,27.105673784155,5.2,1735 Sk.,3516-007-03
ÇİĞLİ,16,ATAŞEHİR,38.48339483041,27.067404170965,3.3,8273 Sk.,3510-004-03
BUCA,8,ÇAMLIPINAR,38.365545252375,27.161012998835,2.0,293/31 Sk.,3508-015-03
BUCA,8,ÇAMLIKULE,38.370306344734,27.170990758514,1.8,220/46 Sk.,3508-014-03
KARŞIYAKA,20,DEDEBAŞI,38.468536631528,27.110083293908,1.7,ANADOLU Cd.,3516-009-03
BUCA,8,ŞİRİNKAPI,38.4010271525,27.186906855829,210.0,1060/1 Sk.,3508-027-02
KEMALPAŞA,6,ÇINARKÖY,38.43128127502,27.401723856219,317.0,5003 Sk.,3517-013-03
KEMALPAŞA,6,ULUCAK CUMHURİYET,38.47550863179,27.357220793006,4.237,107 Sk.,3517-011-03
KEMALPAŞA,6,SİNANCILAR,38.41707663879,27.664793634412,740.0,SİNANCILAR KÖY YOLU KümeEvleri,3517-039-03
KİRAZ,994,KARABURÇ,38.248035284105,28.302319684673,2.36,BAĞARASI KümeEvleri,3519-027-03
KARABAĞLAR,19,ÇALIKUŞU,38.397445214328,27.129556154883,1.386,3205 Sk.,3531-016-03
KARABAĞLAR,19,DEVRİM,38.371139020488,27.112744197249,1.826,3771/14 Sk.,3531-017-03
BUCA,8,KOZAĞAÇ,38.386320116166,27.163888277628,17.4,HAYRETTİN PAŞA Cd.,3508-032-03
TORBALI,9,İNÖNÜ,38.239338447605,27.268837470422,10.054,144,3528-027-03
TORBALI,9,AYRANCILAR,38.246180642221,27.28058547566,3.5,90/7 Sk.,3528-007-03
URLA,18,ÖZBEK,38.349206622976,26.676780166343,1.985,6213 Sk.,3529-023-03
TORBALI,9,MURATBEY,38.142906615015,27.363293824262,6.0,3570 Sk.,3528-037-03
ÖDEMİŞ,998,AKINCILAR,38.231059392619,27.971427902308,2.697,GAZİ Cd.,3524-045-02
KARABAĞLAR,19,POLİGON,38.391870200645,27.084699124753,3.297,123 Sk.,3531-040-03
KARŞIYAKA,20,GONCALAR,38.467091799363,27.109439569405,1.5,GİRNE Blv.,3516-013-03
TİRE,997,İBNİ MELEK,38.088496030656,27.724253052358,5.064,ŞHT. YZB. GÜLTEKİN BAŞARGAN Cd.,3527-046-03
KEMALPAŞA,6,ARMUTLU 85.YIL CUMHURİYET,38.415958494587,27.5358873095,7.37,SANAYİ Cd.,3517-003-04
KEMALPAŞA,6,ARMUTLU HÜRRİYET,38.406181398902,27.535592283518,632.0,DERELİ Sk.,3517-023-02
KEMALPAŞA,6,BAĞYURDU YENİ,38.41598380752,27.632414169079,1.62,GARDELYA Sk.,3517-043-03
BUCA,8,YILDIZ,38.372493317059,27.178543817696,1.8,242/16 Sk.,3508-045-03
KARABAĞLAR,19,GÜNALTAY,38.377049915803,27.115429065052,1.142,4858 Sk.,3531-027-02
URLA,18,TORASAN,38.322226416136,26.711503918245,2.13,607,3529-027-03
KARABAĞLAR,19,KAZIM KARABEKİR,38.389524078063,27.115694581304,5.9,9184 Sk.,3531-031-03
KARŞIYAKA,20,ATAKENT,38.461547386738,27.087456303159,70.0,CENGİZ TOPEL Cd.,3516-003-03
KARABAĞLAR,19,ESENYALI,38.393627671016,27.090546308213,1.169,119/2 Sk.,3531-021-03
KEMALPAŞA,6,AŞAĞI YENMİŞ,38.458422539719,27.438062199513,1.415,KOCATEPE Cd.,3517-051-03
URLA,18,GÜVENDİK,38.399286211663,26.745873434449,3.712,168 Sk.,3529-012-03
KEMALPAŞA,6,ULUCAK MUSTAFA KEMAL ATATÜRK,38.481035146728,27.353331600159,2024.0,200/1 Sk.,3517-032-03
BUCA,8,ATATÜRK,38.376446518102,27.18809242747,4.0,202/42 Sk.,3508-004-03
ÇEŞME,1001,ÜNİVERSİTE,38.369068888296,26.311223696745,1.9,4403 Sk.,3509-024-03
GÜZELBAHÇE,1,ÇELEBİ,38.364110681589,26.881952007384,802.0,488 Sk.,3514-003-03
URLA,18,YELALTI,38.320521997205,26.771912329166,1.821,TOPALTI Sk.,3529-033-02
GÜZELBAHÇE,1,YELKİ,38.335802117952,26.864340760833,1.549,2362 Sk.,3514-012-03
KINIK,996,YENİ,39.092015766719,27.381472181779,700.0,KIYI Sk.,3518-037-03
KEMALPAŞA,6,ÖREN 75.YIL CUMHURİYET,38.408695210797,27.592460192957,1.662,BİLGE Sk.,3517-002-03
KARŞIYAKA,20,MUSTAFA KEMAL,38.497141678535,27.096919028754,3.5,6753/21 Sk.,3516-018-03
ÇEŞME,1001,DALYAN,38.350842702003,26.30828940926,1.7,4004 Sk.,3509-011-03
KARŞIYAKA,20,AKSOY,38.457628277479,27.109407399155,6.8,1671 Sk.,3516-006-03
ÇEŞME,1001,OVACIK,38.290183346961,26.313117475823,1.9,7047 Sk.,3509-019-03
BUCA,8,YEŞİLBAĞLAR,38.370684848858,27.157837270597,1.5,292/34 Sk.,3508-044-03
GÜZELBAHÇE,1,MALTEPE,38.382077055266,26.919234494675,1.546,20 Sk.,3514-006-03
BORNOVA,2,KEMALPAŞA,38.438138847746,27.281389818071,58.0,7420 Sk.,3507-026-03
KEMALPAŞA,6,KIZILÜZÜM,38.44060956297,27.36759558311,2400.0,KIZILÜZÜM KÖY YOLU KümeEvleri,3517-029-03
KARŞIYAKA,20,İMBATLI,38.473895696205,27.110759198098,1.65,6072 Sk.,3516-014-03
KARŞIYAKA,20,MAVİŞEHİR,38.472198937711,27.068423424497,18.3,OPERA Cd.,3516-017-03
ÇİĞLİ,16,AYDINLIKEVLER,38.492842393536,27.084956443333,5.5,6796/1 Sk.,3510-006-03
TORBALI,9,TEPEKÖY,38.144712303752,27.365031884031,4.65,4541 Sk.,3528-051-03
MENDERES,13,GÖLCÜKLER,38.25858242611,27.147730945704,2.715,1025 Sk.,3521-022-03
MENDERES,13,KASIMPAŞA,38.263552690296,27.128354756823,7.599,260 Sk.,3521-032-03
BEYDAĞ,993,CUMHURİYET,38.088663242522,28.209167228123,3.3,2 EYLÜL KURTULUŞ PARKI Sk.,3506-007-03
KEMALPAŞA,6,AŞAĞIKIZILCA,38.396680440389,27.515170060632,977.0,2002 Sk.,3517-006-03
BUCA,8,İNKILAP,38.388733633109,27.147301575837,4.5,531 Sk.,3508-025-03
KARŞIYAKA,20,ZÜBEYDE HANIM,38.489105537889,27.108699245919,2.8,7448/18 Sk.,3516-027-03
KEMALPAŞA,6,SOĞUKPINAR,38.424708730185,27.425573950916,670.0,271 Sk.,3517-040-03
KEMALPAŞA,6,SÜTÇÜLER,38.457901670234,27.449638557047,1880.0,AKEVLER Cd.,3517-041-03
MENEMEN,17,MERMERLİ,38.613129185851,27.069876932437,1000.0,1417 Sk.,3522-048-03
KEMALPAŞA,6,ATATÜRK,38.427717710148,27.406015375104,600.0,TEPEEVLER 1.ÇIKMAZI Sk.,3517-007-03
GÜZELBAHÇE,1,YALI,38.376576574046,26.894129153537,1.5,85 Sk.,3514-011-03
BUCA,8,YENİGÜN,38.37708570652,27.158545359478,6.0,292/42 Sk.,3508-043-03
MENDERES,13,BARBAROS,38.246197336211,27.12749648338,1.437,415 Sk.,3521-006-03
ÇİĞLİ,16,CUMHURİYET,38.536830601133,27.053488847929,40.0,9600 Sk.,3510-008-03
ÇEŞME,1001,ARDIÇ,38.343051204023,26.38637886564,850.0,5415 Sk.,3509-005-03
KONAK,21,HALKAPINAR,38.42943203847,27.17036838978,5.463,1443 Sk.,3520-045-03
URLA,18,YENİKENT,38.328522208458,26.76960562681,32.748,YAĞMUR Sk.,3529-034-03
KARŞIYAKA,20,ÖRNEKKÖY,38.485385257185,27.106317462489,16.65,7532 Sk.,3516-020-03
ÇİĞLİ,16,EVKA-2,38.498359183482,27.081941645945,7.0,6851 Sk.,3510-012-03
URLA,18,SIRA,38.320850259263,26.760673929277,6.516,1.ONDEĞİRMENLER Sk.,3529-025-03
BAYINDIR,7,SADIKPAŞA,38.213860353349,27.644419991327,3.4,BAHADIR Cd.,3504-048-01
URLA,18,ÇAMLIÇAY,38.369712982706,26.845302477171,1.0,5172 Sk.,3529-008-03
SELÇUK,10,ZAFER,37.956212137928,27.375197706194,2.413,3032 Sk.,3526-013-03
SEFERİHİSAR,12,CAMİKEBİR,38.202558654004,26.831199786241,5.0,84/17 Sk.,3525-004-04
KINIK,996,FATİH,39.09188254313,27.389438304484,1.5,LALE Sk.,3518-016-03
KARABAĞLAR,19,FAHRETTİN ALTAY,38.393198797497,27.069153116691,2.947,2/2 Sk.,3531-022-03
KARABAĞLAR,19,ALİ FUAT CEBESOY,38.381829154624,27.106682417067,1.735,9593 Sk.,3531-003-03
KONAK,21,UMURBEY,38.440037909705,27.15049866649,2.2,LİMAN Cd.,3520-100-03
MENDERES,13,ORTA,38.046752306075,27.059326138319,5.878,1208 Sk.,3521-041-03
MENDERES,13,MİTHATPAŞA,38.255018772735,27.14492001075,975.0,537/2 Sk.,3521-038-03
KARŞIYAKA,20,DEMİRKÖPRÜ,38.46862901921,27.097401872617,1.3,6179/1 Sk.,3516-010-03
SELÇUK,10,İSA BEY,37.951580445313,27.372231205493,4.7,TABAK Cd.,3526-010-06
URLA,18,İÇMELER,38.306720410879,26.691006607769,4.508,1084 Sk.,3529-014-03
URLA,18,ATATÜRK,38.352218898336,26.79689960677,60.962,2220 Sk.,3529-002-03
KINIK,996,YAYAKENT,39.080277843543,27.311493705182,2.5,ŞEHİT Sk.,3518-035-03
KEMALPAŞA,6,YUKARIKIZILCA MERKEZ,38.387388477758,27.500557473378,2.032,ULU ÖNDER ATATÜRK Cd.,3517-049-03
TORBALI,9,ERTUĞRUL,38.153318232427,27.362392589816,8.962,3035 Sk.,3528-022-03
DİKİLİ,995,SALİHLER,39.167608523575,26.809558100784,2.0,HALK EĞİTİMCİLER 3 Sk.,3511-024-03
KARŞIYAKA,20,BAHARİYE,38.462051471217,27.117346690808,1230.0,1872 Sk.,3516-004-03
BUCA,8,KURUÇEŞME,38.370541885652,27.188800536995,2.385,203/28 Sk.,3508-033-03
KEMALPAŞA,6,MEHMET AKİF ERSOY,38.426894052884,27.428846226117,845.0,244/1 Sk.,3517-031-03
KARŞIYAKA,20,İNÖNÜ,38.487199215667,27.091082587918,6.6,6718 Sk.,3516-015-03
KEMALPAŞA,6,GÖKÇEYURT,38.432827952459,27.683955216421,334.0,GÖKÇEYURT KÖY YOLU KümeEvleri,3517-018-03
GÜZELBAHÇE,1,KAHRAMANDERE,38.349749543501,26.877472765898,5.491,802 Sk.,3514-004-03
BUCA,8,GÖKSU,38.366285497655,27.147408901467,1.25,679/27 Sk.,3508-022-03
ÇİĞLİ,16,SASALI MERKEZ,38.498854440545,26.948797451431,11.0,1 Sk.,3510-023-03
ÇEŞME,1001,ÇİFTLİK,38.287665428882,26.274611881397,3.53,135 Sk.,3509-010-03
BUCA,8,YAYLACIK,38.396057866525,27.174745789166,2.273,190/8 Sk.,3508-042-03
BERGAMA,999,FEVZİPAŞA,39.108026536574,27.199485148127,46.24,YENİ Cd.,3505-049-01
DİKİLİ,995,İSMETPAŞA,39.074817940949,26.890582049087,2.185,GÜL Sk.,3511-014-03
TORBALI,9,TORBALI,38.179315466671,27.353895352546,4.518,5004 Sk.,3528-052-03
FOÇA,4,CUMHURİYET,38.730393984791,26.889123552477,1.793,ZAFER Cd.,3512-002-03
TİRE,997,FATİH,38.092743328734,27.721527935238,1.464,TURGUT ÖZAL Blv.,3527-038-03
FOÇA,4,FEVZİ ÇAKMAK,38.751409176833,26.830399886561,5.706,SARDUNYA,3512-004-03
GAZİEMİR,15,IRMAK,38.329437656737,27.120816180188,7.977,38/6,3513-012-03
ÖDEMİŞ,998,KAYMAKÇI,38.162284488118,28.114216497088,8.98,BİLGE,3524-049-03
ÖDEMİŞ,998,ÜÇ EYLÜL,38.223522035139,27.965041138747,636.0,KIBRIS,3524-089-03
BORNOVA,2,YEŞİLOVA,38.434340219728,27.209038595837,8.0,4088,3507-042-03
BORNOVA,2,TUNA,38.429585207989,27.188816672646,6.0,5639,3507-038-03
KARABAĞLAR,19,TAHSİN YAZICI,38.389393327678,27.104097162814,1.029,9243,3531-054-03
BORNOVA,2,KARAÇAM,38.503221724368,27.275074139284,7.0,ÇAMLIK,3507-022-03
SELÇUK,10,ATATÜRK,37.945013930985,27.367698563858,2.45,ATATÜRK,3526-003-03
ÖDEMİŞ,998,BADEMLİ,38.079798870824,28.058171888067,3.144,HACIAHMETLER,3524-006-03
FOÇA,4,İSMETPAŞA,38.690709378356,26.733700472628,495.0,342,3512-008-03
FOÇA,4,MUSTAFA KEMAL ATATÜRK,38.747709224774,26.857299761996,2.991,BARBAROS,3512-014-03
ALİAĞA,3,SİTELER,38.78484414677,26.958449198654,2620.0,EMEK,3502-023-03
FOÇA,4,HACIVELİ,38.66070965782,26.847899962792,805.0,422,3512-006-03
GAZİEMİR,15,SEVGİ,38.307704790441,27.140904116256,2.8,667,3513-014-03
ÖDEMİŞ,998,CUMHURİYET,38.226978030463,27.980503057105,7.052,POLAT,3524-020-03
FOÇA,4,KAZIM DİRİK,38.658909670081,26.85129995002,4.0,401,3512-009-03
BORNOVA,2,ATATÜRK,38.48312927121,27.194480233794,2.0,TÜRKAY,3507-001-03
GAZİEMİR,15,ATATÜRK,38.29117691394,27.176138967759,9.0,İSTİKLAL,3513-002-03
ÖDEMİŞ,998,TÜRKMEN,38.229637999676,27.961666145599,4.978,PROF. DR. MUZAFFER ŞERİF,3524-085-03
SELÇUK,10,CUMHURİYET,37.942696048983,27.37030028294,2.672,5016,3526-006-03
BALÇOVA,14,ÇETİN EMEÇ,38.383900309065,27.058888398215,1140.0,FEVZİ ÇAKMAK,3503-002-03
NARLIDERE,5,YENİKALE,38.396573381085,27.010238148136,2.963,MUSTAFA KEMAL SAHİL,3523-011-03
ÖDEMİŞ,998,ATATÜRK,38.22883502194,27.98163904852,2.356,BAŞOĞLU,3524-005-03
KARŞIYAKA,20,ATAŞEHİR,38.482072976566,27.080590639425,80.0,FLAMİNGO,3516-025-03
NARLIDERE,5,HUZUR,38.396196257125,26.98972490028,4.818,AÇELYA,3523-006-03
NARLIDERE,5,ÇATALKAYA,38.394128932512,26.997721364723,3.594,ZAKKUM,3523-005-03
NARLIDERE,5,ILICA,38.394388095509,27.021829888767,506.0,ARDIÇ,3523-007-03
NARLIDERE,5,SAHİLEVLERİ,38.408627710787,27.013006092587,4.284,MÜFİT SOYLU,3523-010-03
NARLIDERE,5,ALTIEVLER,38.405443915074,26.996785757353,1.075,EKİN,3523-002-03
ALİAĞA,3,ŞAKRAN SAYFİYE,38.890325726398,27.062106506302,8265.0,3162,3502-028-03
BALÇOVA,14,ONUR,38.390289271529,27.055277404996,3380.0,EREN,3503-007-03
GAZİEMİR,15,FATİH,38.301669263021,27.169868535373,2.0,1099,3513-008-03
GAZİEMİR,15,ATIFBEY,38.315916907121,27.136555390516,5.3,GAZİ ATATÜRK,3513-003-03
ALİAĞA,3,YALI,38.819270001568,26.984550010071,6300.0,176,3502-026-03
ÖDEMİŞ,998,HÜRRİYET,38.225822041195,27.985340035083,1.836,MENDERES,3524-042-03
KARŞIYAKA,20,ŞEMİKLER,38.475518814352,27.098104013828,4.5,6276/7,3516-022-03
ÖDEMİŞ,998,İNÖNÜ,38.231407000604,27.972955088232,9.564,LİSE,3524-045-03
GAZİEMİR,15,DOKUZ EYLÜL,38.324728698127,27.137125106774,2.65,AKÇAY,3513-006-03
BALÇOVA,14,TELEFERİK,38.382980308454,27.054161423415,3872.0,METİN OKTAY,3503-008-03
ÖDEMİŞ,998,MİMAR SİNAN,38.234657977971,27.96616511607,1.96,BARBAROS,3524-068-03
BORNOVA,2,EVKA 4,38.49112091279,27.210064463433,3.0,1024,3507-015-03
FOÇA,4,ATATÜRK,38.667309518429,26.752700421352,1.1,AŞIKLAR,3512-001-03
ALİAĞA,3,B.HAYRETTİN PAŞA,38.702373638555,27.026116011795,3599.0,MİTHAT PAŞA,3502-004-03
ÖDEMİŞ,998,ZAFER,38.231282030128,28.003973935527,1.646,1347,3524-099-03
ÖDEMİŞ,998,SÜLEYMAN DEMİREL,38.242482952231,27.983174021807,5.576,1020,3524-080-03
ÖDEMİŞ,998,ANAFARTALAR,38.234967991973,27.983830028905,5.096,ÖZEN,3524-003-03
FOÇA,4,YENİBAĞARASI,38.662009642647,26.839999999451,1.079,1003,3512-015-03
GAZİEMİR,15,BEYAZEVLER,38.341375617571,27.142439052279,6.33,516,3513-004-03
SELÇUK,10,14 MAYIS,37.946380593999,27.377398694347,3.043,4044,3526-001-03
SEFERİHİSAR,12,ATATÜRK,38.066539796966,26.89563776541,4.2,KUŞADASI SEFERİHİSAR YOLU,3525-001-03
BALÇOVA,14,EĞİTİM,38.390289282336,27.064999357138,2457.0,MOLLA GÜRANİ,3503-003-03
KONAK,21,GÜNEŞLİ,38.397716588202,27.131675400636,2.004,HALİDE EDİP ADIVAR,3520-040-03
NARLIDERE,5,ÇAMTEPE,38.392911243248,27.008615686324,1.181,ULUDAĞ,3523-004-03
NARLIDERE,5,LİMANREİS,38.380412989242,26.926252633829,3.281,BAŞAK,3523-008-03
KEMALPAŞA,6,ÖRNEKKÖY,38.415802183428,27.469370473181,1.414,BAYKAL,3517-035-03
BALÇOVA,14,KORUTÜRK,38.389733268403,27.049166436465,2018.0,MURAT,3503-006-03
ÇEŞME,1001,SAKARYA,38.335102994049,26.30590764936,1.6,3168 Sk.,3509-021-04
KINIK,996,YAYAKENT,39.088280939197,27.30458435435,1.5,POYRAZ Sk.,3518-035-04
MENDERES,13,MİTHATPAŞA,38.254429026681,27.145102401033,823.0,537 Sk.,3521-038-04
ÇEŞME,1001,CUMHURİYET,38.364732512139,26.286472404043,2.4,4309 Sk.,3509-008-04
ÇEŞME,1001,MUSALLA,38.316981901754,26.306245640253,1.6,1057 Sk.,3509-018-04
ÇEŞME,1001,DALYAN,38.350830082254,26.309088703567,1.1,4173 Sk.,3509-011-04
GÜZELBAHÇE,1,ATATÜRK,38.357410019565,26.885975312465,1.593,627 Sk.,3514-001-04
GÜZELBAHÇE,1,ÇELEBİ,38.362783640471,26.885009712664,1.579,ESKİ SEFERİHİSAR Cd.,3514-003-04
TORBALI,9,TEPEKÖY,38.146906069756,27.365847267929,5.0,4555 Sk.,3528-051-04
KARABAĞLAR,19,BAHÇELİEVLER,38.401035484799,27.114407107907,1.478,GAZETECİ HASAN TAHSİN Cd.,3531-009-04
KEMALPAŞA,6,SEKİZ EYLÜL,38.431903211345,27.412345350129,2.829,KİRAZLI Cd.,3517-038-04
KONAK,21,HALKAPINAR,38.429423634622,27.171140862142,2.394,1443 Sk.,3520-045-04
URLA,18,ATATÜRK,38.354524190555,26.791513753998,7.783,2203 Sk.,3529-002-04
KONAK,21,UMURBEY,38.436844551575,27.161205996939,29.0,ŞEHİTLER Cd.,3520-100-04
NARLIDERE,5,ILICA,38.392277972138,27.023357310346,3.226,PALANDÖKEN Sk.,3523-007-04
KARŞIYAKA,20,DEMİRKÖPRÜ,38.468335020112,27.101757758887,4.9,CAHER DUDAYEV Blv.,3516-010-04
KEMALPAŞA,6,AŞAĞIKIZILCA,38.395486425768,27.51205871554,370.0,2001 Sk.,3517-006-04
KEMALPAŞA,6,ÖRNEKKÖY,38.418875325491,27.466590096787,3.358,1005 Sk.,3517-035-04
KEMALPAŞA,6,ULUCAK İSTİKLAL,38.483670180938,27.361380865166,3.063,9232 Sk.,3517-024-04
URLA,18,KALABAK,38.365275704818,26.82329238809,18.671,3058 Sk.,3529-017-04
KEMALPAŞA,6,ÇAMBEL,38.463866440964,27.517637573417,578.0,ÇAMBEL MAH. YOLU KümeEvleri,3517-012-04
KEMALPAŞA,6,BAĞYURDU 29 EKİM,38.413697287127,27.639495169409,855.0,ZEYTİNCİK Sk.,3517-001-04
KARABAĞLAR,19,TAHSİN YAZICI,38.386950782786,27.110625235943,1.076,9323 Sk.,3531-048-04
KEMALPAŞA,6,ATATÜRK,38.429331430299,27.412645760218,6325.0,İZMİR Cd.,3517-007-04
KARŞIYAKA,20,ŞEMİKLER,38.474198061773,27.096618661985,2.2,ORDU Blv.,3516-022-04
KARŞIYAKA,20,BOSTANLI,38.463849211524,27.098227997029,3.0,1813/5 Sk.,3516-007-04
URLA,18,İÇMELER,38.311670572661,26.699139015735,11.223,1034 Sk.,3529-014-04
NARLIDERE,5,NARLI,38.393343779709,27.002615889854,1.251,KOÇYİĞİT Sk.,3523-009-04
BUCA,8,KURUÇEŞME,38.372779312658,27.190903374614,3.588,HACI BEKTAŞ VELİ Sk.,3508-033-04
URLA,18,YELALTI,38.320113757611,26.773001301279,4.0,TOPALTI Sk.,3529-033-01
ÇİĞLİ,16,BALATÇIK,38.507997817755,27.039477107236,8.1,8914/5 Sk.,3510-007-04
KARABAĞLAR,19,ESENTEPE,38.390264049853,27.075424095044,1.942,75 Sk.,3531-020-04
KARŞIYAKA,20,YALI,38.47930472508,27.082413744971,11.4,6523 Sk.,3516-025-04
TORBALI,9,TORBALI,38.17525031759,27.352801023344,7.88,5024 Sk.,3528-052-04
KARŞIYAKA,20,DEDEBAŞI,38.466621378835,27.105609394788,1.35,6133 Sk.,3516-009-04
KEMALPAŞA,6,ARMUTLU HÜRRİYET,38.400245556665,27.531434889625,1.91,SELVİ Sk.,3517-023-04
KEMALPAŞA,6,SÜTÇÜLER,38.458724999181,27.452192006036,9.172,TIĞTEPE Sk.,3517-041-04
KEMALPAŞA,6,YUKARIKIZILCA MERKEZ,38.385336519043,27.49946850521,850.0,YUKARIKIZILCA BELEDİYE Cd.,3517-049-04
KARABAĞLAR,19,DEVRİM,38.368817423493,27.108463416992,1.467,ESKİİZMİR Cd.,3531-017-04
KARABAĞLAR,19,GÜNALTAY,38.372270350709,27.114120161681,2.524,4906 Sk.,3531-027-03
ÇEŞME,1001,ARDIÇ,38.327402389292,26.387902381986,2.0,5461 Sk.,3509-005-04
TORBALI,9,İNÖNÜ,38.242843876298,27.262571855889,16.066,187/8 Sk.,3528-027-04
KARŞIYAKA,20,AKSOY,38.452436041744,27.106939787976,1.15,HALİM ERKER Sk.,3516-001-04
BUCA,8,GÖKSU,38.365831246282,27.145348976006,1.48,693/18 Sk.,3508-022-04
KARŞIYAKA,20,ATAKENT,38.462958727988,27.089044160584,3.6,2031 Sk.,3516-003-04
TİRE,997,HÜRRİYET,38.095436824237,27.72922046804,2.596,TÜRKİSTAN Cd.,3527-043-04
KEMALPAŞA,6,AKALAN,38.461077340829,27.484614384088,1.256,1521 Sk.,3517-004-04
URLA,18,ÇAMLIÇAY,38.36963307436,26.847024446873,410.0,5182 Sk.,3529-008-04
ÇEŞME,1001,ILDIR,38.403002226552,26.483136277009,3.6,30015 Sk.,3509-014-04
KARŞIYAKA,20,BAHRİYE ÜÇOK,38.463840825722,27.112336346258,2800.0,1834/3 Sk.,3516-006-04
URLA,18,DENİZLİ,38.383073474597,26.756323297375,2.084,49 Sk.,3529-010-04
URLA,18,GÜVENDİK,38.396746884071,26.72881467505,1.684,259 Sk.,3529-012-04
URLA,18,ÖZBEK,38.364466957352,26.706696007079,5.302,6040 Sk.,3529-023-04
URLA,18,YENİKENT,38.327857313787,26.772019603979,4.522,KOLYOZ Sk.,3529-034-04
KARŞIYAKA,20,MAVİŞEHİR,38.469385002569,27.077864758067,28.0,OPERA Cd.,3516-017-04
TORBALI,9,MURATBEY,38.151040283954,27.355783663798,23.6,ATİLLA SUNAR Cd.,3528-037-04
KARABAĞLAR,19,ESENYALI,38.392904510473,27.091855220904,1.218,119/1 Sk.,3531-021-04
KEMALPAŞA,6,ATATÜRK,38.427196617384,27.415896584852,2500.0,30 Sk.,3517-007-05
KEMALPAŞA,6,MEHMET AKİF ERSOY,38.426532637162,27.426775571631,2.017,229 Sk.,3517-031-04
ÇEŞME,1001,İSMET İNÖNÜ,38.324835225957,26.31811702296,1.5,2163 Sk.,3509-016-04
ÇİĞLİ,16,ATAŞEHİR,38.484822543655,27.071985358737,10.0,8273/3 Sk.,3510-004-04
ÇEŞME,1001,GERMİYAN,38.355230536202,26.459286282529,1.5,27068/4 Sk.,3509-013-04
BUCA,8,FIRAT,38.378565975152,27.152193917769,5.5,272/3 Sk.,3508-020-04
BUCA,8,YENİGÜN,38.380870444829,27.16230042698,4.0,271/3 Sk.,3508-043-04
GÜZELBAHÇE,1,MALTEPE,38.381564032451,26.918118702202,1.714,26 Sk.,3514-006-04
BUCA,8,YILDIZ,38.37084468812,27.17824341455,7.0,206/5 Sk.,3508-045-04
GÜZELBAHÇE,1,YALI,38.376559748575,26.890556469044,3.627,196 Sk.,3514-011-04
GÜZELBAHÇE,1,YELKİ,38.33922926637,26.865891063864,400.0,İNÖNÜ Cd.,3514-012-04
BUCA,8,YEŞİLBAĞLAR,38.369246460698,27.148299385425,4.55,637/48 Sk.,3508-044-04
KARABAĞLAR,19,FAHRETTİN ALTAY,38.396024121107,27.068563028837,1.905,65/17 Sk.,3531-022-04
KARŞIYAKA,20,GONCALAR,38.464126436227,27.101983070492,3.1,6007/3 Sk.,3516-013-04
BUCA,8,KOZAĞAÇ,38.383872867328,27.169402875939,12.0,ÖZMEN Cd.,3508-032-04
ÇİĞLİ,16,SASALI MERKEZ,38.491935338479,26.949430461676,2.0,10 Sk.,3510-023-04
KARŞIYAKA,20,BAHÇELİEVLER,38.464638889846,27.119170579468,1.2,YAŞAR AKSOY Sk.,3516-005-04
KARŞIYAKA,20,MUSTAFA KEMAL,38.494857716168,27.091361523188,2.2,6753/17 Sk.,3516-018-04
KEMALPAŞA,6,BAĞYURDU YENİ,38.417631407124,27.632231777188,965.0,DOĞAN Sk.,3517-043-04
KEMALPAŞA,6,ULUCAK MUSTAFA KEMAL ATATÜRK,38.479439390615,27.356984753335,2.044,9173 Sk.,3517-032-04
TORBALI,9,ERTUĞRUL,38.163509031643,27.352393348583,17.5,3001 Sk.,3528-022-04
GÜZELBAHÇE,1,KAHRAMANDERE,38.352993030135,26.871947437349,3.075,731 Sk.,3514-004-04
URLA,18,İSKELE,38.363412335247,26.766408387733,4.716,2108 Sk.,3529-015-04
DİKİLİ,995,CUMHURİYET,39.082013833634,26.88815733083,3.7,BAHRİYE ÜÇOK Cd.,3511-003-04
KEMALPAŞA,6,SOĞUKPINAR,38.427028520212,27.417162581488,2700.0,ATATÜRK Blv.,3517-040-04
KARABAĞLAR,19,ALİ FUAT CEBESOY,38.379945250954,27.109815224735,7.965,9520 Sk.,3531-003-04
NARLIDERE,5,YENİKALE,38.395288305738,27.007779113058,746.0,UTKU Sk.,3523-011-04
NARLIDERE,5,NARLI,38.389755217495,27.006153712038,3.057,KAZANÇOĞLU Sk.,3523-009-09
KARŞIYAKA,20,ZÜBEYDE HANIM,38.49081025145,27.108827988407,4.8,7448/10 Sk.,3516-027-04
KINIK,996,POYRACIK,39.091749262694,27.342371127235,580.0,KIZILBEY Cd.,3518-031-04
GÜZELBAHÇE,1,SİTELER,38.367277804508,26.863981291459,21.914,462 Sk.,3514-009-04
KEMALPAŞA,6,ÖREN 75.YIL CUMHURİYET,38.408812900535,27.583158338024,2.705,1.BAHÇECİLER Sk.,3517-002-04
KEMALPAŞA,6,BAĞYURDU KAZIMPAŞA,38.413814970241,27.631695344018,3.1,OKUL ÖNÜ Sk.,3517-026-04
KARABAĞLAR,19,YURDOĞLU,38.360733308758,27.091619242317,4.319,3948/4 Sk.,3531-057-04
BAYINDIR,7,SADIKPAŞA,38.215714860786,27.645498231097,5.182,YILDIRIM BEYAZIT Cd.,3504-048-04
BUCA,8,ATATÜRK,38.377590375518,27.183843827695,3.083,202/14 Sk.,3508-004-04
ÇEŞME,1001,OVACIK,38.289661253438,26.313138934372,2.097,7000 Sk.,3509-019-04
ÇEŞME,1001,ŞİFNE,38.325887427862,26.411017546002,500.0,6364 Sk.,3509-023-04
ÇEŞME,1001,ALTINKUM,38.272766909256,26.257735535289,1.7,457 Sk.,3509-022-04
ÇEŞME,1001,ALAÇATI,38.292970649609,26.364787285291,4.935,14000 Sk.,3509-002-04
KARABAĞLAR,19,KAZIM KARABEKİR,38.391954322641,27.114975748763,1.348,9009/6 Sk.,3531-031-04
MENDERES,13,GÖLCÜKLER,38.256257220201,27.141014731981,10.925,536 Sk.,3521-022-04
BORNOVA,2,KAZIMDİRİK,38.461859070269,27.216350481102,38.1,156,3507-025-04
FOÇA,4,İSMETPAŞA,38.673109494017,26.756600391053,870.0,202,3512-008-04
KINIK,996,FATİH,39.090308073005,27.390296574112,45.591,ATATÜRK,3518-016-04
GAZİEMİR,15,SEVGİ,38.310127772038,27.13457214445,4.65,NEVVAR SALİH İŞGÖREN,3513-014-04
SELÇUK,10,ATATÜRK,37.94701392458,27.372198537335,2.0,1021,3526-003-04
GAZİEMİR,15,ATIFBEY,38.31829873029,27.135510125939,7.443,64,3513-003-04
SELÇUK,10,CUMHURİYET,37.942533779038,27.370161097579,2.404,5028,3526-006-04
ÖDEMİŞ,998,İNÖNÜ,38.233479992511,27.975563071586,3.177,KUNURİ,3524-045-04
SELÇUK,10,İSA BEY,37.956400752477,27.372111643004,2.5,ATATÜRK,3526-010-04
ALİAĞA,3,SİTELER,38.789628161879,26.960427094736,4461.0,440,3502-023-04
FOÇA,4,ATATÜRK,38.658909574984,26.764500377755,1.431,101,3512-001-04
NARLIDERE,5,ÇATALKAYA,38.394509732894,26.999129632592,916.0,HACI BEKTAŞ,3523-005-04
NARLIDERE,5,ÇAMTEPE,38.392141659205,27.008991245571,3.025,UYANIŞ,3523-004-04
BORNOVA,2,EVKA 4,38.489643846853,27.213000941305,22.08,İSA YUSUF ALPTEKİN,3507-015-04
ÖDEMİŞ,998,ANAFARTALAR,38.234665988782,27.978113057507,12.17,SARACOĞLU,3524-003-04
SELÇUK,10,14 MAYIS,37.94288193826,27.379356600992,3.0,4118,3526-001-04
ALİAĞA,3,ŞAKRAN SAYFİYE,38.915975314477,27.059922948093,4755.0,İNCİRLİK,3502-028-04
ÖDEMİŞ,998,SÜLEYMAN DEMİREL,38.251902911289,27.991933965018,1.762,ŞEHİT ADNAN MENDERES,3524-080-04
ÖDEMİŞ,998,ÜÇ EYLÜL,38.220621048895,27.96400914766,37.358,FAKÜLTE,3524-089-04
BORNOVA,2,KEMALPAŞA,38.436182234198,27.247044372021,23.0,7401,3507-026-04
ALİAĞA,3,YALI,38.821212992975,26.985880999902,1450.0,23 NİSAN,3502-026-04
ÖDEMİŞ,998,ZAFER,38.234014004353,27.992184989573,3.712,ŞEHİT ERDAL BODUR,3524-099-04
KINIK,996,YENİ,39.089008069195,27.381096621315,3.006,BAYRAK,3518-037-04
FOÇA,4,YENİBAĞARASI,38.657809665415,26.841300000502,2.0,1052,3512-015-04
FOÇA,4,MUSTAFA KEMAL ATATÜRK,38.749409220183,26.860899741144,643.0,VOLKAN,3512-014-04
GAZİEMİR,15,BEYAZEVLER,38.343201609657,27.14379304264,7.954,544,3513-004-04
BALÇOVA,14,EĞİTİM,38.38890028313,27.059443386392,535.0,3. SELİM,3503-003-04
BALÇOVA,14,ONUR,38.391122267714,27.055277403587,1330.0,DALYA,3503-007-04
NARLIDERE,5,LİMANREİS,38.379029971069,26.927932643927,1.283,BUĞDAY,3523-008-04
BORNOVA,2,ATATÜRK,38.479068953931,27.189825584644,16.0,909,3507-001-04
NARLIDERE,5,HUZUR,38.395644577817,26.990297348948,1.022,İLHAN SELÇUK,3523-006-04
ÖDEMİŞ,998,HÜRRİYET,38.224474044118,27.981281057519,2.75,MENDERES,3524-042-04
BALÇOVA,14,KORUTÜRK,38.38890027102,27.047777445464,2100.0,DEMİRCİ EFE,3503-006-04
BALÇOVA,14,ÇETİN EMEÇ,38.363749343133,27.082512258128,2171.0,YAZAR,3503-002-04
KEMALPAŞA,6,ARMUTLU HÜRRİYET,38.408569048695,27.535281145021,3.62,FULYA Sk.,3517-023-05
GÜZELBAHÇE,1,ÇELEBİ,38.362720549149,26.886605619143,3.878,İSTİKBAL Cd.,3514-003-05
BAYINDIR,7,SADIKPAŞA,38.218665114105,27.645111990371,750.0,HANİFE ÖĞRETMEN Cd.,3504-055-01
ÇEŞME,1001,İSMET İNÖNÜ,38.321636763741,26.315241715359,4800.0,2149 Sk.,3509-016-05
ÇEŞME,1001,ILDIR,38.398478728329,26.483511792768,1.4,TINAZTEPE KümeEvleri,3509-014-05
ÇEŞME,1001,MUSALLA,38.318842194038,26.305687740062,1.7,1041 Sk.,3509-018-05
GÜZELBAHÇE,1,MALTEPE,38.379516108117,26.911879918821,1.659,31 Sk.,3514-006-05
GÜZELBAHÇE,1,KAHRAMANDERE,38.356248995637,26.870477588474,947.0,828 Sk.,3514-004-05
ÇEŞME,1001,ALAÇATI,38.292873816606,26.367303184876,1.448,11500 Sk.,3509-002-05
ÇEŞME,1001,SAKARYA,38.33598241865,26.304003288843,2.6,3118 Sk.,3509-021-05
MENDERES,13,MİTHATPAŞA,38.255086174658,27.147473460784,2.155,548/1 Sk.,3521-038-05
TİRE,997,HÜRRİYET,38.098814102491,27.733254485068,7.081,MAHMUT AŞIK Cd.,3527-043-05
SELÇUK,10,İSA BEY,37.957383758052,27.372156094792,3.2,ATATÜRK Cd.,3526-010-05
KARŞIYAKA,20,MAVİŞEHİR,38.473324483741,27.067221798909,11.4,AZİZ NESİN Blv.,3516-017-07
KEMALPAŞA,6,AŞAĞIKIZILCA,38.39780716365,27.51319596281,300.0,2001 Sk.,3517-006-05
ÇİĞLİ,16,ŞİRİNTEPE,38.497309596012,27.080203584935,3.404,6845 Sk.,3510-012-05
TİRE,997,FATİH,38.09436449632,27.717965977077,1.95,MEHMET HÜSNÜ TÜKEL Sk.,3527-038-05
KARABAĞLAR,19,TAHSİN YAZICI,38.385647275883,27.10291124356,14.704,İHSAN ALYANAK Blv.,3531-048-05
BUCA,8,GÖKSU,38.369246454775,27.142623859516,10.0,649/11 Sk.,3508-022-05
KARŞIYAKA,20,BAHÇELİEVLER,38.466402981096,27.116037771927,9.5,CEVDET BİLSAY Cd.,3516-005-05
KEMALPAŞA,6,MEHMET AKİF ERSOY,38.426188033807,27.428814040911,539.0,243 Sk.,3517-031-05
KEMALPAŞA,6,YUKARIKIZILCA MERKEZ,38.380786679359,27.494753212483,25.639,MAŞATLIK Cd.,3517-049-05
ÇEŞME,1001,OVACIK,38.231449575053,26.331356515786,500.0,ÖZPAMİR SİTESİ KümeEvleri,3509-019-05
KINIK,996,POYRACIK,39.091299615805,27.354988178523,7.0,CAMİ Sk.,3518-031-05
KARŞIYAKA,20,ATAKENT,38.463009134702,27.091168459466,7.5,BESTEKAR SADİ HOŞSES Sk.,3516-003-05
KARŞIYAKA,20,DEDEBAŞI,38.471308606616,27.10601708055,1.65,6117/1 Sk.,3516-009-05
ÇEŞME,1001,CUMHURİYET,38.358683912094,26.292888227372,1.6,4508 Sk.,3509-008-05
KARŞIYAKA,20,BOSTANLI,38.453045179517,27.104300506409,1.5,1783 Sk.,3516-007-05
SELÇUK,10,CUMHURİYET,37.940725494818,27.369967449876,2.484,5031 Sk.,3526-006-05
URLA,18,DENİZLİ,38.385916009393,26.752310727719,2.508,68 Sk.,3529-010-05
ÇEŞME,1001,ARDIÇ,38.331753598995,26.390488010357,500.0,5448/1 Sk.,3509-005-05
URLA,18,YELALTI,38.323716302762,26.777314265322,1.525,MEZBAHA,3529-033-03
KARABAĞLAR,19,KAZIM KARABEKİR,38.391256368984,27.112797807101,1.577,9028 Sk.,3531-031-05
NARLIDERE,5,ÇATALKAYA,38.391907950375,26.998997610449,2.2,ZEYTİNDALI Sk.,3523-005-05
KEMALPAŞA,6,BAĞYURDU 29 EKİM,38.417253138833,27.636201427476,4.032,M.ALİ SEVİNÇ Cd.,3517-043-05
ÇEŞME,1001,ŞEHİT MEHMET,38.289391692796,26.235398179123,600.0,342 Sk.,3509-022-05
GÜZELBAHÇE,1,YALI,38.376261162892,26.889081261993,2.15,101 Sk.,3514-011-05
GÜZELBAHÇE,1,YELKİ,38.338945255326,26.866333626629,880.0,2265 Sk.,3514-012-05
KARŞIYAKA,20,ZÜBEYDE HANIM,38.48973536415,27.10996524121,10.0,7448/17 Sk.,3516-027-05
URLA,18,İÇMELER,38.311266495659,26.703130123403,16.66,1132 Sk.,3529-014-05
URLA,18,ÖZBEK,38.350409816188,26.68033675548,4.664,EĞRİLİMAN Cd.,3529-023-05
BUCA,8,FIRAT,38.375655857898,27.150348572084,27.0,289 Sk.,3508-020-05
URLA,18,ATATÜRK,38.352740547071,26.801920675941,9.712,2239 Sk.,3529-002-05
URLA,18,YENİKENT,38.333622357991,26.770270802255,3.286,ÖĞRETMENLER Sk.,3529-034-05
TORBALI,9,MURATBEY,38.15070280396,27.354710786146,5.071,ATİLLA SUNAR Cd.,3528-037-05
BUCA,8,ATATÜRK,38.37753991379,27.186139787229,2.5,202/12 Sk.,3508-004-05
KARABAĞLAR,19,ESENTEPE,38.38529403901,27.077543038042,1.87,10 Sk.,3531-020-05
ÇEŞME,1001,GERMİYAN,38.357148745211,26.464865245729,1.3,27085 Sk.,3509-013-05
GAZİEMİR,15,ATIFBEY,38.318801021641,27.131117325371,3.369,6 Sk.,3513-003-05
BUCA,8,ÇAMLIKULE,38.369936238232,27.172642991632,1.0,242/36 Sk.,3508-014-05
BUCA,8,YEŞİLBAĞLAR,38.37108859372,27.152762555821,3.0,647/56 Sk.,3508-044-05
KARŞIYAKA,20,AKSOY,38.453125005398,27.111762374603,12.0,1743 Sk.,3516-001-05
KEMALPAŞA,6,AKALAN,38.46077490227,27.48151376632,431.0,1509 Sk.,3517-004-05
KARŞIYAKA,20,ŞEMİKLER,38.475004399466,27.092842129101,3.0,6287,3516-022-05
ÇİĞLİ,16,ATAŞEHİR,38.484377425266,27.060333901475,4.1,8019/12 Sk.,3510-004-05
ÇEŞME,1001,CUMHURİYET,38.35523876846,26.303482906461,2.57,4207 Sk.,3509-011-05
GAZİEMİR,15,SEVGİ,38.312916940066,27.129363179371,10.0,651/1 Sk.,3513-014-05
TORBALI,9,TORBALI,38.179956419451,27.349711126519,5.08,5023 Sk.,3528-052-05
KARABAĞLAR,19,BAHÇELİEVLER,38.403910953696,27.119320885427,1.021,490 Sk.,3531-009-05
KARŞIYAKA,20,YALI,38.464605260809,27.093678991888,3.66,6340 Sk.,3516-025-05
KEMALPAŞA,6,SOĞUKPINAR,38.424851618852,27.425949458081,2500.0,271 Sk.,3517-040-05
KEMALPAŞA,6,SEKİZ EYLÜL,38.433588269836,27.415395003893,638.0,148/1 Sk.,3517-038-05
KARABAĞLAR,19,ESENYALI,38.393980843605,27.093507451577,2.21,108/26 Sk.,3531-021-05
BUCA,8,YILDIZ,38.371265266675,27.18446610767,1.6,206/69 Sk.,3508-045-05
KEMALPAŞA,6,ULUCAK MUSTAFA KEMAL ATATÜRK,38.479997911779,27.35817832951,1.718,SITKI AYDINEL Cd.,3517-024-05
ÇİĞLİ,16,BALATÇIK,38.509374670254,27.042878129002,7.5,8950/1 Sk.,3510-007-05
FOÇA,4,İSMETPAŞA,38.67051003981,26.75771752334,1.357,MERSİNAKİ Cd.,3512-008-05
NARLIDERE,5,LİMANREİS,38.381424752125,26.927173686983,6.022,DİLEK,3523-008-05
ÖDEMİŞ,998,HÜRRİYET,38.223809044693,27.977787074757,2.45,KÖKNAR,3524-042-05
FOÇA,4,MUSTAFA KEMAL ATATÜRK,38.736909259142,26.83789987593,2.069,MEHMETÇİK,3512-014-05
BORNOVA,2,KEMALPAŞA,38.429582081631,27.265356824247,7.0,7057,3507-026-05
NARLIDERE,5,YENİKALE,38.395068304974,27.009039992619,2.4,DİLMAÇ,3523-011-05
NARLIDERE,5,NARLI,38.393551539909,27.004317144354,5.286,NAZIM,3523-009-05
NARLIDERE,5,ÇAMTEPE,38.393945960152,27.009905311025,2.272,GÜNGÖREN,3523-004-05
ALİAĞA,3,YALI,38.82138670801,26.985031796436,550.0,19 MAYIS,3502-026-05
NARLIDERE,5,ILICA,38.391884508023,27.0247085708,5.169,PALANDÖKEN,3523-007-05
FOÇA,4,ATATÜRK,38.665809529637,26.755400410638,5.266,DEĞİRMENLİK,3512-001-05
ÖDEMİŞ,998,SÜLEYMAN DEMİREL,38.24226195447,27.984191016351,3.972,ŞEHİT ŞERİF ALİ ÖREN,3524-080-05
SELÇUK,10,ATATÜRK,37.944813929605,27.364698579392,926.0,1084,3526-003-05
FOÇA,4,YENİBAĞARASI,38.663309639462,26.843699979593,2.0,1012,3512-015-05
GAZİEMİR,15,BEYAZEVLER,38.34419660624,27.146173029458,6.043,556,3513-004-05
NARLIDERE,5,HUZUR,38.395618416191,26.988115477915,466.0,SUZAN,3523-006-05
ALİAĞA,3,SİTELER,38.78956412935,26.964429161478,12557.0,448,3502-023-05
BORNOVA,2,EVKA 4,38.487635909283,27.201027816546,3.6,BARBAROS,3507-015-05
BALÇOVA,14,ÇETİN EMEÇ,38.36960061954,27.086404011337,6555.0,FUTBOL,3503-002-05
GÜZELBAHÇE,1,YELKİ,38.340817606675,26.865966162558,1.284,2356 Sk.,3514-012-06
GÜZELBAHÇE,1,ÇELEBİ,38.363988707797,26.885567607237,722.0,351 Sk.,3514-003-06
GÜZELBAHÇE,1,MALTEPE,38.379760012212,26.913006440545,1.125,29 Sk.,3514-006-06
GÜZELBAHÇE,1,KAHRAMANDERE,38.365822549168,26.877494195336,3.409,882 Sk.,3514-004-06
ÇEŞME,1001,OVACIK,38.241191258512,26.314104616045,1.2,SAĞLIKÇILAR SİTESİ KümeEvleri,3509-019-06
KINIK,996,POYRACIK,39.086861158057,27.360642255461,20.0,DUMLUPINAR Cd.,3518-031-06
MENDERES,13,MİTHATPAŞA,38.253316921112,27.145456452705,1.773,537/1 Sk.,3521-038-06
KEMALPAŞA,6,ÖREN 75.YIL CUMHURİYET,38.407413119978,27.590394904274,1.654,KIRMAN Sk.,3517-002-06
KARABAĞLAR,19,KAZIM KARABEKİR,38.392324318171,27.114922104223,1.167,9009 Sk.,3531-031-06
KEMALPAŞA,6,ARMUTLU HÜRRİYET,38.407560191071,27.534256547867,6.38,ŞEHİTLER Cd.,3517-023-06
URLA,18,YELALTI,38.327529066697,26.768033861984,2.953,YAKUT Sk.,3529-031-06
KEMALPAŞA,6,MEHMET AKİF ERSOY,38.425154205327,27.426389337684,1.106,231 Sk.,3517-031-06
KARABAĞLAR,19,TAHSİN YAZICI,38.386580750198,27.101570144169,2.931,9313 Sk.,3531-048-06
KARŞIYAKA,20,MAVİŞEHİR,38.471925960524,27.080418204002,24.5,AZİZ NESİN Blv.,3516-017-06
BUCA,8,GÖKSU,38.367193985176,27.145134398062,7.8,693/24 Sk.,3508-022-06
NARLIDERE,5,ÇATALKAYA,38.391680908344,27.000682029682,2.25,EĞİTİM Sk.,3523-005-06
ÇİĞLİ,16,ATAŞEHİR,38.488819963097,27.05913227019,5.45,8211/11 Sk.,3510-004-06
BUCA,8,ATATÜRK,38.376631554931,27.187255582128,1.5,202/51 Sk.,3508-004-06
TİRE,997,FATİH,38.094685349448,27.718641889872,1.486,MEHMET HÜSNÜ TÜKEL Sk.,3527-038-06
KARŞIYAKA,20,AKSOY,38.458157559736,27.107433302245,4.0,GİRNE Blv.,3516-001-06
KARŞIYAKA,20,BOSTANLI,38.458959876601,27.10404300556,4.9,MUHARREM CANDAŞ,3516-007-06
ÇEŞME,1001,SAKARYA,38.334278265833,26.311985506074,1.0,3139 Sk.,3509-021-06
KARŞIYAKA,20,ZÜBEYDE HANIM,38.489512823781,27.107250859555,2.0,7563/10 Sk.,3516-027-06
KARŞIYAKA,20,BAHÇELİEVLER,38.466856608321,27.125457642355,5.5,1851/11 Sk.,3516-005-06
TORBALI,9,TORBALI,38.178505823544,27.34874553848,2.5,5104 Sk.,3528-052-06
FOÇA,4,ATATÜRK,38.661911027304,26.758999628448,1.9,126 Sk.,3512-001-06
KARŞIYAKA,20,YALI,38.465663721169,27.091747809202,3.1,6403/1 Sk.,3516-025-06
URLA,18,DENİZLİ,38.392391189919,26.74374914786,2.631,140 Sk.,3529-010-06
URLA,18,İÇMELER,38.306568884145,26.7034949104,2.459,1153 Sk.,3529-014-06
KARŞIYAKA,20,YALI,38.464420447259,27.092670486632,1.5,AŞIK VEYSEL Sk.,3516-003-06
ÇEŞME,1001,MUSALLA,38.319334616173,26.305381968838,1.4,1025 Sk.,3509-018-06
ÇEŞME,1001,ALAÇATI,38.293139063975,26.368536994321,1.968,15022 Sk.,3509-002-06
ÇİĞLİ,16,BALATÇIK,38.509580353012,27.040271034435,7.5,8914 Sk.,3510-007-06
ÇEŞME,1001,ŞEHİT MEHMET,38.284591612865,26.240612376429,600.0,364 Sk.,3509-022-06
ÇEŞME,1001,GERMİYAN,38.36609969247,26.471045007714,500.0,27163 Sk.,3509-013-06
KEMALPAŞA,6,BAĞYURDU 29 EKİM,38.416332670454,27.638363278684,2.13,KEMAL ATATÜRK Cd.,3517-001-05
GÜZELBAHÇE,1,YALI,38.375462127545,26.887740165597,1.409,121 Sk.,3514-011-06
KEMALPAŞA,6,SEKİZ EYLÜL,38.434710213594,27.41140121269,1.714,134/2 Sk.,3517-038-06
KONAK,21,HALKAPINAR,38.429566505737,27.163609256511,3.4,PAKİSTAN Blv.,3520-045-06
NARLIDERE,5,NARLI,38.392034091416,27.004520250991,1.616,SAYGIN Sk.,3523-009-06
ÇEŞME,1001,DALYAN,38.342676652457,26.30359021806,1.0,4010 Sk.,3509-011-06
BUCA,8,YILDIZ,38.373384910808,27.182513465713,1.6,206/43 Sk.,3508-045-06
ÇEŞME,1001,İSMET İNÖNÜ,38.326266069249,26.31768786897,1950.0,2095 Sk.,3509-016-06
FOÇA,4,İSMETPAŞA,38.674609482448,26.753800402683,700.0,198,3512-008-06
ÖDEMİŞ,998,HÜRRİYET,38.221306060288,27.98069006502,5.74,1629,3524-042-06
BORNOVA,2,KEMALPAŞA,38.429432827189,27.265452963444,2.0,PINAR,3507-026-06
FOÇA,4,YENİBAĞARASI,38.650409678002,26.818500126244,8.465,PALMİYE,3512-015-06
GAZİEMİR,15,SEVGİ,38.303087522436,27.131287966636,6.599,951,3513-014-06
NARLIDERE,5,HUZUR,38.395011176262,26.98805473337,1.682,MANDALİNLİK,3523-006-06
NARLIDERE,5,ILICA,38.392523232494,27.020890481953,1.281,TOPRAK,3523-007-06
ALİAĞA,3,SİTELER,38.792338118352,26.966467146633,25117.0,ŞEHİT BİNBAŞI YAVUZ BAŞAYAR,3502-023-06
FOÇA,4,MUSTAFA KEMAL ATATÜRK,38.728009300464,26.834599907845,11.5,CENNET,3512-014-06
NARLIDERE,5,LİMANREİS,38.382725700404,26.934774245673,3.854,KIBRIS,3523-008-06
GAZİEMİR,15,ATIFBEY,38.319800719195,27.13236313938,10.051,PROF. DR. TÜRKAN SAYLAN,3513-003-06
NARLIDERE,5,ÇAMTEPE,38.391892298214,27.010298782585,1.9,ACAR,3523-004-06
SELÇUK,10,ATATÜRK,37.942513940592,27.364198584751,1.15,1088,3526-003-06
NARLIDERE,5,YENİKALE,38.395678984064,27.011766978405,957.0,SÜTÇÜLER,3523-011-06
ALİAĞA,3,YALI,38.825327971646,26.985406995177,1750.0,145,3502-026-06
BALÇOVA,14,ÇETİN EMEÇ,38.371629873008,27.088125504355,2767.0,UNIVERSIADE,3503-002-06
FOÇA,4,İSMETPAŞA,38.681209184528,26.746300737676,5.415,278 Sk.,3512-008-01
ÇEŞME,1001,ŞEHİT MEHMET,38.27731510779,26.257671153963,1.2,302 Sk.,3509-022-07
MENDERES,13,MİTHATPAŞA,38.253165270859,27.147258888356,4.415,548 Sk.,3521-038-07
GÜZELBAHÇE,1,MALTEPE,38.378952602595,26.909449850598,894.0,72 Sk.,3514-006-07
ÇEŞME,1001,MUSALLA,38.319944881988,26.308163404478,963.0,1031 Sk.,3509-018-07
GÜZELBAHÇE,1,ÇELEBİ,38.361856172515,26.890025420016,600.0,592 Sk.,3514-003-07
ÇEŞME,1001,DALYAN,38.344132394819,26.309651977304,1.0,4041 Sk.,3509-011-07
ÇEŞME,1001,GERMİYAN,38.315075448759,26.466852830504,500.0,ÇÜMEN KümeEvleri,3509-013-07
GÜZELBAHÇE,1,KAHRAMANDERE,38.363012874541,26.881732069267,848.0,ŞEHİT KEMAL Cd.,3514-004-07
KEMALPAŞA,6,MEHMET AKİF ERSOY,38.426978098271,27.424812203667,1.362,229 Sk.,3517-031-07
NARLIDERE,5,ÇATALKAYA,38.391367673271,27.003015540401,596.0,ARAS Sk.,3523-005-07
TİRE,997,FATİH,38.09664420596,27.716721434881,8.468,SARAYBOSNA Cd.,3527-038-07
KARŞIYAKA,20,AKSOY,38.452225995634,27.110313990474,8260.0,1746 Sk.,3516-001-07
KARŞIYAKA,20,ZÜBEYDE HANIM,38.492485532781,27.107696098973,6.4,7448/8 Sk.,3516-027-07
KARŞIYAKA,20,BOSTANLI,38.460858517134,27.095567264025,2.25,BESTEKAR SADİ HOŞSES Sk.,3516-007-07
KEMALPAŞA,6,ARMUTLU 85.YIL CUMHURİYET,38.404819391008,27.532400472802,3.17,KAZIM DİRİK Cd.,3517-003-01
KEMALPAŞA,6,SEKİZ EYLÜL,38.435248065162,27.406573259576,3.763,100 Sk.,3517-038-07
BUCA,8,YILDIZ,38.370760578286,27.182942621406,6.0,200/25 Sk.,3508-045-07
ÇEŞME,1001,İSMET İNÖNÜ,38.324220791831,26.314447780596,3450.0,2123 Sk.,3509-016-07
GÜZELBAHÇE,1,YELKİ,38.341406647857,26.862935280542,1.768,2487 Sk.,3514-012-07
GÜZELBAHÇE,1,YALI,38.375167741209,26.884784386575,889.0,125 Sk.,3514-011-07
ÇEŞME,1001,OVACIK,38.243078767742,26.309341033277,4.0,YUVAMKENT SİTESİ KümeEvleri,3509-019-07
ÇİĞLİ,16,ATAŞEHİR,38.492309131752,27.053435280573,3.0,8220 Sk.,3510-004-07
SELÇUK,10,ATATÜRK,37.948255595451,27.36730670011,1.6,UĞUR MUMCU SEVGİ YOLU Sk.,3526-003-07
NARLIDERE,5,NARLI,38.391062847648,27.006936910906,1.579,ÖZYUVA,3523-009-10
KARŞIYAKA,20,BAHÇELİEVLER,38.466923801862,27.117089191745,2200.0,ANADOLU Cd.,3516-005-07
KARŞIYAKA,20,YALI,38.466906974144,27.091297198209,1.5,6399 Sk.,3516-025-07
BUCA,8,ATATÜRK,38.374158739776,27.187684737566,2.2,202/6 Sk.,3508-004-07
ÇEŞME,1001,ALAÇATI,38.27871334069,26.377458003598,4.6,12055 Sk.,3509-002-07
ALİAĞA,3,YALI,38.815377021249,26.984563016648,2400.0,188,3502-026-07
GAZİEMİR,15,SEVGİ,38.311870257447,27.130465326945,8.0,NEVVAR SALİH İŞGÖREN,3513-014-07
NARLIDERE,5,LİMANREİS,38.381722565452,26.937031953189,2.983,ÖKSÜZ,3523-008-07
NARLIDERE,5,YENİKALE,38.394515957985,27.012348986629,1.146,BARAN,3523-011-07
FOÇA,4,MUSTAFA KEMAL ATATÜRK,38.73437382903,26.838007720424,3.881,ASLI,3512-014-07
NARLIDERE,5,HUZUR,38.393777437005,26.988753454697,1.735,BAHAR,3523-006-07
NARLIDERE,5,ILICA,38.390533730418,27.025609268682,5.354,BODUR,3523-007-07
GAZİEMİR,15,ATIFBEY,38.316803735716,27.133535138229,8.107,PROF. DR. TÜRKAN SAYLAN,3513-003-07
KARŞIYAKA,20,BOSTANLI,38.455078406548,27.099665668845,28.9,CEMAL GÜRSEL Cd.,3516-007-08
GÜZELBAHÇE,1,KAHRAMANDERE,38.361885606834,26.881292191164,1.849,518 Sk.,3514-004-08
ÇEŞME,1001,MUSALLA,38.318181420845,26.309206781881,1.4,2122 Sk.,3509-018-08
KEMALPAŞA,6,MEHMET AKİF ERSOY,38.425843422427,27.424479613239,641.0,227 Sk.,3517-031-08
KARŞIYAKA,20,AKSOY,38.453196417203,27.107712259033,1.3,1750 Sk.,3516-001-03
KARŞIYAKA,20,YALI,38.469040615536,27.090932415958,2.35,6434 Sk.,3516-025-08
KEMALPAŞA,6,SEKİZ EYLÜL,38.434306812206,27.404985401258,3.888,KİRAZLI Cd.,3517-038-08
GÜZELBAHÇE,1,YELKİ,38.343617629634,26.866609884589,1.83,2185 Sk.,3514-012-08
GÜZELBAHÇE,1,MALTEPE,38.377943326053,26.903296895674,2.152,MEHMETÇİK Cd.,3514-006-08
TİRE,997,FATİH,38.091139010197,27.722182393384,31.504,FAHRETTİN ALTAY,3527-038-08
ÇİĞLİ,16,ATAŞEHİR,38.48552379003,27.071947806797,8.919,8250 Sk.,3510-004-08
ÇEŞME,1001,İSMET İNÖNÜ,38.319978553129,26.309555463909,2.8,2122 Sk.,3509-016-08
ÇEŞME,1001,GERMİYAN,38.351461302286,26.471431270978,500.0,27228 Sk.,3509-013-08
GÜZELBAHÇE,1,YALI,38.37612237832,26.883883167188,1.567,139 Sk.,3514-011-08
ÇEŞME,1001,ALAÇATI,38.27721417466,26.372855358898,1.914,12500 Sk.,3509-002-08
ÇEŞME,1001,OVACIK,38.249650976887,26.305392829111,500.0,ÖZBERİL SİTESİ KümeEvleri,3509-019-08
NARLIDERE,5,ÇATALKAYA,38.38901098886,27.001832696195,2.043,ÇİLEK Sk.,3523-009-07
ÇEŞME,1001,DALYAN,38.352731581715,26.315434774708,1.9,4146 Sk.,3509-011-08
FOÇA,4,MUSTAFA KEMAL ATATÜRK,38.736909253129,26.833099899748,1.8,ORUÇ REİS,3512-014-08
NARLIDERE,5,YENİKALE,38.395813866916,27.016762262789,6.514,BURAK,3523-011-08
NARLIDERE,5,ILICA,38.389675014191,27.027676917766,8.582,ALKAN,3523-007-08
NARLIDERE,5,HUZUR,38.393336896298,26.988855457371,2.596,MANDALİNLİK,3523-006-08
ÇEŞME,1001,DALYAN,38.356534421272,26.319962313659,2.2,4112 Sk.,3509-011-09
KARŞIYAKA,20,BOSTANLI,38.459648758153,27.090052671801,15.0,AŞIK VEYSEL Sk.,3516-007-09
GÜZELBAHÇE,1,YELKİ,38.343655494882,26.866078809801,1.088,2185 Sk.,3514-012-09
KEMALPAŞA,6,SEKİZ EYLÜL,38.432710019326,27.405865164038,2.293,103/1 Sk.,3517-038-09
GÜZELBAHÇE,1,YALI,38.374557937682,26.879173234477,2.804,135 Sk.,3514-011-09
ÇEŞME,1001,ALAÇATI,38.286916056195,26.369797637863,1.06,ALAÇATI ATATÜRK Blv.,3509-002-09
NARLIDERE,5,ÇATALKAYA,38.390835797747,27.003729005349,1.64,TUNA Cd.,3523-009-08
ÇEŞME,1001,MUSALLA,38.314953197349,26.302190164406,2.2,1077 Sk.,3509-018-09
ÇİĞLİ,16,ATAŞEHİR,38.492355315328,27.051815234302,2.54,8220 Sk.,3510-004-09
KARŞIYAKA,20,YALI,38.471560583974,27.091318647835,3.7,6485 Sk.,3516-025-09
GÜZELBAHÇE,1,MALTEPE,38.379204914535,26.906365325228,1.076,94 Sk.,3514-006-09
KEMALPAŞA,6,MEHMET AKİF ERSOY,38.427314293236,27.423052682752,1.358,213 Sk.,3517-031-09
GÜZELBAHÇE,1,KAHRAMANDERE,38.359828720164,26.881882277789,8.52,ATA Cd.,3514-004-09
NARLIDERE,5,HUZUR,38.393305038933,26.992984117186,12.718,ÖĞRETMENLER,3523-006-09
FOÇA,4,MUSTAFA KEMAL ATATÜRK,38.73410927081,26.836299888764,3.705,MALİYECİLER,3512-014-09
BAYRAKLI,11,OSMANGAZİ,38.475945216893,27.185345692106,3330.0,592/15 Sk.,3530-018-08
MENEMEN,17,MUSTAFA KEMAL ATATÜRK,38.628269642504,26.926994996726,16649.0,GAZİLER Cd.,3522-050-01
MENEMEN,17,AYVACIK,38.613661641089,27.185946271299,1.534,AYVACIK KümeEvleri,3522-010-01
BAYRAKLI,11,75. YIL,38.471997435581,27.154296601551,12000.0,1609/12 Sk.,3530-010-01
BAYRAKLI,11,BAYRAKLI,38.46142985901,27.168662459436,3700.0,1898/2 Sk.,3530-004-01
BAYRAKLI,11,MANAVKUYU,38.46522700509,27.194765581365,10829.0,DUMLUPINAR Cd.,3530-013-01
MENEMEN,17,GÖKTEPE,38.619454140725,27.152504644504,4021.0,2636 Sk.,3522-022-01
MENEMEN,17,GÖRECE,38.649339884481,27.164954005329,3.8,910 Sk.,3522-030-01
MENEMEN,17,HATUNDERE,38.700592487468,27.043789744744,738.0,6107 Sk.,3522-033-01
MENEMEN,17,İĞNEDERE,38.656323431745,27.159446104347,3.66,İĞNEDERE KümeEvleri,3522-036-01
MENEMEN,17,SÜLEYMANLI,38.637053142491,27.178955088285,6.397,920 Sk.,3522-052-01
BAYINDIR,7,CUMHURİYET,38.191912386161,27.552198094748,5.37,KAZIM DİRİK Cd.,3504-035-01
BAYINDIR,7,BIYIKLAR,38.22281423982,27.652450471162,363.15,DÖNEME Myd.,3504-024-01
MENEMEN,17,DOĞA,38.649641450565,27.091704578761,4.509,600 Sk.,3522-021-01
MENEMEN,17,MERMERLİ,38.614147738286,27.067334209096,3.9,1402 Sk.,3522-048-01
MENEMEN,17,IRMAK,38.588618736793,27.080659401579,3426.0,CUMHURİYET Cd.,3522-035-01
MENEMEN,17,85.YIL CUMHURİYET,38.581999598616,26.978054697151,5400.0,4139/1 Sk.,3522-004-01
MENEMEN,17,YAYLA,38.622346024944,27.136695777659,5474.0,ÇINARLI KUYU Cd.,3522-063-01
MENEMEN,17,BELEN,38.636835168336,27.100409667218,1.024,BELEN CUMHURİYET Cd.,3522-012-01
MENEMEN,17,YAHŞELLİ,38.614323830695,27.112038365641,140.0,6335/1 Sk.,3522-061-01
MENEMEN,17,GÖKTEPE,38.612571797218,27.16311542271,2.5,930 Sk.,3522-028-01
MENEMEN,17,YILDIRIM,38.685186594082,27.034978758282,5.3,22 Sk.,3522-065-01
MENEMEN,17,HAYKIRAN,38.638018908547,27.110088368672,1009.0,800 Sk.,3522-034-01
MENEMEN,17,İNCİRLİ PINAR,38.580299254124,27.083695661461,3840.0,117/1 Sk.,3522-037-01
MENEMEN,17,GAZİ,38.561384959087,27.061221575916,7007.0,7751 Sk.,3522-026-01
MENEMEN,17,ÇALTI,38.620376287234,27.22777778536,2.728,ÇALTI KümeEvleri,3522-017-01
MENEMEN,17,KAZIMPAŞA,38.59289341074,27.07163112333,18.96,1212 Sk.,3522-023-01
BAYRAKLI,11,KÖRFEZ,38.490256038933,27.132495684098,5290.0,7382/1 Sk.,3530-012-01
MENEMEN,17,KARAORMAN,38.606323946219,27.231527518734,29.7,KARAORMAN KümeEvleri,3522-041-01
MENEMEN,17,UĞUR MUMCU,38.604464606859,27.080900771942,2.1,1252 Sk.,3522-058-01
KARABAĞLAR,19,REFET BELE,38.388245851404,27.113245738868,1.865,9156 Sk.,3531-041-01
KONAK,21,AKARCALI,38.415033418077,27.154747306585,5.5,1109 Sk.,3520-108-01
KONAK,21,LALE,38.405575676364,27.150659656377,1.0,3589/1 Sk.,3520-067-01
KONAK,21,KÜLTÜR,38.429852239243,27.141035897434,11.5,VASIF ÇINAR Blv.,3520-066-01
TORBALI,9,ÇAYBAŞI,38.137122223968,27.377895705774,0.0,MENDERES Cd.,3528-015-01
KONAK,21,MURAT,38.416302789852,27.181118652009,1.78,2499 Sk.,3520-078-01
MENEMEN,17,GAZİ MUSTAFA KEMAL,38.583068908258,26.970823495586,4022.0,4120 Sk.,3522-027-01
MENEMEN,17,KEMAL ATATÜRK,38.577000951565,27.070665560218,2.0,7509/2 Sk.,3522-044-01
BAYRAKLI,11,ORG.NAFİZ GÜRMAN,38.480749369292,27.137023246547,5667.0,7170 Sk.,3530-017-01
BAYRAKLI,11,EMEK,38.46833503797,27.11874142188,8957.0,ŞEHİT ASTEĞMEN MESUT UZLU Sk.,3530-009-01
BAYRAKLI,11,ALPASLAN,38.470023493836,27.167503736408,2975.0,1620/6 Sk.,3530-003-01
MENEMEN,17,CAMİİKEBİR,38.611121369448,27.065276970166,2403.0,ZİYA GÖKALP Cd.,3522-015-01
MENEMEN,17,30 AĞUSTOS,38.561507636889,27.046912061496,18.5,7104 Sk.,3522-002-01
MENEMEN,17,ZEYTİNLİK,38.588097743514,27.075583347021,4.26,9021/1 Sk.,3522-067-01
MENEMEN,17,YANIKKÖY,38.654563910442,27.081694615582,1.46,NEHİR Sk.,3522-062-01
KONAK,21,MERSİNLİ,38.438155547008,27.176762729545,530.0,2807 Sk.,3520-073-01
TORBALI,9,GAZİ MUSTAFA KEMAL,38.239665105768,27.390555503725,5.5,MUSTAFA KEMAL ATATÜRK Cd.,3528-031-01
MENEMEN,17,İNÖNÜ,38.579434223351,26.980935379842,1.75,4137 Sk.,3522-038-01
MENEMEN,17,VİLLAKENT,38.598393990061,26.923091113399,1.96,5151 Sk.,3522-060-01
MENEMEN,17,BAĞCILAR,38.619695187558,27.200965216349,9.0,BAĞCILAR KümeEvleri,3522-011-01
MENEMEN,17,TELEKLER,38.66299325847,27.216027013582,2.2,TELEKLER KümeEvleri,3522-054-01
MENEMEN,17,TURGUTLAR,38.713410526896,27.163532332188,2.831,TURGUTLAR KümeEvleri,3522-055-01
MENEMEN,17,75.YIL CUMHURİYET,38.628926516903,26.909018919593,2.18,ZEKERİYA TOKSUZ Cd.,3522-003-01
MENEMEN,17,GÜNERLİ,38.5682952224,26.997792999392,1.7,UMUT Cd.,3522-031-01
MENEMEN,17,KAZIMPAŞA,38.604523277158,27.062640383116,16649.0,BAHÇELER Sk.,3522-006-01
BAYRAKLI,11,R.ŞEVKET İNCE,38.479187246724,27.183114099836,3162.0,2148/3 Sk.,3530-020-01
MENEMEN,17,KASIMPAŞA,38.60746190312,27.07376612606,29.7,ALTUĞ KARABURUN Cd.,3522-042-01
MENEMEN,17,KESİK,38.616399536364,26.992777209611,3170.0,3011 Sk.,3522-045-01
BAYRAKLI,11,CENGİZHAN,38.47698669596,27.167428623178,94000.0,1620/39 Sk.,3530-005-01
BAYRAKLI,11,75. YIL,38.474273718083,27.155133442755,16183.0,1620/41 Sk.,3530-001-01
MENEMEN,17,ULUS,38.577544033779,27.067759400199,1.4,7526/3 Sk.,3522-059-01
MENEMEN,17,TUZÇULLU,38.549804602065,26.938842393073,1.12,3001 Cd.,3522-056-01
MENEMEN,17,SÜZBEYLİ,38.537122075331,26.911804541536,2.76,5001 Sk.,3522-053-01
MENEMEN,17,İSMET İNÖNÜ,38.597505345391,27.077666055834,131.7,80.YIL Cd.,3522-039-01
MENEMEN,17,ÇUKURKÖY,38.697336445371,27.121085269587,12.483,ÇUKURKÖY KümeEvleri,3522-019-01
MENEMEN,17,ATATÜRK,38.59813525219,27.061006936922,10.6,1506 Sk.,3522-008-01
BAYRAKLI,11,MUHİTTİN ERENER,38.47289621884,27.17482076138,715.0,2143 Sk.,3530-015-01
MENEMEN,17,ÇAVUŞ,38.635617816473,27.025204922978,2.25,200 Sk.,3522-018-01
BAYRAKLI,11,TEPEKULE,38.466218238847,27.17880115102,18000.0,1643/27 Sk.,3530-022-01
BAYRAKLI,11,ONUR,38.483680439244,27.128987383305,4000.0,7369/1 Sk.,3530-016-01
KONAK,21,MİTHATPAŞA,38.407450463155,27.107390473265,2.2,MİTHATPAŞA Cd.,3520-077-01
MENDERES,13,CÜNEYTBEY,38.242203341217,27.134985179978,8.192,İBRAHİM TURAN Cd.,3521-008-01
MENEMEN,17,MUSABEY,38.636714599124,27.006434915045,1.162,310 Sk.,3522-049-01
MENEMEN,17,CUMHURİYET,38.573124788726,27.062928773283,3.79,7516/1 Sk.,3522-016-01
MENEMEN,17,9 EYLÜL,38.539887354004,27.036234277646,1.84,251 Sk.,3522-005-01
BAYRAKLI,11,ADALET,38.456809212094,27.178994284951,6215.0,2131/22 Sk.,3530-002-01
BAYRAKLI,11,YAMANLAR,38.496218076778,27.142988423527,5929.0,7355/2 Sk.,3530-024-01
BAYINDIR,7,ARIKBAŞI,38.175908319575,27.494592606168,4.943,OKUL Sk.,3504-014-01
BAYRAKLI,11,SOĞUKKUYU,38.476213919122,27.1156944342,4300.0,GİRNE Blv.,3530-021-01
MENEMEN,17,9 EYLÜL,38.538966357058,27.042743968228,25900.0,7611 Sk.,3522-005-03
MENEMEN,17,BURUNCUK,38.665792101364,27.025498570958,2.941,ÇANAKKALE ASFALTI Cd.,3522-014-01
MENEMEN,17,DEĞİRMENDERE,38.626055043388,27.148121925347,1.75,23 NİSAN,3522-020-01
MENEMEN,17,GÖLCÜK,38.586314623621,27.08327722859,2.21,424 Sk.,3522-029-01
BAYRAKLI,11,POSTACILAR,38.483168135263,27.125414699525,5294.0,7666 Sk.,3530-019-01
BAYRAKLI,11,GÜMÜŞPALA,38.466516412669,27.141760028233,2300.0,7000 Sk.,3530-011-01
MENEMEN,17,ALANİÇİ,38.607268164245,27.20598094347,1.459,ALANİÇİ KümeEvleri,3522-007-01
BAYRAKLI,11,ÇİÇEK,38.469502698483,27.169349087914,11000.0,1637/16 Sk.,3530-007-01
BAYRAKLI,11,ÇAY,38.468234300945,27.180453380163,7409.0,2108/10,3530-006-01
BAYINDIR,7,ORTA,38.225213198794,27.647796858063,400.0,OKTAY Sk.,3504-045-02
KONAK,21,19 MAYIS,38.404163204632,27.141035940828,4.024,691/2 Sk.,3520-046-01
BERGAMA,999,İNKILAP,39.114707084143,27.182796512333,2.907,HAL Sk.,3505-122-01
DİKİLİ,995,MERDİVENLİ,38.996848687422,26.851271925342,1.3,MERDİVENLİ ATATÜRK Cd.,
BORNOVA,2,SARNIÇKÖY,38.546938694077,27.275449046646,240.0,FİLİZ,3507-036-01
BORNOVA,2,ZAFER,38.425303245758,27.203746605907,4000.0,KEMALPAŞA,3507-045-01
BERGAMA,999,ZAFER,39.119531701515,27.172925569767,12.5,KIŞLA YOLU,3505-021-01
BORNOVA,2,RAFET PAŞA,38.441971148348,27.192862631532,4000.0,5054/1,3507-035-01
ALİAĞA,3,YUKARI ŞEHİTKEMAL,38.731362469382,27.005812060175,422.5,OKUL,3502-029-01
BERGAMA,999,İNKILAP,39.113420652304,27.182795365295,2.907,ADNAN MENDERES,3505-046-01
BAYRAKLI,11,DOĞANÇAY,38.494912842337,27.160481703819,8426.0,7194/11,3530-008-01
BORNOVA,2,MERKEZ,38.416959286566,27.201307631586,2100.0,FEVZİ PAŞA,3507-032-01
BORNOVA,2,ÇİÇEKLİ,38.499091949083,27.28446008095,1280.0,ÇİÇEKLİ,3507-008-01
BORNOVA,2,GÜRPINAR,38.429298297137,27.273339252155,8700.0,7058,3507-018-01
BORNOVA,2,NALDÖKEN,38.458749139546,27.267646232085,19500.0,1236,3507-034-01
MENEMEN,17,KIR,38.625846168941,27.159115487984,33000.0,9 EYLÜL KURTULUŞ,3522-046-01
BORNOVA,2,KAYADİBİ,38.517038809362,27.238386279887,3000.0,KAYADİBİ,3507-024-01
BORNOVA,2,EVKA 3,38.473245050509,27.254406272851,7900.0,127/9,3507-014-01
BORNOVA,2,KAVAKLIDERE,38.45029823097,27.314924010314,4300.0,KAVAKLIDERE,3507-023-01
BORNOVA,2,KARACAOĞLAN,38.438498184825,27.210174551557,3900.0,6241,3507-021-01
BORNOVA,2,ERGENE,38.464095054085,27.211443501967,23300.0,MUSTAFA KEMAL,3507-012-01
BORNOVA,2,EGEMENLİK,38.425156276982,27.232878460627,7900.0,6093,3507-010-01
BORNOVA,2,DOĞANLAR,38.45084516596,27.254083311877,9160.0,1432,3507-009-01
BORNOVA,2,ÇAMKULE,38.413551291262,27.188437701091,8300.0,4720,3507-006-01
BORNOVA,2,YILDIRIM BEYAZIT,38.437963164209,27.18823066158,5600.0,BURAK REİS,3507-043-01
SEFERİHİSAR,12,NECAT HEPKON,38.212253641187,26.825320396815,0.0,,
SEFERİHİSAR,12,MERSİN ALANI,38.078923169704,26.974316583292,4.7815,ÜRKMEZ Cd.,
URLA,18,HACI İSA,38.322853549848,26.767052186713,3.4,ÇELEN Sk.,
SEFERİHİSAR,12,NECAT HEPKON,38.212146140722,26.807381873699,0.0,99/3 Sk.,YENİ EKLENEN
ALİAĞA,3,ÖRNEKKENT,38.792625642173,26.987337407744,0.0,813 Sk.,
ÖDEMİŞ,998,DOLAYLAR,38.329541816116,27.995256386406,3.47,DOLAYLAR SUBATAN YAYLASI KümeEvleri,
BAYRAKLI,11,SOĞUKKUYU,38.475508388234,27.121166114581,2623.0,1844/12 Sk.,3530-021-10
ÇİĞLİ,16,BALATÇIK,38.514806246472,27.039369807679,357.0,1671/1,3510-007-10
BAYRAKLI,11,MANSUROĞLU,38.45096009131,27.181999671003,7157.0,İSLAM KERİMOV,3530-014-10
ÇİĞLİ,16,ATAŞEHİR,38.490784999569,27.052641353269,4.1,8229/1 Sk.,
BAYRAKLI,11,MANAVKUYU,38.463227661676,27.194379348547,6350.0,DUMLUPINAR Cd.,3530-013-10
BAYRAKLI,11,MANSUROĞLU,38.456166505478,27.186981864742,20557.0,283/18 Sk.,3530-014-11
BAYRAKLI,11,SOĞUKKUYU,38.47725541576,27.118355170541,6794.0,1847/13 Sk.,3530-021-11
ÇİĞLİ,16,ATAŞEHİR,38.486061268923,27.073111878802,4.1,8271/11 Sk.,3510-004-12
BAYRAKLI,11,MANSUROĞLU,38.455221323301,27.184315763834,8650.0,283/12 Sk.,3530-014-01
BAYRAKLI,11,SOĞUKKUYU,38.476365110979,27.121724009827,4050.0,1847/13 Sk.,3530-021-12
BAYRAKLI,11,MANAVKUYU,38.459123784068,27.184321121662,11355.0,613/2 Sk.,3530-013-12
BAYRAKLI,11,MANSUROĞLU,38.456097066486,27.18373165299,7881.0,283/12,3530-014-12
BAYRAKLI,11,MANSUROĞLU,38.453956861423,27.181901789857,7597.0,288/8 Sk.,3530-014-13
BAYRAKLI,11,SOĞUKKUYU,38.478800834947,27.122582308305,4802.0,1844/17 Sk.,3530-021-13
ÇİĞLİ,16,ATAŞEHİR,38.489470789231,27.063434510945,4.1,ATATÜRK Blv.,3510-004-13
BAYRAKLI,11,MANAVKUYU,38.460455361359,27.184444500423,11000.0,275/10 Sk.,3530-013-11
BAYRAKLI,11,SOĞUKKUYU,38.478767241354,27.124513489252,5283.0,1844/19 Sk.,3530-021-14
BAYRAKLI,11,MANAVKUYU,38.458817142348,27.186783377806,3971.0,275/8 Sk.,3530-013-13
BAYRAKLI,11,MANAVKUYU,38.459940797579,27.186145013346,1515.0,275/8 Sk.,3530-013-14
BAYRAKLI,11,MANAVKUYU,38.463614099852,27.200366008651,1750.0,238 Sk.,3530-013-15
BAYRAKLI,11,MANAVKUYU,38.462927325381,27.184731491202,2512.0,275/13 Sk.,3530-013-16
BAYRAKLI,11,MANAVKUYU,38.45740572055,27.185646129214,1469.0,SAKARYA Cd.,3530-013-17
BAYRAKLI,11,POSTACILAR,38.483839995012,27.117164264461,1700.0,7599 Sk.,3530-019-02
BAYRAKLI,11,EMEK,38.469477445704,27.118870165331,3800.0,ŞEHİT ASTEĞMEN MESUT UZLU Sk.,3530-009-02
BAYINDIR,7,MİTHATPAŞA,38.219815681602,27.646131222926,7.4,ALBAY ALPAT Cd.,3504-025-03
MENEMEN,17,GÖLCÜK,38.583689646382,27.085154770123,2.2,9422 Sk.,3522-029-02
MENEMEN,17,9 EYLÜL,38.538374721042,27.037631704223,30.0,11. Cd.,3522-005-02
BAYRAKLI,11,OSMANGAZİ,38.464437344503,27.184444493724,13395.0,617/11 Sk.,3530-018-02
MENEMEN,17,GAZİ MUSTAFA KEMAL,38.580842188382,26.965555667056,5400.0,KAYNAKLAR Cd.,3522-027-02
BAYRAKLI,11,GÜMÜŞPALA,38.466108986982,27.133810000948,5085.0,ANADOLU Cd.,3530-011-02
MENEMEN,17,DEĞİRMENDERE,38.624734910006,27.1476123104,3.99,2701 Sk.,3522-020-02
BAYINDIR,7,CUMHURİYET,38.192013574235,27.553697441908,5.37,AYŞE HANIM Cd.,3504-004-01
BAYINDIR,7,CAMİİ,38.224413552045,27.646697159096,0.0,OKTAN Sk.,3504-012-01
KONAK,21,KÜLTÜR,38.43070950058,27.138074751988,3.0,VASIF ÇINAR Blv.,3520-066-02
URLA,18,CAMİATİK,38.320223178652,26.768865355564,2.407,HAYDAR ÇEŞME Sk.,3529-007-02
KONAK,21,MERSİNLİ,38.43719752236,27.173200775323,700.0,2814 Sk.,3520-073-02
ÇİĞLİ,16,EGEKENT,38.507074334399,27.065478313861,2.013,8845 Sk.,3510-018-02
ÇİĞLİ,16,ATATÜRK,38.521991782223,27.063531014173,2.056,8809/10 Sk.,3510-005-02
URLA,18,HACI İSA,38.325062987305,26.764992256616,4.2,CAMİ Sk.,3529-013-02
ÇİĞLİ,16,ŞİRİNTEPE,38.496495097276,27.070987561948,944.0,8413 Sk.,3510-024-02
KONAK,21,MURAT REİS,38.4044910698,27.112218430418,760.0,255/2 Sk.,3520-079-02
MENEMEN,17,MERMERLİ,38.613766304101,27.065778536211,2.7,1403 Sk.,3522-048-02
BAYRAKLI,11,BAYRAKLI,38.462765590935,27.165733499507,780.0,1921 Sk.,3530-004-02
MENEMEN,17,FATİH,38.685217993481,27.029268363352,2.22,1/1 Sk.,3522-024-02
ÇİĞLİ,16,EGEKENT,38.508062904938,27.060277534715,1.136,8827 Sk.,3510-010-02
BORNOVA,2,IŞIKLAR,38.428087333102,27.219999740427,1000.0,IŞIK Cd.,3507-019-02
BAYRAKLI,11,TEPEKULE,38.465260583519,27.17217076492,6020.0,2073 Sk.,3530-022-02
BAYRAKLI,11,75. YIL,38.474912075199,27.158212602317,3300.0,1620/47 Sk.,3530-001-02
BAYRAKLI,11,MANSUROĞLU,38.455966975484,27.19357470204,6605.0,269/2 Sk.,3530-014-02
MENEMEN,17,HASANLAR,38.641403448856,27.127584325988,1551.0,903 Sk.,3522-032-01
MENEMEN,17,ESATPAŞA,38.600213664998,27.075799242927,6.13,1205 Sk.,3522-023-02
MENEMEN,17,VİLLAKENT,38.603089404257,26.918745948035,3000.0,5141 Sk.,3522-060-02
MENEMEN,17,30 AĞUSTOS,38.559196358457,27.046295160466,2.04,7106/1 Sk.,3522-002-02
MENEMEN,17,KASIMPAŞA,38.608744636152,27.082343785897,2.28,1023 Sk.,3522-042-02
BAYRAKLI,11,MANAVKUYU,38.462101954252,27.191954645546,4036.0,FATİH SULTAN MEHMET Cd.,3530-013-02
ÇİĞLİ,16,YAKAKENT,38.503459945448,27.075842324212,1.101,8087/11 Sk.,3510-026-02
ÇİĞLİ,16,AHMET TANER KIŞLALI,38.493892040343,27.081255011492,11.0,6762 Sk.,3510-022-02
ÇİĞLİ,16,UĞUR MUMCU,38.520866976901,27.046429336316,3.93,8790/6,3510-025-02
MENEMEN,17,İSMET İNÖNÜ,38.595362938963,27.084301811815,2.0,1286 Sk.,3522-039-02
MENEMEN,17,UĞUR MUMCU,38.60165583381,27.083636616447,10.78,1295 Sk.,3522-058-02
MENEMEN,17,AYVACIK,38.612232301389,27.190296795272,600.0,AYVACIK KümeEvleri,3522-010-02
MENEMEN,17,İSTİKLAL,38.551643300801,27.057238532038,5757.0,7504 Sk.,3522-040-02
BAYRAKLI,11,R.ŞEVKET İNCE,38.479556784096,27.172127825682,13000.0,2140/22 Sk.,3530-020-02
BAYRAKLI,11,SOĞUKKUYU,38.476902651959,27.116981886954,5100.0,1847/13 Sk.,3530-021-02
KONAK,21,MİMAR SİNAN,38.431617188197,27.144726595666,12.6,DR. MUSTAFA ENVER BEY Cd.,3520-075-02
MENDERES,13,CÜNEYTBEY,38.246686048561,27.136873438117,8.3095,643 Sk.,3521-008-03
MENEMEN,17,YANIKKÖY,38.652385496213,27.080820223511,1.353,502 Sk.,3522-062-02
BAYRAKLI,11,KÖRFEZ,38.491650021321,27.132045072856,2000.0,7384/6 Sk.,3530-012-02
BAYRAKLI,11,ORG.NAFİZ GÜRMAN,38.481034924052,27.137345109544,1847.0,7171 Sk.,3530-017-02
ÇİĞLİ,16,KÖYİÇİ,38.498669840963,27.065934301546,2.003,8054/1,3510-020-02
ÇİĞLİ,16,KAKLIÇ,38.510524762835,26.986863152232,2.733,10324 Sk.,3510-019-02
BAYRAKLI,11,ORG.NAFİZ GÜRMAN,38.488610107935,27.143181554514,13472.0,7171 Sk.,3530-024-02
BAYRAKLI,11,ONUR,38.486493833997,27.136207849315,1629.0,7356/8 Sk.,3530-016-02
BAYRAKLI,11,ADALET,38.462841213169,27.180453389243,1916.0,1593/22 Sk.,3530-002-02
BAYINDIR,7,KURT,38.224811798354,27.649497370704,625.0,TOKLU SİVRİ Sk.,3504-056-01
ÇİĞLİ,16,KÜÇÜK ÇİĞLİ,38.503514495221,27.052812991921,937.0,8714 Sk.,3510-021-02
ÇİĞLİ,16,HARMANDALI GAZİ MUSTAFA KEMAL ATATÜRK,38.534077924652,27.050999775049,242.0,GAZİ Blv.,3510-016-02
ÇİĞLİ,16,ESENTEPE,38.515696097954,27.056407113212,4.797,8809 Sk.,3510-011-02
BAYINDIR,7,BIYIKLAR,38.222426519569,27.650825061217,363.15,DEMOKRASİ VE LAİKLİK Myd.,3504-024-02
ALİAĞA,3,YUKARI ŞEHİTKEMAL,38.730307476452,27.007173056004,422.5,GÖKTEPE,3502-029-02
BORNOVA,2,KOŞUKAVAK,38.42747123451,27.203407603665,1000.0,4246,3507-028-02
BORNOVA,2,NALDÖKEN,38.453362167471,27.268141238255,2400.0,1201,3507-034-02
BORNOVA,2,GÜRPINAR,38.427617303775,27.271631262992,3700.0,7048,3507-018-02
FOÇA,4,MAREŞAL FEVZİ ÇAKMAK,38.650609769241,26.903099708247,0.0,85. YIL CUMHURİYET,3512-010-02
SEFERİHİSAR,12,TURABİYE,38.197133121092,26.841950035137,12.0,32 Sk.,
SEFERİHİSAR,12,AKARCA,38.1701900925,26.814778117518,0.0,2132/1 Sk.,
SEFERİHİSAR,12,HIDIRLIK,38.193768831133,26.845340336069,13.8895,KOCAÇAY Cd.,YENİ EKLENEN
KEMALPAŞA,6,ARMUTLU HÜRRİYET,38.407030537352,27.535924874435,0.0,YARIŞ Sk.,
MENDERES,13,ŞAŞAL,38.182361819609,27.109206699316,6.925,7910 Sk.,
MENDERES,13,GÜMÜLDÜR FEVZİ ÇAKMAK,38.058917812567,27.015713620882,7.2235,6201 Sk.,
MENDERES,13,ALTINTEPE,38.242456141267,27.143203426638,7.916,DUMLUPINAR ŞEHİTLİK Sk.,
ALİAĞA,3,ŞAKRAN HASBİ EFENDİ,38.88259854083,27.069136178531,0.0,3331 Sk.,
ALİAĞA,3,YENİ,38.789086239608,26.979969421914,61326.0,623 Sk.,
MENDERES,13,ÇAMÖNÜ,38.109797036133,27.155294984885,2.542,12/1 Sk.,
ALİAĞA,3,ÖRNEKKENT,38.782983356641,26.985832712833,0.0,1042 Sk.,
MENDERES,13,DEVELİ,38.204599283167,27.168260560282,5.878,9121 Sk.,
BAYINDIR,7,NECATİ UZA,38.165052848264,27.487500898337,3.0,2 KümeEvleri,
KEMALPAŞA,6,YEŞİLYURT,38.427913386297,27.67393990507,1.426,YEŞİLYURT YOLU KümeEvleri,
BAYRAKLI,11,MANAVKUYU,38.464286138809,27.189100785674,31000.0,YÜZBAŞI İBRAHİM HAKKI Cd.,3530-013-20
BAYRAKLI,11,MANAVKUYU,38.466621474992,27.197619435226,20000.0,YÜZBAŞI İBRAHİM HAKKI Cd.,3530-013-21
MENEMEN,17,HAYKIRAN,38.64116565729,27.117319563113,2530.0,807 Sk.,3522-034-03
MENEMEN,17,VİLLAKENT,38.604135347669,26.915833081617,2.41,5130 Sk.,3522-060-03
BAYRAKLI,11,FUAT EDİP BAKSI,38.468805483559,27.157193378278,2624.0,ZEKİ YAVAŞ Sk.,3530-010-03
BAYRAKLI,11,TURAN,38.469170868687,27.141041195297,1713.0,7000 Sk.,3530-011-03
BAYRAKLI,11,ADALET,38.458875939221,27.17551815588,4340.0,1586/17 Sk.,3530-002-03
MENEMEN,17,UĞUR MUMCU,38.601320454905,27.088051511242,2.117,1295 Sk.,3522-058-05
BAYRAKLI,11,OSMANGAZİ,38.467226291141,27.193285005991,3450.0,574/8 Sk.,3530-018-04
BAYRAKLI,11,MANAVKUYU,38.46252199224,27.188864755421,5530.0,275/4 Sk.,3530-013-03
BAYRAKLI,11,TEPEKULE,38.465714204061,27.168351317512,10425.0,ŞEHİT HAKAN UYSAL Sk.,3530-022-03
BAYRAKLI,11,ORG.NAFİZ GÜRMAN,38.482664244669,27.139555236025,4520.0,7171 Sk.,3530-017-03
BAYRAKLI,11,POSTACILAR,38.480287422944,27.120168329666,5027.0,1844/16 Sk.,3530-019-03
KONAK,21,MİMAR SİNAN,38.435146952606,27.148202715269,12.6,1420/1 Sk.,3520-010-03
ÇİĞLİ,16,YAKAKENT,38.50261614045,27.076684535105,2.853,8186/1 Sk.,3510-026-03
KONAK,21,MURAT REİS,38.405710154648,27.112025310266,11.3,188 Sk.,3520-079-03
MENEMEN,17,UĞUR MUMCU,38.600163369771,27.088282182066,1.6,1265 Sk.,3522-058-03
URLA,18,HACI İSA,38.325618492582,26.764627477036,1.65,YAVUZ Sk.,3529-013-03
ÇİĞLİ,16,KÖYİÇİ,38.49400118373,27.062908792821,935.0,8072 Sk.,3510-020-03
BAYRAKLI,11,ORG.NAFİZ GÜRMAN,38.47355973721,27.130543073979,1240.0,1660 Sk.,3530-009-03
BAYRAKLI,11,R.ŞEVKET İNCE,38.475995604274,27.177642426015,635.0,2166 Sk.,3530-020-03
BAYRAKLI,11,ONUR,38.481589222463,27.127914508583,5930.0,7334 Sk.,3530-016-03
ÇİĞLİ,16,ÇAĞDAŞ,38.504511522841,27.059220755711,2.193,8823 Sk.,3510-009-03
ÇİĞLİ,16,ESENTEPE,38.511607804251,27.050645763886,751.0,8809 Sk.,3510-011-03
BAYRAKLI,11,MANSUROĞLU,38.454456775183,27.190146858508,1687.0,269/12,3530-014-03
URLA,18,ZEYTİNALANI,38.366726799238,26.841043155848,4.2725,4171,3529-035-03
BAYRAKLI,11,KÖRFEZ,38.495143261559,27.135928886286,590.0,7383/3 Sk.,3530-012-03
URLA,18,DENİZLİ,38.383123921734,26.744457264043,5.182,HARBİYE Cd.,3529-010-03
BAYRAKLI,11,SOĞUKKUYU,38.479388754532,27.121402141207,18560.0,1844/7 Sk.,3530-021-03
ÇİĞLİ,16,İZKENT,38.508514167666,27.066325885229,985.0,8843/2 Sk.,3510-018-03
ÇİĞLİ,16,MALTEPE,38.493169877846,27.077049329893,4.171,8114/1 Sk.,3510-022-03
MENEMEN,17,30 AĞUSTOS,38.558353205455,27.045823095473,4.2,7106 Sk.,3522-002-03
MENEMEN,17,FATİH,38.686951555842,27.029279089117,7.27,HANIMELİ Sk.,3522-024-03
BAYRAKLI,11,YAMANLAR,38.497343253194,27.146958071247,36000.0,7355 Sk.,3530-024-03
ÇİĞLİ,16,EVKA-5,38.516224948123,27.049004252177,1.661,8927 Sk.,3510-013-03
MENEMEN,17,KASIMPAŞA,38.609038053339,27.069919854622,4.93,DİYEM KAHYA Cd.,3522-042-03
MENEMEN,17,GAZİ MUSTAFA KEMAL,38.580448004707,26.97154769301,7126.0,4123 Sk.,3522-027-03
BERGAMA,999,GAZİOSMANPAŞA,39.107533775558,27.186556525217,20.9085,FATİH,3505-047-03
MENDERES,13,CÜNEYTBEY,38.2489925962,27.136967311096,8.3095,612 Sk.,
ALİAĞA,3,YENİ,38.786761382496,26.972094498936,61326.0,CENGİZ TOPEL Cd.,
ALİAĞA,3,ÖRNEKKENT,38.784934070135,26.976681057094,0.0,VUSLAT Cd.,
ALİAĞA,3,KAZIM DİRİK,38.800523293346,26.96728261525,11750.5,384 Sk.,
ALİAĞA,3,ATATÜRK,38.795182324007,26.96972878732,31810.5,354 Sk.,
ALİAĞA,3,ŞAKRAN HASBİ EFENDİ,38.88521882094,27.068068659964,0.0,3294 Sk.,
ALİAĞA,3,KÜLTÜR,38.804076765074,26.979778959583,14282.0,213 Sk.,
ALİAĞA,3,ŞAKRAN HASBİ EFENDİ,38.883166452843,27.071212197198,0.0,MUHTAR EMİR ALİ Cd.,
BAYRAKLI,11,EMEK,38.473576533378,27.127817963142,696.0,7243/1 Sk.,3530-009-04
BAYRAKLI,11,R.ŞEVKET İNCE,38.477809812716,27.175325005885,705.0,2165 Sk.,3530-020-04
BAYRAKLI,11,YAMANLAR,38.480027070752,27.128654797244,5680.0,7323/7 Sk.,3530-024-04
BAYRAKLI,11,ADALET,38.464302929485,27.178994272334,8130.0,1643/34 Sk.,3530-002-04
BAYRAKLI,11,SOĞUKKUYU,38.474399669214,27.11674585799,3037.0,1847/15 Sk.,3530-021-04
MENEMEN,17,UĞUR MUMCU,38.605751579854,27.08413818001,2.32,GAFFAR OKKAN Cd.,3522-058-04
BAYRAKLI,11,GÜMÜŞPALA,38.469987760429,27.135247651254,1644.0,7075 Sk.,3530-011-04
BAYRAKLI,11,MANSUROĞLU,38.45849160452,27.19699717948,8314.0,258 Sk.,3530-014-14
MENEMEN,17,VİLLAKENT,38.605533415215,26.91809148797,5.34,5104 Sk.,3522-060-04
URLA,18,HACI İSA,38.329532163043,26.765635975612,3.4,TUTKU Sk.,3529-013-01
ÇİĞLİ,16,KÖYİÇİ,38.498888151276,27.065333489338,1.487,8089/1 Sk.,3510-020-04
BAYRAKLI,11,POSTACILAR,38.483898785026,27.118902327164,3350.0,7651/1 Sk.,3530-019-04
ÇİĞLİ,16,ÇAĞDAŞ,38.504410771304,27.058668223572,1.14,8819 Sk.,3510-009-04
MENEMEN,17,30 AĞUSTOS,38.556058605779,27.045581701817,1.55,7123 Sk.,3522-002-04
MENEMEN,17,MERMERLİ,38.611339345474,27.071207304621,14.5,ŞEHİT AYCAN AKSOY Cd.,3522-048-04
ÇİĞLİ,16,YAKAKENT,38.502611939799,27.074238372642,2.083,8087/1 Sk.,3510-026-04
ÇİĞLİ,16,EVKA-2,38.499433945352,27.08386209622,2.673,6858 Sk.,3510-012-04
ÇİĞLİ,16,EVKA-5,38.518785245886,27.056804072865,1.874,8930 Sk.,3510-013-04
ÇİĞLİ,16,YENİ MAHALLE,38.497024079175,27.054797827882,1.439,1671/1 Sk.,3510-027-04
BAYRAKLI,11,ORG.NAFİZ GÜRMAN,38.481723609949,27.137795717251,1400.0,7171 Sk.,3530-017-04
MENEMEN,17,UĞUR MUMCU,38.601446226354,27.090342106203,2.2184999999999997,1311 Sk.,3522-023-04
BAYRAKLI,11,MANAVKUYU,38.460186535309,27.191890276068,3270.0,274/5 Sk.,3530-013-04
ÇİĞLİ,16,MALTEPE,38.49107893021,27.070107811045,2.523,8108 Sk.,3510-022-04
BAYRAKLI,11,OSMANGAZİ,38.468385509072,27.186096719619,18000.0,YAVUZ Cd.,3530-018-05
BAYRAKLI,11,KÖRFEZ,38.49260732146,27.134169370217,7495.0,7383/5 Sk.,3530-012-04
BAYRAKLI,11,TEPEKULE,38.463605674213,27.176344264181,1064.0,YÜZBAŞI İBRAHİM HAKKI Cd.,3530-002-05
ÇİĞLİ,16,AYDINLIKEVLER,38.49013002073,27.080654206094,1.501,6792/1 Sk.,3510-006-04
BAYRAKLI,11,MANSUROĞLU,38.458618603627,27.194933162178,4000.0,258,3530-014-04
ALİAĞA,3,ATATÜRK,38.796877673586,26.962167674154,31810.5,AYHAN BAYRAK Sk.,
MENDERES,13,BARBAROS,38.242479297657,27.127732522823,3.678,439 Sk.,
ALİAĞA,3,YENİ,38.792849325822,26.982512136972,61326.0,661 Sk.,
ALİAĞA,3,ÖRNEKKENT,38.781967197347,26.980524648999,0.0,1424 Sk.,
ALİAĞA,3,KAZIM DİRİK,38.802960562259,26.963154711487,11750.5,EGE Sk.,
ALİAĞA,3,KÜLTÜR,38.80083476267,26.978459324927,14282.0,226 Sk.,
MENDERES,13,ÇUKURALTI,38.017246717166,27.10272276769,4.241,2328 Sk.,
BAYRAKLI,11,MANAVKUYU,38.462488392379,27.192083390289,7170.0,248 Sk.,3530-013-05
BAYRAKLI,11,ADALET,38.46114423457,27.175990218498,1064.0,1643/10 Sk.,3530-002-05
ÇİĞLİ,16,ÇAĞDAŞ,38.503216440018,27.056798735227,535.0,8713 Sk.,3510-009-05
BAYRAKLI,11,YAMANLAR,38.481320472734,27.13294630814,8760.0,KUBİLAY Cd.,3530-024-05
BAYRAKLI,11,MANSUROĞLU,38.455431369698,27.189567502605,18148.0,273/8 Sk.,3530-014-05
BAYRAKLI,11,ORG.NAFİZ GÜRMAN,38.474097306225,27.132581541782,8686.0,7103 Sk.,3530-017-05
BAYRAKLI,11,OSMANGAZİ,38.474903703785,27.185023830377,11000.0,592 Sk.,3530-018-06
KEMALPAŞA,6,ULUCAK MUSTAFA KEMAL ATATÜRK,38.483705867987,27.355590004563,0.0,9217 Sk.,3517-024-06
SELÇUK,10,14 MAYIS,37.947614728105,27.374798072753,3.059,4005 Sk.,3526-001-05
ÇİĞLİ,16,BALATÇIK,38.51544005413,27.048883554721,1.183,8926 Sk.,3510-013-05
ÇİĞLİ,16,AYDINLIKEVLER,38.492220993185,27.085031545875,2.387,6796 Sk.,3510-006-05
BAYRAKLI,11,KÖRFEZ,38.491801171205,27.128933725599,6070.0,7368/5 Sk.,3530-012-05
ÇEŞME,1001,ÇİFTLİK,38.299340390739,26.283495290938,4.965,22 Sk.,3509-010-05
URLA,18,İSKELE,38.363214648087,26.769010117785,5.2545,NEYZEN TEVFİK Cd.,3529-015-05
BAYRAKLI,11,EMEK,38.472618976795,27.122217540196,672.0,7285 Sk.,3530-009-05
MENEMEN,17,VİLLAKENT,38.606707178181,26.914599267044,2.0,5119 Sk.,3522-060-05
MENEMEN,17,30 AĞUSTOS,38.554485484943,27.047013997047,4.3,7129 Sk.,3522-002-05
BAYRAKLI,11,ONUR,38.482328290726,27.12521085408,6400.0,7368/5 Sk.,3530-019-05
ALİAĞA,3,ATATÜRK,38.795583685032,26.960775616782,31810.5,SANAT Cd.,
ALİAĞA,3,KURTULUŞ,38.795955813701,26.98539280987,1677.5,689 Sk.,
ALİAĞA,3,YENİ,38.791122511698,26.981034250087,61326.0,632 Sk.,
ÇİĞLİ,16,SASALI MERKEZ,38.49505909903,26.954698288531,6.686,145 Sk.,3510-023-06
BAYRAKLI,11,MANSUROĞLU,38.453469560805,27.186955047319,9350.0,283/1 Sk.,3530-014-06
BAYRAKLI,11,ADALET,38.46107702496,27.174166325553,3238.0,1643/7 Sk.,3530-002-06
BAYRAKLI,11,OSMANGAZİ,38.473912575341,27.187448536943,4650.0,590 Sk.,3530-018-07
BAYRAKLI,11,POSTACILAR,38.480707363715,27.125403974922,3483.0,6067/10 Sk.,3530-019-06
BAYRAKLI,11,SOĞUKKUYU,38.470099037569,27.11442844824,4500.0,6063/2 Sk.,3530-021-06
BAYRAKLI,11,MANAVKUYU,38.464437347849,27.187663128537,21000.0,YÜZBAŞI İBRAHİM HAKKI Cd.,3530-013-06
BAYRAKLI,11,EMEK,38.472820569591,27.124234551002,2000.0,7267 Sk.,3530-009-06
MENEMEN,17,30 AĞUSTOS,38.554263144254,27.043924107958,2.3,7208 Sk.,3522-002-06
BAYRAKLI,11,YAMANLAR,38.480363024724,27.132796106806,1400.0,7349/5 Sk.,3530-024-06
BAYRAKLI,11,ORG.NAFİZ GÜRMAN,38.477994550766,27.136915963391,25000.0,7168 Sk.,3530-017-06
SELÇUK,10,CUMHURİYET,37.940013966848,27.37719852257,2.5780000000000003,5112,3526-006-07
ALİAĞA,3,YENİ,38.787376059301,26.977855854581,61326.0,600 Sk.,
BAYRAKLI,11,SOĞUKKUYU,38.4710062228,27.114342616435,5550.0,1845/1 Sk.,3530-021-07
BAYRAKLI,11,MANSUROĞLU,38.452095840794,27.183253619605,10196.0,İSLAM KERİMOV Cd.,3530-014-07
BAYRAKLI,11,MANAVKUYU,38.461530701269,27.19867086448,7715.0,243 Sk.,3530-013-07
BAYRAKLI,11,MANAVKUYU,38.458544096915,27.18206271388,3678.0,ŞEHİT PİLOT ÜSTEĞMEN TÜRKER AYDIN Sk.,3530-002-07
BAYRAKLI,11,OSMANGAZİ,38.47510108798,27.184610771909,7657.0,592/18 Sk.,3530-018-01
MENEMEN,17,30 AĞUSTOS,38.552253685135,27.042786860439,3.6,7207 Sk.,3522-002-07
BAYRAKLI,11,ORG.NAFİZ GÜRMAN,38.476583509441,27.140735412432,2000.0,7128 Sk.,3530-017-07
BAYRAKLI,11,YAMANLAR,38.476919456673,27.123140208203,5350.0,7303/6,3530-024-07
BAYRAKLI,11,POSTACILAR,38.485477650385,27.119406577268,937.0,7599/2 Sk.,3530-019-07
BAYRAKLI,11,MANSUROĞLU,38.454011480059,27.188612643333,21000.0,ALİJA İZETBEGOVİC Cd.,3530-014-08
BAYRAKLI,11,YAMANLAR,38.475928354142,27.12382685198,1467.0,7303/3 Sk.,3530-024-08
BAYRAKLI,11,SOĞUKKUYU,38.469259042405,27.115780276287,3330.0,6062/1 Sk.,3530-021-08
ÇİĞLİ,16,BALATÇIK,38.522327502784,27.032095679978,5.044,HAVAALANI ŞOSESİ,3510-007-08
BAYRAKLI,11,POSTACILAR,38.485200509568,27.117357380236,2175.0,7651/2 Sk.,3530-019-08
BAYRAKLI,11,ORG.NAFİZ GÜRMAN,38.478263321543,27.140134597752,2688.0,7020/3 Sk.,3530-017-08
BAYRAKLI,11,MANAVKUYU,38.459497647253,27.194872878816,2673.0,MUSTAFA KEMAL Cd.,3530-013-08
MENEMEN,17,30 AĞUSTOS,38.553873009376,27.049567448431,18.0,7127 Sk.,3522-002-08
BAYRAKLI,11,OSMANGAZİ,38.468956725905,27.196846958948,11000.0,567/8 Sk.,3530-018-03
BAYRAKLI,11,SOĞUKKUYU,38.470955825809,27.116145052014,4900.0,1845/2 Sk.,3530-021-09
BAYRAKLI,11,MANSUROĞLU,38.457491847285,27.197665047882,2766.0,261 Sk.,3530-014-09
BAYRAKLI,11,MANAVKUYU,38.459716071764,27.189959095973,16000.0,274/5 Sk.,3530-013-09
BAYRAKLI,11,MANSUROĞLU,38.459514451225,27.196482196193,16000.0,SAKARYA Cd.,3530-013-09
ÇİĞLİ,16,BALATÇIK,38.504396065069,27.046064586051,702.0,8786,3510-007-09
