{
  "metrics": {
    "train_rows": 1882,
    "test_rows": 472,
    "train_neighborhoods": 941,
    "test_neighborhoods": 236,
    "mae": 84.02816009521484,
    "rmse": 350.93048189776846,
    "r2": 0.9966220855712891
  },
  "matched_neighborhoods": 1177,
  "unmatched_neighborhoods": 122,
  "risk_neighborhoods_any_year": 216,
  "top_2027_extra_area_total": 479830.5
}